parameter,EXAMPLE 1,EXAMPLE 2,player_1,player_2
player,Florian Wirtz,Granit Xhaka,You,
team,Liverpool,Sunderland,,
secondary_team,,,,
season,2526,2526,"",
age,22,32,18,REQUIRED
position (DF/MF/FW - comma-separated if multiple),MF,MF,FW,REQUIRED
prev_mid_season_mv,140000000,,"",
pre_season_mv,140000000,12000000,"€4,000,000",REQUIRED
mid_season_mv,110000000,10000000,"€5,500,000",REQUIRED
Playing Time_MP,33,34,30,
Playing Time_Starts,27,32,16,
Playing Time_Min,2378,2904,1125,
Performance_Gls,5,1,12,
Performance_Ast,3,6,,
Performance_G-PK,5,1,,
Performance_PK,0,0,,
Performance_PKatt,0,,,
Standard_Sh,51,21,,
Standard_SoT,18,5,,
Performance_CrdY,1,8,,
Performance_CrdR,0,00,,
Performance_2CrdY,0,0,,
Performance_Fls,22,23,,
Performance_Fld,19,40,,
Performance_Off,2,0,,
Performance_Crs,32,99,,
Performance_Int,12,29,,
Performance_TklW,16,33,,
Performance_OG,0,0,,
KeyP,1.8,1,,
AvgP,43.1,53.1,,
PS%,84.5,83.7,,
LongB,1.2.,,,
ThrB,0.2,,,
Rating,6.8,,,
