Player,Club,Age,Apps,Mins,Assists,KeyP,AvgP,PS%,Crosses,LongB,ThrB,Rating
Aaron Ramsdale,Arsenal,28,34,3060,,,29.7,62.6,,4.7,,6.65
Ainsley Maitland-Niles,Arsenal,29,2(6),265,,0.4,16.9,77,0.1,0.5,0.1,6.35
Albert Sambi Lokonga,Arsenal,26,12(7),1133,,0.9,43.1,88.4,0.1,1.8,0.1,6.51
Alexandre Lacazette,Arsenal,35,20(10),1789,7,1,14.8,76.4,0.1,0.3,0.1,6.74
Ben White,Arsenal,28,32,2880,,0.4,56.6,84.6,,2.8,0.1,6.78
Bernd Leno,Arsenal,34,4,360,,,25.3,62.4,,5.5,,6.41
Bukayo Saka,Arsenal,25,36(2),2996,7,1.8,27.9,79.5,0.8,0.4,,7.06
Calum Chambers,Arsenal,31,2,171,,0.5,41,81.7,0.5,1.5,,6.13
Cédric Soares,Arsenal,35,16(5),1487,1,0.9,41.6,83.5,1,1.5,,6.53
Eddie Nketiah,Arsenal,27,8(13),825,1,0.6,10.7,77.7,,,,6.6
Emile Smith Rowe,Arsenal,26,21(12),1922,2,0.9,23.2,87.4,0.2,0.4,0.1,6.74
Folarin Balogun,Arsenal,25,1(1),70,,,4.5,44.4,,,,5.95
Gabriel Magalhães,Arsenal,28,35,3068,,0.3,58.2,89.5,,2.5,,6.74
Gabriel Martinelli,Arsenal,25,21(8),1866,6,1.2,18.1,79.7,0.4,0.5,,6.86
Granit Xhaka,Arsenal,33,27,2331,2,1.2,57.1,86.8,0.3,2,0.2,6.67
Kieran Tierney,Arsenal,29,22,1919,3,0.9,41.1,82.5,0.7,2,,6.77
Martin Ødegaard,Arsenal,27,32(4),2793,4,2.1,43.3,86,0.5,1.2,0.2,6.91
Mohamed Elneny,Arsenal,34,8(6),802,2,0.6,40.4,93.5,,1.3,,6.46
Nicolas Pépé,Arsenal,31,5(15),682,2,0.6,16,83.7,0.6,0.2,,6.44
Nuno Tavares,Arsenal,26,13(9),1171,1,0.5,26.6,82.1,0.4,0.6,,6.42
Pablo Marí,Arsenal,33,2,180,,0.5,46,85.9,,2,,6.65
Pierre-Emerick Aubameyang,Arsenal,37,12(2),1040,1,0.6,13.9,70.1,,0.2,0.1,6.74
Reiss Nelson,Arsenal,26,0(1),19,,1,12,66.7,,,,6.04
Rob Holding,Arsenal,30,9(6),840,,,31.7,86.8,,1.1,,6.48
Sead Kolašinac,Arsenal,33,1(1),91,,,7,92.9,,,,5.72
Takehiro Tomiyasu,Arsenal,27,20(1),1682,1,0.6,43.9,81.1,0.6,1.7,,6.83
Thomas Partey,Arsenal,33,23(1),2032,1,0.7,50.2,85.6,,3,,6.96
Anwar El Ghazi,Aston Villa,31,4(5),383,1,0.6,11.4,76.7,0.3,0.2,,6.33
Ashley Young,Aston Villa,41,10(14),1241,2,0.5,21.6,80,0.3,0.9,,6.43
Axel Tuanzebe,Aston Villa,28,6(3),506,,,26.7,86.3,,1.1,,6.18
Bertrand Traoré,Aston Villa,30,1(8),213,,,8.7,76.9,,0.2,,6.28
Calum Chambers,Aston Villa,31,9(2),829,,0.2,43.5,82.8,0.1,2.9,0.1,6.79
Cameron Archer,Aston Villa,24,0(3),24,,,1.3,100,,,,6.02
Carney Chukwuemeka,Aston Villa,22,2(10),295,1,0.2,10,81.7,,0.2,,6.2
Danny Ings,Aston Villa,34,22(8),1906,6,0.5,12,69.3,,0.3,,6.65
Douglas Luiz,Aston Villa,28,31(3),2720,3,1.1,42.7,86.8,0.6,1.6,0.1,6.77
Emi Buendía,Aston Villa,29,22(13),1902,6,1.4,24.3,81.6,0.1,0.8,0.3,6.75
Emiliano Martínez,Aston Villa,34,36,3240,,,26,70.4,,4.8,,6.63
Ezri Konsa,Aston Villa,28,29,2482,,0.1,34.7,86.4,,1.1,,6.43
Jacob Ramsey,Aston Villa,25,29(5),2477,1,0.6,29.8,87,0.1,0.7,,6.77
Jaden Philogene Bidace,Aston Villa,24,0(1),4,,,2,,,,,5.95
Jed Steer,Aston Villa,33,1,90,,,31,74.2,,4,,5.46
John McGinn,Aston Villa,31,35,3092,4,1.5,35.5,79.5,0.9,3.3,0.2,7.17
Keinan Davis,Aston Villa,28,0(1),11,,,3,100,,,,5.92
Kortney Hause,Aston Villa,31,4(3),397,,,31.7,78.8,,2.4,,6.58
Leon Bailey,Aston Villa,29,7(11),757,2,0.4,10.4,76.6,0.2,0.5,0.1,6.4
Lucas Digne,Aston Villa,33,16,1272,4,1.9,37.6,81.2,1.6,0.6,,6.94
Marvelous Nakamba,Aston Villa,32,10(6),905,,0.1,24,85.2,,0.8,,6.45
Matt Targett,Aston Villa,30,17,1434,1,1.2,37.8,73.7,0.9,1.9,,6.71
Matty Cash,Aston Villa,29,38,3380,3,0.7,32.1,72.4,0.5,1.4,,6.91
Morgan Sanson,Aston Villa,32,3(7),352,,0.1,15.3,78.4,0.2,0.3,,6.34
Ollie Watkins,Aston Villa,30,33(2),2955,2,1,19.3,70.9,,0.2,0.1,6.9
Philippe Coutinho,Aston Villa,34,16(3),1339,3,1.3,33.1,83.3,0.2,1.4,0.1,6.96
Robin Olsen,Aston Villa,36,1,90,,,39,46.2,,10,,6.14
Tim Iroegbunam,Aston Villa,23,1(2),91,,,9,81.5,,,,6.46
Trézéguet,Aston Villa,31,0(1),10,,,6,100,,1,,6.03
Tyrone Mings,Aston Villa,33,35(1),3188,3,0.3,46.1,79.6,,2.8,0.1,6.74
Wesley Moraes,Aston Villa,29,0(1),1,,,2,100,,,,6
Álvaro Fernández,Brentford,28,12,1080,,,38,60.5,,6.7,,6.46
Bryan Mbeumo,Brentford,27,34(1),2916,7,1,20.9,69,0.5,0.7,,6.74
Charlie Goode,Brentford,31,4(2),448,,1.2,38.3,70,0.3,2.7,,6.55
Christian Eriksen,Brentford,34,10(1),938,4,2.7,49.5,80.9,3,5.5,0.1,7.37
Christian Nørgaard,Brentford,32,35,3059,4,0.8,47.6,79.9,0.1,2.1,0.1,7
David Raya,Brentford,30,24,2160,,,40,64.5,,10.8,,6.8
Dominic Thompson,Brentford,26,2,148,,,18.5,54.1,,0.5,,6.01
Ethan Pinnock,Brentford,33,32,2698,1,0.3,44.3,75.4,0.1,2,,6.97
Finley Stevens,Brentford,23,0(1),14,,1,6,83.3,,,,6.46
Frank Onyeka,Brentford,28,12(8),1051,,0.2,15.7,80.2,0.1,0.6,,6.37
Ivan Toney,Brentford,30,32(1),2908,5,1.3,22.2,58.9,0.1,0.4,0.3,7.28
Jonas Lössl,Brentford,37,2,180,,,27.5,65.5,,6,,5.55
Josh Dasilva,Brentford,27,2(7),252,,0.3,9.7,82.8,0.1,0.1,,6.14
Kristoffer Ajer,Brentford,28,23(1),1987,3,0.3,30.1,69.7,0.1,1.3,0.1,6.73
Mads Bech Sørensen,Brentford,27,9(2),834,,0.6,39.2,81.4,0.3,1.7,,6.27
Mads Bidstrup,Brentford,25,0(4),38,,,3.3,76.9,,,,6.06
Mads Roerslev,Brentford,27,12(9),1235,1,0.3,14.1,67,0.4,0.5,,6.27
Marcus Forss,Brentford,27,1(6),203,1,0.1,5.1,61.1,,0.4,,6.15
Mathias Jensen,Brentford,30,19(12),1602,1,1.1,22.8,76.2,1,2.2,0.1,6.42
Mathias Jørgensen,Brentford,36,6(2),517,,0.4,33.6,80.7,0.3,1.9,,6.47
Nathan Young-Coombes,Brentford,23,0(1),3,,,,,,,,5.98
Pontus Jansson,Brentford,35,37,3322,1,0.1,40.2,80.9,,1,,6.76
Rico Henry,Brentford,29,33(1),2784,,0.5,30.1,74.4,0.6,1,,6.54
Saman Ghoddos,Brentford,32,4(13),528,1,0.4,11.2,71.6,0.2,0.5,0.1,6.46
Sergi Canós,Brentford,29,25(6),2094,2,0.5,21.5,62.9,0.5,0.9,0.1,6.49
Shandon Baptiste,Brentford,28,9(13),905,,0.4,13.5,85.2,,0.4,,6.32
Tariqe Fosu,Brentford,30,0(1),16,,,6,83.3,1,,,6.38
Vitaly Janelt,Brentford,28,27(4),2309,,0.7,30.6,77.9,0.2,1.7,0.1,6.73
Yoane Wissa,Brentford,30,12(18),1275,1,0.3,9.1,68.1,,0.2,,6.52
Aaron Connolly,Brighton,26,1(3),155,,0.3,4.8,73.7,,,,6.1
Adam Lallana,Brighton,38,18(6),1561,1,0.3,39.9,87.1,,0.8,,6.5
Adam Webster,Brighton,31,16(6),1432,,,52.4,81,,3,,6.72
Alexis Mac Allister,Brighton,27,22(11),2118,2,0.9,30.2,84.4,0.5,1.5,0.1,6.75
Dan Burn,Brighton,34,12(1),1023,,0.2,48.9,81.8,,1.9,,6.8
Danny Welbeck,Brighton,35,15(10),1477,2,0.7,10.9,77.7,,0.1,,6.69
Enock Mwepu,Brighton,28,12(6),997,4,0.5,21.4,74.5,0.1,0.3,0.1,6.66
Evan Ferguson,Brighton,21,0(1),22,,,5,80,1,,,5.93
Jakub Moder,Brighton,27,19(9),1702,3,0.6,27.1,74.6,0.3,0.4,0.1,6.45
Jason Steele,Brighton,36,1,90,,,36,88.9,,3,,6.92
Jeremy Sarmiento,Brighton,24,1(4),45,,,3.6,72.2,,,,6
Joël Veltman,Brighton,34,33(1),2881,1,0.5,46.6,79.7,0.2,1.9,0.1,6.8
Jürgen Locadia,Brighton,32,0(1),22,,,1,100,,,,6.04
Leandro Trossard,Brighton,31,32(2),2812,3,1.4,32.9,77.9,0.4,2.1,0.1,6.9
Lewis Dunk,Brighton,34,29,2574,,0.1,67.1,88.4,,4.7,,6.73
Marc Cucurella,Brighton,28,35,3092,1,1.2,54.3,82,0.8,1.5,,6.94
Moisés Caicedo,Brighton,24,8,664,1,0.5,34.3,82.1,,1.1,,7.07
Neal Maupay,Brighton,30,25(7),2276,2,0.7,18.8,77.8,0.1,0.3,0.1,6.49
Pascal Groß,Brighton,35,24(5),2043,4,2.1,38.3,82.8,2,2.1,0.1,6.79
Robert Sánchez,Brighton,28,37,3330,,0.1,36,67.4,,5.5,,6.63
Shane Duffy,Brighton,34,15(3),1434,,0.2,57.2,87.4,0.1,3.6,,6.88
Solly March,Brighton,32,17(14),1739,2,1.1,20.6,77.4,0.8,1.3,,6.59
Steven Alzate,Brighton,27,5(4),407,,0.2,25.8,87.5,,1.3,,6.42
Tariq Lamptey,Brighton,25,16(14),1558,2,0.7,20.5,85.8,0.6,0.2,,6.54
Taylor Richards,Brighton,25,0(2),23,,0.5,13.5,77.8,,1,,6.14
Yves Bissouma,Brighton,30,25(1),2117,2,0.3,45.7,89.2,,1.7,,6.99
Aaron Lennon,Burnley,39,17(11),1548,,0.3,12,73.5,0.1,0.3,,6.28
Ashley Barnes,Burnley,36,8(15),803,,0.3,8.3,63.7,,0.1,,6.19
Ashley Westwood,Burnley,36,26(1),2290,3,1.2,41.2,75.2,1.1,2.9,0.1,6.42
Ben Mee,Burnley,36,21,1840,,0.2,35.8,70.4,,4.2,,6.91
Charlie Taylor,Burnley,32,30(1),2731,3,0.7,31.6,71.1,0.6,2.4,,6.82
Chris Wood,Burnley,34,17,1378,,0.5,17.9,58.6,,0.2,,6.66
Connor Roberts,Burnley,30,19(2),1693,1,0.6,30.8,72.9,0.3,1.1,,6.61
Dale Stephens,Burnley,37,1(2),123,,0.3,19,80.7,,1.3,,6.17
Dwight McNeil,Burnley,26,35(3),3114,1,1.2,24.7,77.7,1.1,1.6,0.1,6.96
Erik Pieters,Burnley,38,8(4),727,1,0.2,21.2,67.7,0.2,1.2,0.1,6.71
Jack Cork,Burnley,37,20,1676,,0.3,28.3,74.2,0.2,1.3,,6.38
James Tarkowski,Burnley,33,35,3107,2,0.3,33.7,68.8,,4,,6.97
Jay Rodriguez,Burnley,37,13(16),1375,2,0.4,10.4,59.9,0.1,0.1,,6.44
Jóhann Berg Guðmundsson,Burnley,35,13(5),1105,1,0.4,16.3,67.6,0.6,0.3,,6.44
Josh Brownhill,Burnley,30,32(3),2953,3,1.1,32.1,77.4,0.5,1.7,,6.86
Kevin Long,Burnley,36,4(2),408,,,17,77.5,,1.3,,6.22
Matěj Vydra,Burnley,34,5(17),668,3,0.3,4.6,73.5,,,,6.33
Matthew Lowton,Burnley,37,20(5),1772,2,0.7,25.9,67.4,0.4,2.5,,6.59
Maxwel Cornet,Burnley,29,21(5),1778,1,0.6,14.5,70.6,0.4,0.2,,6.69
Nathan Collins,Burnley,25,18(1),1670,,0.3,33.2,69.2,0.1,2.4,0.1,6.89
Nick Pope,Burnley,34,36,3240,,0.1,25.8,44.5,,9.2,,6.81
Wayne Hennessey,Burnley,39,2,180,,1.5,35.5,47.9,,14.5,,6.44
Wout Weghorst,Burnley,34,17(3),1457,3,0.7,21.3,64.3,0.1,0.2,,6.62
Andreas Christensen,Chelsea,30,17(2),1496,,0.3,69.5,90,0.1,3.2,0.1,6.89
Antonio Rüdiger,Chelsea,33,34,3035,,0.4,73.4,88.1,0.1,4.7,0.1,6.85
Ben Chilwell,Chelsea,29,6(1),541,1,1.4,38.6,83,1,0.7,,7.42
Callum Hudson-Odoi,Chelsea,25,11(4),966,2,1.7,23.6,85.3,0.3,0.6,,6.77
César Azpilicueta,Chelsea,37,24(3),2075,2,0.6,59.4,85.7,0.2,1.7,,6.81
Christian Pulisic,Chelsea,27,13(9),1286,2,0.7,19.9,80.3,0.1,0.3,,6.67
Édouard Mendy,Chelsea,34,34,3060,,,23.6,82,,3.5,,6.65
Emerson Palmieri,Chelsea,32,0(1),4,,,2,50,,,,6.03
Hakim Ziyech,Chelsea,33,14(9),1317,3,1.3,27.5,81.2,0.8,1,,6.92
Jorginho,Chelsea,34,26(3),2279,2,0.9,64.9,89.3,,2.1,0.1,6.96
Kai Havertz,Chelsea,27,22(7),1816,3,0.7,22.6,81.3,0.1,0.3,0.1,6.85
Kenedy,Chelsea,30,1,59,1,2,46,73.9,,2,,7.46
Kepa Arrizabalaga,Chelsea,31,4,360,,,27.3,78.9,,3.5,,7.02
Malang Sarr,Chelsea,27,6(2),546,,0.4,58.4,88.2,0.1,1.8,0.1,6.76
Marcos Alonso,Chelsea,35,25(3),2173,4,1.5,40.5,81.1,1.1,1.5,,7.09
Mason Mount,Chelsea,27,27(5),2365,10,1.8,34.8,85.4,1.3,0.7,0.2,7.19
Mateo Kovačić,Chelsea,32,16(9),1557,5,1.1,47.7,88.8,,2.2,0.2,7.04
N'Golo Kanté,Chelsea,35,21(5),1778,4,0.9,49.7,86.7,,1.3,0.2,7
Reece James,Chelsea,26,22(4),1868,9,1.8,53,89.6,0.9,1.7,,7.24
Romelu Lukaku,Chelsea,33,16(10),1586,,0.9,12.2,72.9,,0.2,,6.83
Ross Barkley,Chelsea,32,1(5),176,,1.3,20.2,85.1,0.5,0.7,0.2,6.82
Ruben Loftus-Cheek,Chelsea,30,13(11),1388,2,0.8,40,89.7,0.1,0.6,,6.87
Saúl Ñíguez,Chelsea,31,5(5),480,,0.3,32.5,88.9,0.2,1.3,,6.49
Thiago Silva,Chelsea,41,28(4),2651,,0.2,81.9,92.8,,5.3,,7.06
Timo Werner,Chelsea,30,15(6),1286,1,0.4,17.7,78.2,,0.2,,6.53
Trevoh Chalobah,Chelsea,27,17(3),1451,1,0.2,63.5,90.6,,2.2,0.1,7.03
Cheikhou Kouyaté,Crystal Palace,36,23(4),1978,1,0.2,29.6,82,,1.1,,6.73
Christian Benteke,Crystal Palace,35,11(14),1136,1,0.5,11.9,64.4,,0.3,,6.66
Conor Gallagher,Crystal Palace,26,33(1),2851,3,1.1,30.9,81.2,1.1,1.4,,7.08
Eberechi Eze,Crystal Palace,28,6(7),603,1,0.8,21,82.4,0.6,0.8,,6.53
Jack Butland,Crystal Palace,33,8(1),765,,,27.4,70.4,,3.4,,6.45
Jaïro Riedewald,Crystal Palace,29,1(2),117,,0.7,17.7,84.9,0.3,0.3,,6.12
James McArthur,Crystal Palace,38,15(6),1438,3,0.8,43.3,83.1,0.3,1.9,,6.84
James Tomkins,Crystal Palace,37,6(2),546,,0.3,39.9,86.5,,3.3,,6.42
Jean-Philippe Mateta,Crystal Palace,29,13(9),1152,1,0.3,10.5,67.8,0.1,,,6.64
Jeffrey Schlupp,Crystal Palace,33,20(12),1846,1,0.6,20,76.3,0.1,0.6,0.1,6.72
Jesurun Rak Sakyi,Crystal Palace,23,1(1),81,,,12,87.5,0.5,,,6.15
Joachim Andersen,Crystal Palace,30,32(2),2915,3,0.6,68.6,81.6,0.1,7.4,0.1,6.66
Joel Ward,Crystal Palace,36,27(1),2486,,0.3,51.6,79.2,0.1,2.4,,6.72
Jordan Ayew,Crystal Palace,34,23(8),2024,3,0.7,21.6,83.6,0.3,0.3,0.2,6.67
Luka Milivojević,Crystal Palace,35,9(6),776,,0.7,30,85.6,1,1.5,0.1,6.44
Marc Guéhi,Crystal Palace,26,36,3223,1,0.2,65.2,87.4,,4.4,,6.76
Michael Olise,Crystal Palace,24,12(14),1138,5,0.9,21,81.4,0.7,1.1,0.1,6.66
Nathan Ferguson,Crystal Palace,25,0(1),8,,,3,33.3,,,,5.98
Nathaniel Clyne,Crystal Palace,35,15(1),1351,1,0.4,34.9,79.2,0.2,0.9,0.1,6.55
Odsonne Édouard,Crystal Palace,28,18(10),1567,3,0.8,14.8,73.7,,0.1,,6.66
Tyrick Mitchell,Crystal Palace,27,35(1),3103,2,0.6,41.5,71.9,0.6,1.8,,6.75
Vicente Guaita,Crystal Palace,39,30,2656,,,26.6,74.9,,4.5,,6.68
Wilfried Zaha,Crystal Palace,33,31(2),2761,1,1.4,27.5,79.9,0.4,0.4,0.1,6.99
Will Hughes,Crystal Palace,31,13(3),1058,1,0.6,31.3,85.6,0.4,1.3,,6.53
Abdoulaye Doucouré,Everton,33,29(1),2538,4,0.6,36.1,79.6,,1,0.1,6.72
Alex Iwobi,Everton,30,22(6),2037,2,1.3,24.9,79.6,0.4,1,0.1,6.58
Allan,Everton,35,25(3),2188,2,0.5,34.2,80,0.1,1.4,,6.5
André Gomes,Everton,33,7(7),619,1,0.3,19.7,77.2,0.4,0.9,,6.17
Andros Townsend,Everton,35,17(4),1459,2,1.5,18.7,78.1,1.3,0.3,,6.71
Anthony Gordon,Everton,25,25(10),2285,2,1,17.5,74.2,0.7,0.2,,6.7
Anwar El Ghazi,Everton,31,0(2),11,,,4.5,77.8,,,,6.05
Asmir Begović,Everton,39,3,270,,,26.7,43.8,,6.7,,6.74
Ben Godfrey,Everton,28,23,2031,,0.5,30.7,76.6,0.2,1,,6.51
Cenk Tosun,Everton,35,0(1),6,,,1,100,,,,5.96
Dele Alli,Everton,30,1(10),332,,0.6,13.5,73,0.1,0.5,0.2,6.26
Demarai Gray,Everton,30,28(6),2352,4,1.2,18.6,81.5,1,0.8,,6.78
Dominic Calvert-Lewin,Everton,29,15(2),1286,2,0.6,16.3,60.3,,0.1,,6.92
Donny van de Beek,Everton,29,5(2),484,,0.3,34.6,84.7,,0.3,,6.47
Ellis Simms,Everton,25,1,62,,,12,58.3,,,,6.21
Fabian Delph,Everton,36,8(3),666,,0.4,27.8,84.3,,2.5,,6.61
Isaac Price,Everton,22,0(1),12,,,2,50,,,,5.7
Jarrad Branthwaite,Everton,24,4(2),388,,,19.2,75.7,,0.8,,6.15
Jean-Philippe Gbamin,Everton,30,1(2),67,,,7.3,72.7,,,,6.07
Jonjoe Kenny,Everton,29,11(4),1017,1,0.7,24.1,73.7,0.7,1.2,,6.27
Jordan Pickford,Everton,32,35,3150,,0.1,29.2,48.1,,8.2,,6.6
Lewis Dobbin,Everton,23,0(3),30,,,2.7,62.5,,0.3,,5.99
Lucas Digne,Everton,33,13,1170,,1.7,39.1,76,1.2,1,,6.8
Mason Holgate,Everton,29,23(2),2134,1,0.1,33.7,68.4,,3,,6.53
Michael Keane,Everton,33,31(1),2793,2,0.3,37.8,76.5,,3.9,,6.72
Moise Kean,Everton,26,0(1),1,,,1,100,,,,6
Richarlison,Everton,29,28(2),2528,5,1,17.5,63.4,0.2,0.3,0.1,6.96
Salomón Rondón,Everton,36,8(12),783,1,0.4,9.3,62.4,0.1,0.2,,6.19
Séamus Coleman,Everton,37,30,2658,,0.4,31.7,74.2,0.4,1.8,,6.61
Tom Davies,Everton,28,2(4),233,,,13.5,74.1,,0.2,,6.22
Tyler Onyango,Everton,23,0(3),27,,,0.7,50,,,,6.02
Vitaliy Mykolenko,Everton,27,12(1),1056,,0.6,24.6,73.4,0.6,1,0.1,6.69
Yerry Mina,Everton,31,11(2),847,,0.1,27.4,80.1,0.1,1.7,,6.61
Adam Forshaw,Leeds United,34,17(5),1530,1,0.6,37.5,83.5,,2.4,,6.33
Charlie Cresswell,Leeds United,24,1(4),131,,,20.8,72.1,,0.8,,6.19
Cody Drameh,Leeds United,24,1(2),126,,0.3,18.3,74.5,0.3,0.7,,6.03
Crysencio Summerville,Leeds United,24,0(6),126,,0.3,11,75.8,,0.2,,6.23
Daniel James,Leeds United,28,29(3),2368,4,0.8,13.8,71.7,0.2,0.3,,6.44
Diego Llorente,Leeds United,33,28,2344,,0.1,48.5,81.4,,3.1,,6.58
Hélder Costa,Leeds United,32,0(1),20,,,5,100,,,,6
Illan Meslier,Leeds United,26,38,3385,,,29.3,69,,4,,6.61
Jack Harrison,Leeds United,29,32(3),2652,1,1.2,24.9,70.5,0.5,0.6,0.1,6.67
Jamie Shackleton,Leeds United,26,7(7),709,,0.1,24.7,86.4,,0.2,,6.45
Joe Gelhardt,Leeds United,24,5(15),738,2,0.5,8,65,0.1,0.1,0.1,6.28
Junior Firpo,Leeds United,30,19(5),1716,2,0.9,32.4,81.4,0.3,0.9,,6.49
Kalvin Phillips,Leeds United,30,18(2),1596,1,0.5,47.4,82,0.2,3.5,,6.56
Kristoffer Klaesson,Leeds United,25,0(1),35,,,9,77.8,,1,,7.27
Leo Fuhr Hjelde,Leeds United,23,0(2),148,,0.5,40,68.8,,1.5,,6.7
Lewis Bate,Leeds United,23,1(2),147,,,20.3,73.8,,1,,5.82
Liam Cooper,Leeds United,35,21,1815,1,0.2,56,83.1,,2.8,,6.85
Liam McCarron,Leeds United,25,0(1),9,,,2,100,,,,5.91
Luke Ayling,Leeds United,35,26,2275,2,0.5,54.5,77.4,0.2,4.1,0.1,6.48
Mateusz Klich,Leeds United,36,26(7),2095,2,0.9,29.6,79.9,0.2,0.8,0.1,6.37
Pascal Struijk,Leeds United,27,22(7),2053,,0.4,43.2,85.2,,2.1,,6.36
Patrick Bamford,Leeds United,33,7(2),560,2,0.6,11.6,81.7,0.2,0.2,,6.48
Raphinha,Leeds United,29,34(1),2923,3,1.9,30.7,69.3,0.9,1.6,0.1,6.97
Robin Koch,Leeds United,30,17(3),1575,,0.3,34.9,77.4,,1.6,,6.35
Rodrigo,Leeds United,35,27(4),2275,1,1.2,28.1,75.5,0.4,1.3,0.2,6.57
Sam Greenwood,Leeds United,24,1(6),232,2,0.6,10.4,74,,0.1,,6.34
Stuart Dallas,Leeds United,35,34,2929,1,0.9,39.8,78.8,0.7,1.6,0.1,6.78
Stuart McKinstry,Leeds United,23,0(1),3,,,3,66.7,,,,5.99
Tyler Roberts,Leeds United,27,7(16),979,1,0.7,12.2,73.9,0.1,0.4,,6.32
Ademola Lookman,Leicester City,28,16(10),1459,,0.9,19.5,78.3,0.1,0.1,0.1,6.64
Ayoze Pérez,Leicester City,33,6(8),444,3,0.8,10.7,80.7,0.1,0.1,,6.35
Boubakary Soumaré,Leicester City,27,12(7),1102,1,0.3,28.2,82.5,0.1,0.7,,6.42
Çağlar Söyüncü,Leicester City,30,28,2498,,0.1,68.6,84.6,0.1,3.1,,6.74
Daniel Amartey,Leicester City,31,23(5),2120,,0.1,54.8,90.7,,1.8,,6.46
Danny Ward,Leicester City,33,1,90,,,25,88,,2,,7.25
Hamza Choudhury,Leicester City,28,4(2),287,,,24.8,82.6,,1.2,,6.6
Harvey Barnes,Leicester City,28,24(8),2107,10,0.9,22,76.4,0.2,0.3,0.1,6.79
James Justin,Leicester City,28,11(2),997,,0.7,42.9,80.6,0.2,1.2,,6.7
James Maddison,Leicester City,29,28(7),2468,8,1.4,27.3,80.7,0.6,1.5,0.1,7.07
Jamie Vardy,Leicester City,39,20(5),1806,2,0.7,10,72.5,0.1,0.3,0.1,6.95
Jannik Vestergaard,Leicester City,34,6(4),564,,0.1,37.7,88.9,,2.5,,6.44
Jonny Evans,Leicester City,38,16(2),1350,1,0.2,55.9,83.2,,3.4,0.1,6.76
Kasey McAteer,Leicester City,24,0(1),2,,,1,100,,,,6.01
Kasper Schmeichel,Leicester City,39,37,3330,,,30.4,69.7,,7.1,,6.74
Kelechi Iheanacho,Leicester City,29,13(13),1263,5,0.7,13.4,77.4,0.1,0.2,0.2,6.52
Kiernan Dewsbury-Hall,Leicester City,27,23(5),2106,2,1.3,41,81.2,0.3,1.1,0.1,6.68
Lewis Brunt,Leicester City,25,0(1),23,,,21,100,,1,,6.12
Luke Thomas,Leicester City,25,21(1),1912,1,0.5,46.4,80.3,0.2,1.1,0.1,6.74
Marc Albrighton,Leicester City,36,11(6),1128,2,0.6,25.1,67.2,0.9,0.8,,6.54
Nampalys Mendy,Leicester City,34,12(2),1035,,0.1,46.1,91.9,,1.3,,6.32
Patson Daka,Leicester City,27,13(10),1163,3,0.6,9.6,74.5,,0.1,,6.45
Ricardo Pereira,Leicester City,32,13(1),994,3,0.7,38.4,79,0.1,0.8,,6.91
Ryan Bertrand,Leicester City,37,4,338,,,36.3,81.4,0.5,0.8,,6.1
Timothy Castagne,Leicester City,30,22(5),2126,,0.6,40.8,82,0.4,1.3,,6.71
Wesley Fofana,Leicester City,25,7,630,,0.3,75.3,89,,2.3,,6.87
Wilfred Ndidi,Leicester City,29,18(1),1619,,0.1,48.9,80.2,,1.5,,6.95
Youri Tielemans,Leicester City,29,29(3),2634,4,1.2,53.4,83.5,0.4,2.3,0.1,6.9
Alex Oxlade-Chamberlain,Liverpool,33,9(8),787,1,0.6,22.2,82.3,0.2,1.4,,6.56
Alisson,Liverpool,33,36,3240,1,,32.7,85.5,,4.2,,6.87
Andy Robertson,Liverpool,32,29,2541,10,1.9,66.5,85.2,1.6,2,,7.23
Caoimhín Kelleher,Liverpool,27,2,180,,,39,89.7,,2,,7.02
Curtis Jones,Liverpool,25,10(5),856,1,0.7,39.1,90.5,0.1,1,,6.86
Diogo Jota,Liverpool,29,27(8),2373,4,1.1,21.3,74.9,0.1,0.3,0.1,7.08
Divock Origi,Liverpool,31,0(7),127,,,5.3,75.7,,0.1,,6.6
Fabinho,Liverpool,32,26(3),2316,1,0.6,53.2,87.5,,2.1,0.1,7
Harvey Elliott,Liverpool,23,4(2),346,,1.5,40.2,84.2,0.5,1,,6.57
Ibrahima Konaté,Liverpool,27,11,990,,,68.2,88.1,,2.1,,6.89
James Milner,Liverpool,40,9(15),851,1,0.9,29.3,86,0.5,1.1,0.1,6.6
Joe Gomez,Liverpool,29,4(4),331,1,0.4,29.9,83.3,0.5,1.1,,6.56
Joël Matip,Liverpool,35,31,2790,3,0.4,74.8,88.5,,3.5,0.1,7.35
Jordan Henderson,Liverpool,36,29(6),2604,5,1.1,61.6,85.5,0.5,2.8,0.1,6.86
Kaide Gordon,Liverpool,21,0(1),8,,,4,100,,,,6.08
Kostas Tsimikas,Liverpool,30,9(4),874,2,1.9,39.4,81.3,2,0.8,,7.03
Luis Díaz,Liverpool,29,11(2),964,3,1.5,33.8,87.7,0.4,0.5,,7.44
Mohamed Salah,Liverpool,34,30(5),2763,13,1.8,30.8,79.9,0.2,0.5,0.3,7.54
Naby Keïta,Liverpool,31,14(9),1175,1,0.7,32.3,86,,0.6,,6.79
Neco Williams,Liverpool,25,0(1),7,1,1,8,100,,,,6.9
Roberto Firmino,Liverpool,34,10(10),987,4,0.8,24.3,78.8,0.1,0.5,0.1,6.85
Sadio Mané,Liverpool,34,32(2),2825,2,1.2,30.5,77.3,0.3,0.7,0.1,7.29
Takumi Minamino,Liverpool,31,1(10),179,,0.2,6.2,85.3,,0.2,0.1,6.38
Thiago Alcántara,Liverpool,35,17(8),1538,4,1.2,59.9,89.1,,4,,7.1
Trent Alexander-Arnold,Liverpool,27,32,2854,12,2.8,67.3,78.1,2.6,6.3,0.3,7.51
Tyler Morton,Liverpool,23,1(1),66,,,17.5,85.7,,0.5,,6.13
Virgil van Dijk,Liverpool,35,34,3060,1,0.3,77.8,89.5,,4.9,,7.18
Aymeric Laporte,Manchester City,32,33,2836,,0.3,88.5,94.8,0.1,4.3,0.1,6.91
Benjamin Mendy,Manchester City,32,1,79,,2,77,92.2,1,1,,6.6
Bernardo Silva,Manchester City,32,33(2),2861,4,1.7,53.9,89.6,0.2,1.2,0.1,7.28
CJ Egan-Riley,Manchester City,23,0(1),3,,,1,100,,,,6.38
Cole Palmer,Manchester City,24,1(3),122,,0.5,12.8,90.2,,0.3,0.3,6.43
Ederson Moraes,Manchester City,33,37,3330,,,25.9,88.8,,4,,6.7
Fernandinho,Manchester City,41,10(9),960,1,0.5,44.1,88.8,0.1,1.8,0.1,6.7
Ferran Torres,Manchester City,26,4,305,1,0.3,17.5,77.1,,,,7.23
Gabriel Jesus,Manchester City,29,21(7),1880,8,1.4,26.4,84.8,0.1,0.4,0.1,7.2
İlkay Gündoğan,Manchester City,35,20(7),1856,4,1.4,47,91.2,0.6,2.3,0.2,7.24
Jack Grealish,Manchester City,30,22(4),1917,3,2,35.7,88.4,0.3,0.5,0.1,7.17
James Mcatee,Manchester City,23,0(2),19,,,6.5,69.2,,,,6.13
João Cancelo,Manchester City,32,36,3228,7,1.1,82,85.3,0.6,3.9,0.1,7.43
John Stones,Manchester City,32,12(2),1118,,0.3,69.6,91.5,,3.8,,7.1
Kayky Chagas,Manchester City,23,0(1),6,,,2,100,,,,6.09
Kevin De Bruyne,Manchester City,35,25(5),2205,8,2.9,45.3,82.5,1,2.4,0.3,7.64
Kyle Walker,Manchester City,36,20,1756,2,0.6,75,90.3,0.3,3.8,0.1,6.73
Liam Delap,Manchester City,23,0(1),9,,,1,100,,,,6.49
Nathan Aké,Manchester City,31,10(4),921,,0.1,60.7,90.8,,1,,6.92
Oleksandr Zinchenko,Manchester City,29,10(5),1045,4,1.1,64.7,90.7,0.3,1.6,0.1,7.05
Phil Foden,Manchester City,26,24(4),2133,5,1.4,34.3,87.4,1.3,0.7,0.1,7.3
Raheem Sterling,Manchester City,31,23(7),2127,5,1.4,27.3,85.4,0.3,0.2,,7.2
Riyad Mahrez,Manchester City,35,15(13),1493,5,1.4,29.5,90,0.6,1,0.2,7
Rodri,Manchester City,30,33,2887,2,0.9,86.8,91.8,0.1,5.5,0.1,7.44
Rúben Dias,Manchester City,29,27(2),2404,4,0.5,78.2,93.4,,3.4,,6.96
Zack Steffen,Manchester City,31,1,90,,,33,84.8,,2,,7.16
Aaron Wan-Bissaka,Manchester Utd,28,20,1794,,0.7,46.9,81,0.4,0.9,,6.91
Alejandro Garnacho,Manchester Utd,22,0(2),12,,,1.5,100,,,,5.98
Alex Telles,Manchester Utd,33,18(3),1660,4,1.2,44.5,80.3,1.4,1.1,,6.89
Anthony Elanga,Manchester Utd,24,14(7),1217,2,0.4,19.7,78.2,0.2,0.2,,6.56
Anthony Martial,Manchester Utd,30,2(6),210,,,10.3,81.7,,,0.1,6.31
Bruno Fernandes,Manchester Utd,31,35(1),3120,6,2.5,52.8,78.3,1.1,3.3,0.3,7.03
Cristiano Ronaldo,Manchester Utd,41,27(3),2459,3,0.9,29.3,81.9,,0.5,,7.11
Daniel James,Manchester Utd,28,2,128,,1,14.5,69,,,,6.53
David de Gea,Manchester Utd,35,38,3420,,,20.7,68.9,,3.1,,6.64
Diogo Dalot,Manchester Utd,27,19(5),1799,,0.7,40,80.2,0.6,3,,6.86
Donny van de Beek,Manchester Utd,29,0(8),69,,0.4,4.1,78.8,,0.1,0.1,6.3
Edinson Cavani,Manchester Utd,39,7(8),765,1,0.5,15.3,76.1,,0.5,,6.4
Eric Bailly,Manchester Utd,32,3(1),218,,,21.3,80,,0.8,,6.28
Fred,Manchester Utd,33,24(4),2036,4,1,48,84.1,,2.2,0.2,6.87
Hannibal Mejbri,Manchester Utd,23,1(1),68,,,10.5,81,,,,5.97
Harry Maguire,Manchester Utd,33,28(2),2514,,0.1,52.1,86.4,,4,,6.65
Jadon Sancho,Manchester Utd,26,20(9),1904,3,1.4,32.2,83.5,0.3,0.4,0.1,6.66
Jesse Lingard,Manchester Utd,33,2(14),356,,0.5,9.1,88.3,,,,6.24
Juan Mata,Manchester Utd,38,2(5),232,,0.3,29.7,88.9,0.3,1,,6.31
Luke Shaw,Manchester Utd,31,19(1),1603,3,2,46.2,84.1,1.5,1.6,0.2,6.64
Marcus Rashford,Manchester Utd,28,13(12),1233,2,0.4,15.7,76.1,,0.2,,6.35
Mason Greenwood,Manchester Utd,24,16(2),1281,1,0.9,25.8,83.8,0.3,1.3,0.2,6.98
Nemanja Matić,Manchester Utd,38,16(7),1384,4,0.6,45.2,87.1,0.1,2.2,0.2,6.63
Paul Pogba,Manchester Utd,33,16(4),1355,9,1.2,43.9,83.5,0.2,3.7,0.2,7
Phil Jones,Manchester Utd,34,2(2),163,,,20.3,87.7,,0.3,,6.42
Raphaël Varane,Manchester Utd,33,20(2),1829,1,0.2,52.3,87.8,,3.6,,6.78
Scott McTominay,Manchester Utd,29,28(2),2393,1,0.8,41.1,85.6,0.1,1.9,,6.89
Shola Shoretire,Manchester Utd,22,0(1),16,,,5,100,,,,6.05
Victor Lindelöf,Manchester Utd,32,26(2),2355,2,0.1,49.2,87.8,,2.3,0.1,6.5
Allan Saint-Maximin,Newcastle,29,31(4),2767,5,1.4,19,76.5,0.3,0.7,0.1,7.09
Bruno Guimarães,Newcastle,28,11(6),1034,1,0.7,29.7,85.7,0.3,2.6,0.2,7.04
Callum Wilson,Newcastle,34,16(2),1363,,0.5,8.4,68.9,0.1,0.1,0.1,6.57
Chris Wood,Newcastle,34,15(2),1328,,0.6,18.9,52.5,,0.2,0.1,6.72
Ciaran Clark,Newcastle,36,12(1),970,1,0.3,27.1,78.7,0.1,1.2,,6.2
Dan Burn,Newcastle,34,16,1440,1,0.3,36.5,78.3,,1.4,,6.98
Dwight Gayle,Newcastle,36,0(8),34,,0.3,2,81.3,,,,6.02
Emil Krafth,Newcastle,32,18(2),1638,1,0.3,29.6,73.3,0.2,0.6,,6.59
Fabian Schär,Newcastle,34,25,2161,2,0.4,39.4,69.6,,5.1,,6.7
Federico Fernández,Newcastle,37,5(2),522,,0.1,29.6,87.4,,2.4,0.1,6.37
Freddie Woodman,Newcastle,29,4,360,,,26.8,58.9,,6,,5.81
Isaac Hayden,Newcastle,31,12(2),958,,0.1,23,78.3,,0.6,,6.41
Jacob Murphy,Newcastle,31,13(19),1442,2,0.6,13.9,64.4,0.3,0.4,,6.39
Jamaal Lascelles,Newcastle,32,22(4),2010,,0.1,25.7,74.4,,1.2,,6.45
Jamal Lewis,Newcastle,28,4(1),263,,0.2,15.8,78.5,,0.8,,6.33
Javier Manquillo,Newcastle,32,15(4),1222,2,0.2,16.2,72.3,0.1,0.4,,6.43
Jeff Hendrick,Newcastle,34,0(3),70,,0.3,9.7,93.1,,0.3,,6.34
Joe Willock,Newcastle,27,24(5),2015,,0.6,18.3,81.4,0.1,0.6,,6.59
Joelinton,Newcastle,30,30(5),2514,1,0.8,25.5,77.6,0.1,0.7,,6.82
Jonjo Shelvey,Newcastle,34,22(1),1962,1,0.7,38.7,81.2,0.4,5,0.1,6.65
Karl Darlow,Newcastle,35,8,675,,,25.8,56.3,,9.1,,6.16
Kieran Trippier,Newcastle,35,5(1),430,,1.2,33.8,65,2,2.8,,7.38
Martin Dúbravka,Newcastle,37,26,2340,,0.1,29,59.4,,8.6,,6.65
Matt Ritchie,Newcastle,36,14(4),1290,2,1.6,26.7,78.1,1.6,2.2,,6.39
Matt Targett,Newcastle,30,16,1440,,1.2,34.4,74.4,1.5,1.6,,6.99
Miguel Almirón,Newcastle,32,19(11),1721,,0.6,16.2,81.6,0.1,0.4,,6.44
Paul Dummett,Newcastle,34,2(1),194,,,17.3,73.1,,0.3,,6.52
Ryan Fraser,Newcastle,32,18(8),1458,3,1,14.6,77,1.3,0.5,,6.47
Sean Longstaff,Newcastle,28,15(9),1446,1,0.3,24.4,80.9,0.1,1.8,,6.38
Adam Idah,Norwich City,25,6(11),620,1,0.3,7.8,67.4,0.2,0.2,,6.35
Andrew Omobamidele,Norwich City,24,4(1),381,,,45.4,84.1,,2.8,,6.53
Angus Gunn,Norwich City,30,9,810,,,28.7,62.8,,7,,6.56
Bali Mumba,Norwich City,24,0(1),45,,,9,77.8,,,,6.05
Ben Gibson,Norwich City,33,28,2495,,0.1,48.8,81.3,,3.4,,6.35
Billy Gilmour,Norwich City,25,21(3),1858,1,1,47.3,83.7,1.4,3.4,,6.39
Brandon Williams,Norwich City,26,23(3),2123,1,0.8,35.9,81.8,0.1,1.6,0.2,6.54
Christoph Zimmermann,Norwich City,33,2(1),158,,,21,73,,0.7,,6.09
Christos Tzolis,Norwich City,24,3(11),330,,0.6,6.9,75,0.1,0.2,,6.06
Dimitris Giannoulis,Norwich City,30,14(4),1169,1,0.5,30.7,76.5,0.3,0.6,,6.61
Grant Hanley,Norwich City,34,33,2899,,0.2,39.7,83.1,,2.1,,6.73
Jakob Sørensen,Norwich City,28,6(4),601,,,30.2,81.5,0.1,1.8,,6.34
Jonathan Rowe,Norwich City,23,0(13),211,1,0.4,5.1,71.2,0.1,,0.1,6.17
Josh Sargent,Norwich City,26,18(8),1579,1,0.4,15.1,72.8,,0.2,,6.32
Kenny McLean,Norwich City,34,29(2),2707,,0.3,33.4,74.5,0.1,1.5,,6.44
Kieran Dowell,Norwich City,28,11(8),913,1,0.8,15.4,73,0.5,0.5,,6.22
Lukas Rupp,Norwich City,35,7(12),764,,0.5,20.2,83.3,0.1,0.6,0.1,6.23
Mathias Normann,Norwich City,30,20(3),1653,2,0.6,32.5,71.8,0.3,2.8,0.2,6.56
Max Aarons,Norwich City,26,32(2),2882,2,0.6,32.3,77.2,0.3,1.1,0.1,6.43
Milot Rashica,Norwich City,30,25(6),2240,2,1.2,14.8,70.8,0.9,0.7,,6.42
Ozan Kabak,Norwich City,26,11,925,,0.2,39,81.4,,1.4,,6.36
Pierre Lees-Melou,Norwich City,33,27(6),2273,,0.8,30,79.6,0.3,2.6,0.1,6.48
Przemysław Płacheta,Norwich City,28,6(6),506,,0.3,11,74.2,0.4,0.5,0.1,6.2
Sam Byram,Norwich City,32,11(4),1024,,0.3,29.4,77.1,,0.7,,6.46
Teemu Pukki,Norwich City,36,37,3261,3,0.7,14.2,75.2,0.1,0.4,,6.47
Tim Krul,Norwich City,38,29,2610,,,31.1,65.4,,6.7,,6.42
Todd Cantwell,Norwich City,28,5(3),441,,0.3,18.9,84.1,,0.6,0.3,6.23
Tony Springett,Norwich City,23,1(2),141,,0.7,12,66.7,0.3,,,5.97
Adam Armstrong,Southampton,29,17(6),1415,2,0.6,13.2,74.9,,0.4,0.1,6.38
Alex McCarthy,Southampton,36,17,1530,,0.1,25.3,56.5,,4.8,,6.63
Armando Broja,Southampton,24,21(11),1981,,0.3,12.4,61.4,,,,6.59
Ché Adams,Southampton,30,23(7),2043,3,0.9,15.4,65.7,,0.4,0.1,6.72
Fraser Forster,Southampton,38,19,1710,,,27.9,54.7,,6.4,,6.7
Ibrahima Diallo,Southampton,27,10(13),1019,2,0.7,19.3,80.6,0.1,0.7,,6.38
Jack Stephens,Southampton,32,9(2),811,,0.4,42.2,77.4,,2.5,,6.5
James Ward-Prowse,Southampton,31,36,3217,5,2,50.8,86.3,2.1,1.8,0.1,7.01
Jan Bednarek,Southampton,30,30(1),2633,,0.2,46.6,81.7,,2.8,,6.81
Kyle Walker-Peters,Southampton,29,29(3),2632,2,0.8,34,81.3,0.2,1.3,0.1,6.83
Lyanco,Southampton,29,9(6),906,,0.2,25.9,72.2,,1.4,,6.37
Mohamed Elyounoussi,Southampton,32,23(7),2046,2,0.9,20.1,70.7,0.1,0.4,,6.62
Mohammed Salisu,Southampton,27,33(1),2972,,0.3,51.2,77.9,0.1,2.6,,6.83
Moussa Djenepo,Southampton,28,5(7),455,,0.5,11.7,75.7,0.2,0.1,0.1,6.18
Nathan Redmond,Southampton,32,20(7),1834,5,1.3,24.8,73.1,0.7,0.9,0.1,6.6
Nathan Tella,Southampton,27,10(4),811,1,0.5,11.5,62.1,0.2,0.2,,6.25
Oriol Romeu,Southampton,34,34(2),2899,2,1,46.5,82,0.1,2.8,0.1,6.87
Romain Perraud,Southampton,28,18(2),1625,1,0.4,26.7,70.6,0.3,0.6,,6.41
Shane Long,Southampton,39,3(10),303,,0.2,5.5,60.6,,,,6.34
Stuart Armstrong,Southampton,34,15(10),1470,,1,27.9,81.9,0.4,0.5,,6.51
Theo Walcott,Southampton,37,5(4),381,,0.1,9,71.6,,0.2,,6.09
Tino Livramento,Southampton,23,25(3),2203,1,0.7,32.4,78.6,0.4,1,,6.73
William Smallbone,Southampton,26,2(2),134,,0.3,8.3,57.6,0.3,,,6.19
Willy Caballero,Southampton,44,2,180,,,30,61.7,,9.5,,6.25
Yan Valery,Southampton,27,3(2),369,,0.2,27.8,72.7,0.2,0.2,,6.54
Ben Davies,Tottenham,33,28(1),2540,1,0.4,54.6,85,0.2,1.6,,6.77
Bryan Gil,Tottenham,25,0(9),86,,0.2,6.2,83.9,0.2,,,6.15
Cristian Romero,Tottenham,28,21(1),1801,,0.3,58.3,86.5,,2.5,,6.92
Dane Scarlett,Tottenham,22,0(1),3,,,1,100,,,,6.2
Davinson Sánchez,Tottenham,30,17(6),1626,,0.2,49,87.8,,1.7,,6.86
Dejan Kulusevski,Tottenham,26,14(4),1267,8,1.4,25.3,86.4,0.4,0.3,0.1,7.19
Dele Alli,Tottenham,30,8(2),658,,0.2,21.8,78.9,0.1,0.4,,6.53
Emerson,Tottenham,27,26(5),2246,1,0.9,36,82.4,0.6,0.5,,6.85
Eric Dier,Tottenham,32,35,3027,,0.2,65.3,88.1,,3.7,0.1,6.77
Giovani Lo Celso,Tottenham,30,2(7),233,,0.6,16.7,83.3,0.2,0.7,,6.3
Harry Kane,Tottenham,33,36(1),3187,9,1.3,23.2,69.9,0.2,1.7,0.3,7.45
Harry Winks,Tottenham,30,9(10),908,1,0.6,34.4,88.2,0.4,1.6,0.2,6.43
Hugo Lloris,Tottenham,39,38,3375,,0.1,20.6,76.7,,4.2,,6.79
Japhet Tanganga,Tottenham,27,10(1),740,,0.2,31.5,84.1,0.2,0.8,,6.52
Joe Rodon,Tottenham,28,0(3),87,,,11.7,82.9,,1,,6.09
Lucas Moura,Tottenham,34,19(15),1729,6,1,20.5,76.5,0.2,0.3,0.1,6.81
Matt Doherty,Tottenham,34,9(6),874,4,1,30.1,83.6,0.4,0.9,0.3,6.96
Oliver Skipp,Tottenham,25,14(4),1304,,0.4,44.2,89.8,0.1,1.1,0.1,6.57
Pierre Højbjerg,Tottenham,31,36,3154,2,0.7,68.6,89.6,0.1,3.6,0.1,7.13
Rodrigo Bentancur,Tottenham,29,16(1),1367,4,0.9,59.2,90,0.2,2.2,0.1,7.24
Ryan Sessegnon,Tottenham,26,13(2),1054,2,0.9,21.5,76.8,0.5,0.4,,6.68
Sergio Reguilón,Tottenham,29,22(3),1878,3,1.2,29,78.4,1,0.8,,6.95
Son Heung-min,Tottenham,34,35,2976,7,2,28.3,86.5,1.2,0.5,0.1,7.52
Steven Bergwijn,Tottenham,28,4(21),551,1,0.3,6.6,84.2,,,,6.25
Tanguy Ndombele,Tottenham,29,6(3),441,1,0.4,24.9,85.7,,0.7,0.2,6.39
Adam Masina,Watford,32,13(2),1077,1,0.5,28.1,69.7,0.5,2.1,,6.62
Ashley Fletcher,Watford,30,0(3),28,,,2,50,,,,6.05
Ben Foster,Watford,43,26,2340,1,,31,44,,8.2,,6.27
Christian Kabasele,Watford,35,12(4),1191,,0.1,29.3,78.5,0.1,1.9,,6.37
Craig Cathcart,Watford,37,27(4),2396,1,0.1,29.1,81.3,,2.7,,6.37
Cucho,Watford,27,11(14),1143,2,0.8,13.5,65.6,0.5,0.7,,6.51
Dan Gosling,Watford,36,2(2),165,,0.3,15.8,85.7,0.3,0.5,,6.45
Daniel Bachmann,Watford,32,12,1080,,,26.3,54.3,,6.6,,6.49
Danny Rose,Watford,36,7(1),689,,0.6,28.4,68.3,0.3,2.8,0.1,6.44
Edo Kayembe,Watford,28,9(4),801,,0.5,33.3,85.9,0.1,2.2,0.1,6.48
Emmanuel Dennis,Watford,28,30(3),2591,6,1,17.4,68.3,0.2,0.3,0.1,6.89
Francisco Sierralta,Watford,29,5,428,,,36.4,78,,0.8,,6.57
Hassane Kamara,Watford,32,18(1),1625,,0.5,37.3,70.5,0.3,1.5,0.1,6.86
Imran Louza,Watford,27,17(3),1423,,0.8,32.5,77.5,0.5,2.3,0.1,6.54
Ismaila Sarr,Watford,28,21(1),1865,2,1,18.8,77.5,0.4,0.5,,6.58
Jeremy Ngakia,Watford,25,9(7),900,,0.3,21,73.8,0.3,1.2,,6.45
João Pedro,Watford,24,15(13),1639,1,0.7,19.6,69.9,0.1,0.9,0.1,6.78
Joshua King,Watford,34,27(5),2251,3,1.1,15.6,72.9,0.1,0.1,0.1,6.69
Juraj Kucka,Watford,39,22(4),1924,1,0.4,26.1,68.7,0.2,1,,6.63
Ken Sema,Watford,32,7(11),846,,0.7,10.4,64.9,0.7,0.4,,6.29
Kiko Femenía,Watford,35,26(1),2150,5,0.9,32.5,73.7,0.9,1.2,,6.45
Moussa Sissoko,Watford,37,36,3221,1,1,31.8,78.3,0.4,1.6,0.1,6.68
Nicolas Nkoulou,Watford,36,2(1),168,,0.3,19,87.7,,1.3,,6.47
Oghenekaro Etebo,Watford,30,4(5),398,,0.2,18.3,90.9,0.1,1.7,,6.31
Ozan Tufan,Watford,31,4(3),338,,0.6,16.4,73.9,,0.4,,6.06
Samir Santos,Watford,31,19,1676,,0.1,35.1,80.7,,2.1,,6.53
Samuel Kalu,Watford,29,2(2),222,,0.3,15.3,88.5,0.5,,,6.25
Tom Cleverley,Watford,37,20(8),1626,2,0.7,21.3,76.5,0.6,0.9,,6.31
Troy Deeney,Watford,38,0(2),23,,0.5,3.5,42.9,,,,6.19
William Troost-Ekong,Watford,33,15(2),1388,,0.1,35.4,77.2,,3.9,,6.27
Aaron Cresswell,West Ham,36,31,2728,3,1,55.1,82.6,1.1,2.6,,6.75
Alex Král,West Ham,28,0(1),1,,,2,,,,,6
Alphonse Areola,West Ham,33,1,90,,,37,48.6,,10,,6.56
Andriy Yarmolenko,West Ham,36,1(18),304,,0.2,5.3,77.2,0.1,0.1,,6.15
Angelo Ogbonna,West Ham,38,11,922,,,43.1,85.2,,1.5,,6.66
Arthur Masuaku,West Ham,32,6(7),645,1,0.2,24.5,79.9,0.2,0.5,,6.68
Ben Johnson,West Ham,26,16(4),1401,,0.5,28.1,70.8,0.7,1.8,,6.65
Craig Dawson,West Ham,36,30(4),2754,2,0.1,37.5,80.9,,3,,6.7
Daniel Chesters,West Ham,24,0(1),1,,,,,,,,6
Declan Rice,West Ham,27,35(1),3178,4,0.7,59.8,91.6,0.2,3.6,,7.1
Harrison Ashby,West Ham,24,0(1),6,,,6,100,,1,,6.17
Issa Diop,West Ham,29,10(3),962,1,0.1,36.7,85.1,,1.2,0.2,6.46
Jarrod Bowen,West Ham,29,34(2),2993,10,1.1,19.8,76.2,0.8,1,0.1,7.15
Kurt Zouma,West Ham,31,24,2080,,0.1,41.5,87.7,,1.8,,6.74
Łukasz Fabiański,West Ham,41,37,3330,,,22.9,59.2,,5.9,,6.76
Manuel Lanzini,West Ham,33,19(11),1789,3,0.8,40.1,91.9,0.2,1.1,,6.65
Mark Noble,West Ham,39,3(8),327,,0.1,27,87.9,,1,,6.23
Michail Antonio,West Ham,36,34(2),2981,8,1.3,17.1,67.5,0.4,0.7,0.1,6.94
Nikola Vlašić,West Ham,28,6(13),555,,0.5,10.7,80.8,0.1,0.2,,6.22
Pablo Fornals,West Ham,30,32(4),2804,3,1.3,36.6,78.1,0.5,1.9,0.1,6.8
Ryan Fredericks,West Ham,33,3(4),304,,0.3,17,78.2,0.1,0.1,,6.15
Saïd Benrahma,West Ham,31,26(6),2184,6,1,23.8,81.1,0.3,0.5,0.1,6.87
Sonny Perkins,West Ham,22,0(1),3,,,1,,,,,6.08
Tomáš Souček,West Ham,31,34(1),3062,1,0.6,38.4,76.6,0.1,1.9,,6.98
Vladimír Coufal,West Ham,34,25(3),2211,4,0.8,37.4,71.4,0.7,1.3,,6.57
Adama Traoré,Wolves,30,10(10),1065,,0.9,14.9,77.9,0.5,0.5,0.1,6.94
Chem Campbell,Wolves,23,0(1),12,,,9,88.9,,,,6.13
Chiquinho,Wolves,26,1(7),204,3,0.6,9.4,73.3,0.9,0.3,,6.55
Conor Coady,Wolves,33,38,3364,,0.1,44.4,89.7,,3.8,,6.64
Daniel Podence,Wolves,30,15(11),1486,3,1.4,22.2,74.1,0.5,1,0.1,6.78
Fábio Silva,Wolves,24,6(16),565,,0.1,6.2,68.4,,0.1,,6.09
Fernando Marçal,Wolves,37,17(1),1453,,0.6,38.3,77.7,0.6,1.1,,6.75
Francisco Trincão,Wolves,26,16(12),1340,1,0.5,15.3,80.8,0.3,0.6,,6.58
Hwang Hee-chan,Wolves,30,20(10),1822,1,0.5,20.9,81,0.1,0.7,,6.53
João Moutinho,Wolves,39,34(1),2975,1,1.1,54.9,86.7,0.8,3.8,,6.69
John Ruddy,Wolves,39,1(1),135,,,14.5,62.1,,1,,6.4
Jonny Castro,Wolves,32,10(3),1023,,0.8,39,83,0.5,1.5,0.1,6.74
José Sá,Wolves,33,37,3286,1,0.1,24,63,,3.9,,6.81
Ki-Jana Hoever,Wolves,24,4(4),307,,0.1,14.8,69.5,0.1,0.1,,6.31
Leander Dendoncker,Wolves,31,21(9),1948,2,0.4,27.1,86.9,,0.6,,6.44
Luke Cundle,Wolves,24,2(2),180,,0.5,25.8,93.2,,1.5,0.3,6.34
Max Kilman,Wolves,29,30,2689,,0.1,50.8,85.8,,2.8,,6.87
Morgan Gibbs-White,Wolves,26,0(2),7,,,4.5,77.8,,,,5.94
Nélson Semedo,Wolves,32,25,2137,1,0.7,36.5,77.4,0.2,0.8,,6.82
Pedro Neto,Wolves,26,5(8),466,1,1,15.3,84.9,0.8,0.2,,6.45
Raúl Jiménez,Wolves,35,30(4),2640,4,1.1,22.1,71.8,0.1,0.7,0.1,6.66
Rayan Aït-Nouri,Wolves,25,20(3),1828,2,0.7,32.8,76.7,1,1.2,,6.96
Romain Saïss,Wolves,36,31,2709,,0.2,57.5,80.1,,3.5,,6.84
Rúben Neves,Wolves,29,31(2),2663,2,0.8,58.5,84,0.3,6,0.2,6.85
Toti Gomes,Wolves,27,4,360,,,50.3,75.6,,1.5,,7.01
Willy Boly,Wolves,35,10,900,,0.1,55.6,84,,1.5,,6.58