league,season,team,player,nation,pos,age,born,Playing Time_MP,Playing Time_Starts,Playing Time_Min,Playing Time_90s,Performance_Gls,Performance_Ast,Performance_G+A,Performance_G-PK,Performance_PK,Performance_PKatt,Performance_CrdY,Performance_CrdR,Per 90 Minutes_Gls,Per 90 Minutes_Ast,Per 90 Minutes_G+A,Per 90 Minutes_G-PK,Per 90 Minutes_G+A-PK
ENG-Premier League,2223,Arsenal,Aaron Ramsdale,ENG,GK,24,1998,38,38,3420,38.0,0,0,0,0,0,0,1,0,0.0,0.0,0.0,0.0,0.0
ENG-Premier League,2223,Arsenal,Albert Sambi Lokonga,BEL,MF,22,1999,6,2,198,2.2,0,0,0,0,0,0,0,0,0.0,0.0,0.0,0.0,0.0
ENG-Premier League,2223,Arsenal,Ben White,ENG,DF,24,1997,38,36,3055,33.9,2,5,7,2,0,0,5,0,0.06,0.15,0.21,0.06,0.21
ENG-Premier League,2223,Arsenal,Bukayo Saka,ENG,"FW,MF",20,2001,38,37,3181,35.3,14,11,25,12,2,3,6,0,0.4,0.31,0.71,0.34,0.65
ENG-Premier League,2223,Arsenal,Cédric Soares,POR,"DF,MF",30,1991,2,0,29,0.3,0,0,0,0,0,0,0,0,0.0,0.0,0.0,0.0,0.0
ENG-Premier League,2223,Arsenal,Eddie Nketiah,ENG,FW,23,1999,30,9,1089,12.1,4,1,5,4,0,0,3,0,0.33,0.08,0.41,0.33,0.41
ENG-Premier League,2223,Arsenal,Emile Smith Rowe,ENG,MF,22,2000,12,0,172,1.9,0,2,2,0,0,0,0,0,0.0,1.05,1.05,0.0,1.05
ENG-Premier League,2223,Arsenal,Ethan Nwaneri,ENG,MF,15,2007,1,0,1,0.0,0,0,0,0,0,0,0,0,0.0,0.0,0.0,0.0,0.0
ENG-Premier League,2223,Arsenal,Fabio Vieira,POR,MF,22,2000,22,3,514,5.7,1,2,3,1,0,0,0,0,0.18,0.35,0.53,0.18,0.53
ENG-Premier League,2223,Arsenal,Gabriel Jesus,BRA,FW,25,1997,26,24,2064,22.9,11,6,17,10,1,1,6,0,0.48,0.26,0.74,0.44,0.7
ENG-Premier League,2223,Arsenal,Gabriel Magalhães,BRA,DF,24,1997,38,38,3409,37.9,3,0,3,3,0,0,5,0,0.08,0.0,0.08,0.08,0.08
ENG-Premier League,2223,Arsenal,Gabriel Martinelli,BRA,"FW,MF",21,2001,36,34,2789,31.0,15,5,20,15,0,0,3,0,0.48,0.16,0.65,0.48,0.65
ENG-Premier League,2223,Arsenal,Granit Xhaka,SUI,MF,29,1992,37,36,2993,33.3,7,7,14,7,0,0,4,0,0.21,0.21,0.42,0.21,0.42
ENG-Premier League,2223,Arsenal,Jakub Kiwior,POL,DF,22,2000,7,5,427,4.7,1,0,1,1,0,0,0,0,0.21,0.0,0.21,0.21,0.21
ENG-Premier League,2223,Arsenal,Jorginho,ITA,MF,30,1991,14,9,855,9.5,0,1,1,0,0,0,0,0,0.0,0.11,0.11,0.0,0.11
ENG-Premier League,2223,Arsenal,Kieran Tierney,SCO,DF,25,1997,27,6,795,8.8,0,1,1,0,0,0,0,0,0.0,0.11,0.11,0.0,0.11
ENG-Premier League,2223,Arsenal,Leandro Trossard,BEL,FW,27,1994,20,10,931,10.3,1,10,11,1,0,0,0,0,0.1,0.97,1.06,0.1,1.06
ENG-Premier League,2223,Arsenal,Marquinhos,BRA,MF,19,2003,1,0,1,0.0,0,0,0,0,0,0,0,0,0.0,0.0,0.0,0.0,0.0
ENG-Premier League,2223,Arsenal,Martin Ødegaard,NOR,MF,23,1998,37,37,3127,34.7,15,7,22,15,0,0,4,0,0.43,0.2,0.63,0.43,0.63
ENG-Premier League,2223,Arsenal,Mohamed Elneny,EGY,MF,30,1992,5,1,113,1.3,0,0,0,0,0,0,0,0,0.0,0.0,0.0,0.0,0.0
ENG-Premier League,2223,Arsenal,Oleksandr Zinchenko,UKR,DF,25,1996,27,26,2118,23.5,1,2,3,1,0,0,3,0,0.04,0.08,0.13,0.04,0.13
ENG-Premier League,2223,Arsenal,Reiss Nelson,ENG,"FW,MF",22,1999,11,0,212,2.4,3,2,5,3,0,0,0,0,1.27,0.85,2.12,1.27,2.12
ENG-Premier League,2223,Arsenal,Rob Holding,ENG,DF,26,1995,14,6,566,6.3,1,0,1,1,0,0,0,0,0.16,0.0,0.16,0.16,0.16
ENG-Premier League,2223,Arsenal,Takehiro Tomiyasu,JPN,DF,23,1998,21,6,663,7.4,0,1,1,0,0,0,2,0,0.0,0.14,0.14,0.0,0.14
ENG-Premier League,2223,Arsenal,Thomas Partey,GHA,MF,29,1993,33,28,2483,27.6,3,0,3,3,0,0,5,0,0.11,0.0,0.11,0.11,0.11
ENG-Premier League,2223,Arsenal,William Saliba,FRA,DF,21,2001,27,27,2415,26.8,2,1,3,2,0,0,4,0,0.07,0.04,0.11,0.07,0.11
ENG-Premier League,2223,Aston Villa,Ashley Young,ENG,DF,37,1985,29,23,2036,22.6,1,0,1,1,0,0,7,0,0.04,0.0,0.04,0.04,0.04
ENG-Premier League,2223,Aston Villa,Bertrand Traoré,BFA,MF,26,1995,8,1,233,2.6,2,0,2,2,0,0,1,0,0.77,0.0,0.77,0.77,0.77
ENG-Premier League,2223,Aston Villa,Boubacar Kamara,FRA,MF,22,1999,24,21,1777,19.7,0,1,1,0,0,0,4,0,0.0,0.05,0.05,0.0,0.05
ENG-Premier League,2223,Aston Villa,Calum Chambers,ENG,DF,27,1995,14,2,353,3.9,0,0,0,0,0,0,2,0,0.0,0.0,0.0,0.0,0.0
ENG-Premier League,2223,Aston Villa,Cameron Archer,ENG,"FW,MF",21,2001,6,0,49,0.5,0,0,0,0,0,0,0,0,0.0,0.0,0.0,0.0,0.0
ENG-Premier League,2223,Aston Villa,Danny Ings,ENG,FW,30,1992,18,8,824,9.2,6,0,6,4,2,2,3,0,0.66,0.0,0.66,0.44,0.44
ENG-Premier League,2223,Aston Villa,Diego Carlos,BRA,DF,29,1993,3,2,205,2.3,0,0,0,0,0,0,0,0,0.0,0.0,0.0,0.0,0.0
ENG-Premier League,2223,Aston Villa,Douglas Luiz,BRA,MF,24,1998,37,33,2927,32.5,6,6,12,6,0,0,6,1,0.18,0.18,0.37,0.18,0.37
ENG-Premier League,2223,Aston Villa,Emi Buendía,ARG,"MF,FW",25,1996,38,27,2412,26.8,5,2,7,5,0,0,0,0,0.19,0.07,0.26,0.19,0.26
ENG-Premier League,2223,Aston Villa,Emiliano Martínez,ARG,GK,29,1992,36,36,3139,34.9,0,0,0,0,0,0,7,0,0.0,0.0,0.0,0.0,0.0
ENG-Premier League,2223,Aston Villa,Ezri Konsa,ENG,DF,24,1997,38,37,3322,36.9,0,0,0,0,0,0,6,0,0.0,0.0,0.0,0.0,0.0
ENG-Premier League,2223,Aston Villa,Jacob Ramsey,ENG,MF,21,2001,35,31,2636,29.3,6,7,13,6,0,0,5,0,0.2,0.24,0.44,0.2,0.44
ENG-Premier League,2223,Aston Villa,Jan Bednarek,POL,DF,26,1996,3,1,100,1.1,0,0,0,0,0,0,0,0,0.0,0.0,0.0,0.0,0.0
ENG-Premier League,2223,Aston Villa,John McGinn,SCO,MF,27,1994,34,30,2693,29.9,1,3,4,1,0,0,7,0,0.03,0.1,0.13,0.03,0.13
ENG-Premier League,2223,Aston Villa,Jáder Durán,COL,FW,18,2003,12,0,136,1.5,0,0,0,0,0,0,1,0,0.0,0.0,0.0,0.0,0.0
ENG-Premier League,2223,Aston Villa,Leander Dendoncker,BEL,MF,27,1995,20,7,697,7.7,0,0,0,0,0,0,0,0,0.0,0.0,0.0,0.0,0.0
ENG-Premier League,2223,Aston Villa,Leon Bailey,JAM,"FW,MF",24,1997,33,26,1967,21.9,4,4,8,4,0,0,4,0,0.18,0.18,0.37,0.18,0.37
ENG-Premier League,2223,Aston Villa,Lucas Digne,FRA,DF,29,1993,28,18,1502,16.7,1,0,1,1,0,0,5,0,0.06,0.0,0.06,0.06,0.06
ENG-Premier League,2223,Aston Villa,Ludwig Augustinsson,SWE,DF,28,1994,3,1,77,0.9,0,0,0,0,0,0,1,0,0.0,0.0,0.0,0.0,0.0
ENG-Premier League,2223,Aston Villa,Matty Cash,POL,DF,24,1997,26,20,1820,20.2,0,1,1,0,0,0,4,0,0.0,0.05,0.05,0.0,0.05
ENG-Premier League,2223,Aston Villa,Morgan Sanson,FRA,MF,27,1994,2,0,11,0.1,0,0,0,0,0,0,0,0,0.0,0.0,0.0,0.0,0.0
ENG-Premier League,2223,Aston Villa,Ollie Watkins,ENG,FW,26,1995,37,36,3127,34.7,15,6,21,14,1,2,4,0,0.43,0.17,0.6,0.4,0.58
ENG-Premier League,2223,Aston Villa,Philippe Coutinho,BRA,"FW,MF",30,1992,20,7,788,8.8,1,0,1,1,0,0,3,0,0.11,0.0,0.11,0.11,0.11
ENG-Premier League,2223,Aston Villa,Robin Olsen,SWE,GK,32,1990,4,2,281,3.1,0,0,0,0,0,0,0,0,0.0,0.0,0.0,0.0,0.0
ENG-Premier League,2223,Aston Villa,Tyrone Mings,ENG,DF,29,1993,35,35,3150,35.0,1,2,3,1,0,0,7,0,0.03,0.06,0.09,0.03,0.09
ENG-Premier League,2223,Aston Villa,Álex Moreno,ESP,DF,29,1993,19,14,1329,14.8,0,3,3,0,0,0,3,0,0.0,0.2,0.2,0.0,0.2
ENG-Premier League,2223,Bournemouth,Adam Smith,ENG,DF,31,1991,37,34,2943,32.7,0,1,1,0,0,0,11,0,0.0,0.03,0.03,0.0,0.03
ENG-Premier League,2223,Bournemouth,Antoine Semenyo,GHA,"MF,FW",22,2000,11,2,258,2.9,1,0,1,1,0,0,0,0,0.35,0.0,0.35,0.35,0.35
ENG-Premier League,2223,Bournemouth,Ben Pearson,ENG,MF,27,1995,7,3,286,3.2,0,0,0,0,0,0,1,0,0.0,0.0,0.0,0.0,0.0
ENG-Premier League,2223,Bournemouth,Chris Mepham,WAL,DF,24,1997,26,24,2199,24.4,0,0,0,0,0,0,7,0,0.0,0.0,0.0,0.0,0.0
ENG-Premier League,2223,Bournemouth,Dango Ouattara,BFA,MF,20,2002,19,15,1241,13.8,1,3,4,1,0,0,1,0,0.07,0.22,0.29,0.07,0.29
ENG-Premier League,2223,Bournemouth,David Brooks,WAL,MF,25,1997,6,2,173,1.9,0,0,0,0,0,0,1,0,0.0,0.0,0.0,0.0,0.0
ENG-Premier League,2223,Bournemouth,Dominic Solanke,ENG,FW,24,1997,33,32,2860,31.8,6,7,13,6,0,0,2,0,0.19,0.22,0.41,0.19,0.41
ENG-Premier League,2223,Bournemouth,Emiliano Marcondes,DEN,"FW,MF",27,1995,1,0,9,0.1,0,0,0,0,0,0,0,0,0.0,0.0,0.0,0.0,0.0
ENG-Premier League,2223,Bournemouth,Hamed Junior Traorè,CIV,MF,22,2000,7,5,427,4.7,0,0,0,0,0,0,0,0,0.0,0.0,0.0,0.0,0.0
ENG-Premier League,2223,Bournemouth,Illia Zabarnyi,UKR,DF,19,2002,5,3,299,3.3,0,0,0,0,0,0,0,0,0.0,0.0,0.0,0.0,0.0
ENG-Premier League,2223,Bournemouth,Jack Stacey,ENG,"DF,MF",26,1996,10,3,299,3.3,0,0,0,0,0,0,2,0,0.0,0.0,0.0,0.0,0.0
ENG-Premier League,2223,Bournemouth,Jack Stephens,ENG,DF,28,1994,15,13,1173,13.0,0,0,0,0,0,0,3,0,0.0,0.0,0.0,0.0,0.0
ENG-Premier League,2223,Bournemouth,Jaidon Anthony,ENG,MF,22,1999,30,11,1257,14.0,3,1,4,3,0,0,2,0,0.21,0.07,0.29,0.21,0.29
ENG-Premier League,2223,Bournemouth,Jamal Lowe,JAM,"FW,MF",28,1994,2,0,12,0.1,0,0,0,0,0,0,0,0,0.0,0.0,0.0,0.0,0.0
ENG-Premier League,2223,Bournemouth,Jefferson Lerma,COL,MF,27,1994,37,37,3252,36.1,5,0,5,5,0,0,7,0,0.14,0.0,0.14,0.14,0.14
ENG-Premier League,2223,Bournemouth,Joe Rothwell,ENG,MF,27,1995,20,12,1016,11.3,0,1,1,0,0,0,1,0,0.0,0.09,0.09,0.0,0.09
ENG-Premier League,2223,Bournemouth,Jordan Zemura,ZIM,"DF,MF",22,1999,19,17,1454,16.2,0,1,1,0,0,0,1,0,0.0,0.06,0.06,0.0,0.06
ENG-Premier League,2223,Bournemouth,Junior Stanislas,ENG,MF,32,1989,4,0,61,0.7,0,0,0,0,0,0,0,0,0.0,0.0,0.0,0.0,0.0
ENG-Premier League,2223,Bournemouth,Kieffer Moore,WAL,FW,29,1992,27,12,1279,14.2,4,0,4,4,0,0,1,0,0.28,0.0,0.28,0.28,0.28
ENG-Premier League,2223,Bournemouth,Lewis Cook,ENG,MF,25,1997,28,18,1720,19.1,0,2,2,0,0,0,4,0,0.0,0.1,0.1,0.0,0.1
ENG-Premier League,2223,Bournemouth,Lloyd Kelly,ENG,DF,23,1998,23,23,2040,22.7,0,2,2,0,0,0,3,0,0.0,0.09,0.09,0.0,0.09
ENG-Premier League,2223,Bournemouth,Marcos Senesi,ARG,DF,25,1997,31,29,2491,27.7,2,0,2,2,0,0,7,0,0.07,0.0,0.07,0.07,0.07
ENG-Premier League,2223,Bournemouth,Marcus Tavernier,ENG,MF,23,1999,23,19,1743,19.4,5,4,9,5,0,0,1,0,0.26,0.21,0.46,0.26,0.46
ENG-Premier League,2223,Bournemouth,Mark Travers,IRL,GK,23,1999,12,11,1035,11.5,0,0,0,0,0,0,0,0,0.0,0.0,0.0,0.0,0.0
ENG-Premier League,2223,Bournemouth,Matías Viña,URU,"DF,MF",24,1997,12,5,458,5.1,2,0,2,2,0,0,1,0,0.39,0.0,0.39,0.39,0.39
ENG-Premier League,2223,Bournemouth,Neto,BRA,GK,33,1989,27,27,2385,26.5,0,0,0,0,0,0,4,0,0.0,0.0,0.0,0.0,0.0
ENG-Premier League,2223,Bournemouth,Owen Bevan,WAL,DF,18,2003,1,0,9,0.1,0,0,0,0,0,0,0,0,0.0,0.0,0.0,0.0,0.0
ENG-Premier League,2223,Bournemouth,Philip Billing,DEN,"MF,FW",26,1996,36,34,2764,30.7,7,1,8,7,0,0,5,0,0.23,0.03,0.26,0.23,0.26
ENG-Premier League,2223,Bournemouth,Ryan Christie,SCO,MF,27,1995,32,22,1834,20.4,1,1,2,1,0,0,2,0,0.05,0.05,0.1,0.05,0.1
ENG-Premier League,2223,Bournemouth,Ryan Fredericks,ENG,DF,29,1992,12,5,533,5.9,0,0,0,0,0,0,1,0,0.0,0.0,0.0,0.0,0.0
ENG-Premier League,2223,Bournemouth,Siriki Dembélé,CIV,"FW,MF",25,1996,6,0,110,1.2,0,0,0,0,0,0,0,0,0.0,0.0,0.0,0.0,0.0
ENG-Premier League,2223,Brentford,Aaron Hickey,SCO,DF,20,2002,26,23,1916,21.3,0,1,1,0,0,0,7,0,0.0,0.05,0.05,0.0,0.05
ENG-Premier League,2223,Brentford,Ben Mee,ENG,DF,32,1989,37,37,3269,36.3,3,2,5,3,0,0,2,0,0.08,0.06,0.14,0.08,0.14
ENG-Premier League,2223,Brentford,Bryan Mbeumo,CMR,FW,22,1999,38,36,2906,32.3,9,8,17,8,1,1,5,0,0.28,0.25,0.53,0.25,0.5
ENG-Premier League,2223,Brentford,Christian Nørgaard,DEN,MF,28,1994,22,21,1763,19.6,1,3,4,1,0,0,6,0,0.05,0.15,0.2,0.05,0.2
ENG-Premier League,2223,Brentford,David Raya,ESP,GK,26,1995,38,38,3420,38.0,0,0,0,0,0,0,1,0,0.0,0.0,0.0,0.0,0.0
ENG-Premier League,2223,Brentford,Ethan Pinnock,JAM,DF,29,1993,30,30,2700,30.0,3,0,3,3,0,0,0,0,0.1,0.0,0.1,0.1,0.1
ENG-Premier League,2223,Brentford,Frank Onyeka,NGA,MF,24,1998,21,8,848,9.4,0,2,2,0,0,0,0,0,0.0,0.21,0.21,0.0,0.21
ENG-Premier League,2223,Brentford,Halil Dervişoğlu,TUR,FW,22,1999,1,0,8,0.1,0,0,0,0,0,0,0,0,0.0,0.0,0.0,0.0,0.0
ENG-Premier League,2223,Brentford,Ivan Toney,ENG,FW,26,1996,33,33,2951,32.8,20,4,24,14,6,7,9,0,0.61,0.12,0.73,0.43,0.55
ENG-Premier League,2223,Brentford,Josh Dasilva,ENG,MF,23,1998,36,14,1389,15.4,4,2,6,4,0,0,1,0,0.26,0.13,0.39,0.26,0.39
ENG-Premier League,2223,Brentford,Keane Lewis-Potter,ENG,FW,21,2001,10,3,321,3.6,0,1,1,0,0,0,0,0,0.0,0.28,0.28,0.0,0.28
ENG-Premier League,2223,Brentford,Kevin Schade,GER,FW,20,2001,18,7,732,8.1,0,1,1,0,0,0,2,0,0.0,0.12,0.12,0.0,0.12
ENG-Premier League,2223,Brentford,Kristoffer Ajer,NOR,DF,24,1998,9,9,763,8.5,0,0,0,0,0,0,0,0,0.0,0.0,0.0,0.0,0.0
ENG-Premier League,2223,Brentford,Mads Bech Sørensen,DEN,DF,23,1999,4,0,21,0.2,0,0,0,0,0,0,0,0,0.0,0.0,0.0,0.0,0.0
ENG-Premier League,2223,Brentford,Mads Roerslev,DEN,"MF,DF",23,1999,20,12,1108,12.3,0,0,0,0,0,0,0,0,0.0,0.0,0.0,0.0,0.0
ENG-Premier League,2223,Brentford,Mathias Jensen,DEN,MF,26,1996,37,37,2803,31.1,5,6,11,5,0,0,5,0,0.16,0.19,0.35,0.16,0.35
ENG-Premier League,2223,Brentford,Mathias Jørgensen,DEN,DF,32,1990,18,11,1103,12.3,0,0,0,0,0,0,2,0,0.0,0.0,0.0,0.0,0.0
ENG-Premier League,2223,Brentford,Mikkel Damsgaard,DEN,"MF,FW",22,2000,26,9,988,11.0,0,0,0,0,0,0,4,0,0.0,0.0,0.0,0.0,0.0
ENG-Premier League,2223,Brentford,Pontus Jansson,SWE,DF,31,1991,12,9,724,8.0,1,0,1,1,0,0,0,0,0.12,0.0,0.12,0.12,0.12
ENG-Premier League,2223,Brentford,Rico Henry,JAM,"DF,MF",25,1997,37,37,3238,36.0,0,2,2,0,0,0,4,0,0.0,0.06,0.06,0.0,0.06
ENG-Premier League,2223,Brentford,Saman Ghoddos,IRN,"FW,MF",28,1993,15,0,139,1.5,0,0,0,0,0,0,0,0,0.0,0.0,0.0,0.0,0.0
ENG-Premier League,2223,Brentford,Sergi Canós,ESP,"FW,MF",25,1997,5,0,77,0.9,0,0,0,0,0,0,0,0,0.0,0.0,0.0,0.0,0.0
ENG-Premier League,2223,Brentford,Shandon Baptiste,GRN,MF,24,1998,23,4,618,6.9,0,1,1,0,0,0,3,1,0.0,0.15,0.15,0.0,0.15
ENG-Premier League,2223,Brentford,Vitaly Janelt,GER,MF,24,1998,35,24,2208,24.5,3,1,4,3,0,0,3,0,0.12,0.04,0.16,0.12,0.16
ENG-Premier League,2223,Brentford,Yoane Wissa,COD,FW,25,1996,38,16,1606,17.8,7,3,10,7,0,0,3,0,0.39,0.17,0.56,0.39,0.56
ENG-Premier League,2223,Brighton,Adam Lallana,ENG,MF,34,1988,16,12,722,8.0,2,1,3,2,0,0,0,0,0.25,0.12,0.37,0.25,0.37
ENG-Premier League,2223,Brighton,Adam Webster,ENG,DF,27,1995,27,23,1985,22.1,0,0,0,0,0,0,2,0,0.0,0.0,0.0,0.0,0.0
ENG-Premier League,2223,Brighton,Alexis Mac Allister,ARG,MF,23,1998,35,31,2886,32.1,10,2,12,4,6,6,8,0,0.31,0.06,0.37,0.12,0.19
ENG-Premier League,2223,Brighton,Andrew Moran,IRL,MF,18,2003,1,0,12,0.1,0,0,0,0,0,0,0,0,0.0,0.0,0.0,0.0,0.0
ENG-Premier League,2223,Brighton,Billy Gilmour,SCO,MF,21,2001,14,7,507,5.6,0,1,1,0,0,0,1,0,0.0,0.18,0.18,0.0,0.18
ENG-Premier League,2223,Brighton,Cameron Peupion,AUS,MF,19,2002,1,0,6,0.1,0,0,0,0,0,0,0,0,0.0,0.0,0.0,0.0,0.0
ENG-Premier League,2223,Brighton,Danny Welbeck,ENG,FW,31,1990,31,21,1854,20.6,6,3,9,6,0,0,0,0,0.29,0.15,0.44,0.29,0.44
ENG-Premier League,2223,Brighton,Deniz Undav,GER,"MF,FW",26,1996,22,6,628,7.0,5,0,5,5,0,0,2,0,0.72,0.0,0.72,0.72,0.72
ENG-Premier League,2223,Brighton,Enock Mwepu,ZAM,"MF,FW",24,1998,6,2,213,2.4,0,1,1,0,0,0,0,0,0.0,0.42,0.42,0.0,0.42
ENG-Premier League,2223,Brighton,Evan Ferguson,IRL,FW,17,2004,19,10,950,10.6,6,2,8,6,0,0,1,0,0.57,0.19,0.76,0.57,0.76
ENG-Premier League,2223,Brighton,Facundo Buonanotte,ARG,MF,17,2004,13,6,565,6.3,1,1,2,1,0,0,2,0,0.16,0.16,0.32,0.16,0.32
ENG-Premier League,2223,Brighton,Jack Hinshelwood,ENG,"DF,MF",17,2005,1,0,2,0.0,0,0,0,0,0,0,0,0,0.0,0.0,0.0,0.0,0.0
ENG-Premier League,2223,Brighton,Jan Paul van Hecke,NED,DF,22,2000,8,3,295,3.3,0,0,0,0,0,0,2,0,0.0,0.0,0.0,0.0,0.0
ENG-Premier League,2223,Brighton,Jason Steele,ENG,GK,31,1990,15,15,1350,15.0,0,1,1,0,0,0,1,0,0.0,0.07,0.07,0.0,0.07
ENG-Premier League,2223,Brighton,Jeremy Sarmiento,ECU,MF,20,2002,9,1,176,2.0,0,1,1,0,0,0,1,0,0.0,0.51,0.51,0.0,0.51
ENG-Premier League,2223,Brighton,Joël Veltman,NED,DF,30,1992,31,25,2188,24.3,1,1,2,1,0,0,6,0,0.04,0.04,0.08,0.04,0.08
ENG-Premier League,2223,Brighton,Julio Enciso,PAR,"MF,FW",18,2004,20,7,806,9.0,4,2,6,4,0,0,1,0,0.45,0.22,0.67,0.45,0.67
ENG-Premier League,2223,Brighton,Kaoru Mitoma,JPN,MF,25,1997,33,24,2318,25.8,7,5,12,7,0,0,0,0,0.27,0.19,0.47,0.27,0.47
ENG-Premier League,2223,Brighton,Leandro Trossard,BEL,"MF,FW",27,1994,16,16,1315,14.6,7,2,9,7,0,0,1,0,0.48,0.14,0.62,0.48,0.62
ENG-Premier League,2223,Brighton,Levi Colwill,ENG,DF,19,2003,17,13,1220,13.6,0,2,2,0,0,0,1,0,0.0,0.15,0.15,0.0,0.15
ENG-Premier League,2223,Brighton,Lewis Dunk,ENG,DF,30,1991,36,36,3239,36.0,1,0,1,1,0,0,4,0,0.03,0.0,0.03,0.03,0.03
ENG-Premier League,2223,Brighton,Moisés Caicedo,ECU,MF,20,2001,37,34,3139,34.9,1,1,2,1,0,0,10,0,0.03,0.03,0.06,0.03,0.06
ENG-Premier League,2223,Brighton,Odeluga Offiah,ENG,DF,19,2002,2,0,25,0.3,0,0,0,0,0,0,0,0,0.0,0.0,0.0,0.0,0.0
ENG-Premier League,2223,Brighton,Pascal Groß,GER,"MF,DF",31,1991,37,37,3239,36.0,9,8,17,9,0,0,6,0,0.25,0.22,0.47,0.25,0.47
ENG-Premier League,2223,Brighton,Pervis Estupiñán,ECU,"DF,MF",24,1998,35,31,2675,29.7,1,5,6,1,0,0,4,0,0.03,0.17,0.2,0.03,0.2
ENG-Premier League,2223,Brighton,Robert Sánchez,ESP,GK,24,1997,23,23,2070,23.0,0,0,0,0,0,0,2,0,0.0,0.0,0.0,0.0,0.0
ENG-Premier League,2223,Brighton,Solly March,ENG,MF,28,1994,33,31,2715,30.2,6,7,13,6,0,0,2,0,0.2,0.23,0.43,0.2,0.43
ENG-Premier League,2223,Brighton,Tariq Lamptey,GHA,"DF,MF",21,2000,20,3,453,5.0,0,0,0,0,0,0,1,0,0.0,0.0,0.0,0.0,0.0
ENG-Premier League,2223,Brighton,Yasin Ayari,SWE,MF,18,2003,3,1,67,0.7,0,0,0,0,0,0,0,0,0.0,0.0,0.0,0.0,0.0
ENG-Premier League,2223,Chelsea,Armando Broja,ALB,FW,20,2001,12,2,294,3.3,1,0,1,1,0,0,0,0,0.31,0.0,0.31,0.31,0.31
ENG-Premier League,2223,Chelsea,Ben Chilwell,ENG,"MF,DF",25,1996,23,15,1408,15.6,2,2,4,2,0,0,3,0,0.13,0.13,0.26,0.13,0.26
ENG-Premier League,2223,Chelsea,Benoît Badiashile,FRA,DF,21,2001,11,10,905,10.1,1,0,1,1,0,0,2,0,0.1,0.0,0.1,0.1,0.1
ENG-Premier League,2223,Chelsea,Carney Chukwuemeka,AUT,MF,18,2003,14,2,354,3.9,0,0,0,0,0,0,0,0,0.0,0.0,0.0,0.0,0.0
ENG-Premier League,2223,Chelsea,Christian Pulisic,USA,"MF,FW",23,1998,24,8,821,9.1,1,1,2,1,0,0,1,0,0.11,0.11,0.22,0.11,0.22
ENG-Premier League,2223,Chelsea,Conor Gallagher,ENG,MF,22,2000,35,18,1621,18.0,3,1,4,3,0,0,11,1,0.17,0.06,0.22,0.17,0.22
ENG-Premier League,2223,Chelsea,César Azpilicueta,ESP,"DF,MF",32,1989,25,16,1527,17.0,0,0,0,0,0,0,3,0,0.0,0.0,0.0,0.0,0.0
ENG-Premier League,2223,Chelsea,David Datro Fofana,CIV,FW,19,2002,3,1,70,0.8,0,0,0,0,0,0,0,0,0.0,0.0,0.0,0.0,0.0
ENG-Premier League,2223,Chelsea,Denis Zakaria,SUI,MF,25,1996,7,5,411,4.6,0,0,0,0,0,0,0,0,0.0,0.0,0.0,0.0,0.0
ENG-Premier League,2223,Chelsea,Enzo Fernández,ARG,MF,21,2001,18,18,1547,17.2,0,2,2,0,0,0,3,0,0.0,0.12,0.12,0.0,0.12
ENG-Premier League,2223,Chelsea,Hakim Ziyech,MAR,"MF,FW",29,1993,18,6,661,7.3,0,3,3,0,0,0,1,0,0.0,0.41,0.41,0.0,0.41
ENG-Premier League,2223,Chelsea,Jorginho,ITA,MF,30,1991,18,15,1279,14.2,2,0,2,0,2,2,4,0,0.14,0.0,0.14,0.0,0.0
ENG-Premier League,2223,Chelsea,João Félix,POR,"FW,MF",22,1999,16,11,941,10.5,4,0,4,4,0,0,1,1,0.38,0.0,0.38,0.38,0.38
ENG-Premier League,2223,Chelsea,Kai Havertz,GER,"FW,MF",23,1999,35,30,2569,28.5,7,1,8,6,1,1,5,0,0.25,0.04,0.28,0.21,0.25
ENG-Premier League,2223,Chelsea,Kalidou Koulibaly,SEN,DF,31,1991,23,20,1800,20.0,2,1,3,2,0,0,7,1,0.1,0.05,0.15,0.1,0.15
ENG-Premier League,2223,Chelsea,Kepa Arrizabalaga,ESP,GK,27,1994,29,29,2565,28.5,0,0,0,0,0,0,1,0,0.0,0.0,0.0,0.0,0.0
ENG-Premier League,2223,Chelsea,Lewis Hall,ENG,"MF,DF",17,2004,9,8,654,7.3,0,0,0,0,0,0,1,0,0.0,0.0,0.0,0.0,0.0
ENG-Premier League,2223,Chelsea,Marc Cucurella,ESP,"DF,MF",24,1998,24,21,1671,18.6,0,2,2,0,0,0,4,0,0.0,0.11,0.11,0.0,0.11
ENG-Premier League,2223,Chelsea,Mason Mount,ENG,MF,23,1999,24,20,1648,18.3,3,2,5,3,0,0,4,0,0.16,0.11,0.27,0.16,0.27
ENG-Premier League,2223,Chelsea,Mateo Kovačić,CRO,MF,28,1994,27,17,1707,19.0,1,2,3,1,0,0,8,0,0.05,0.11,0.16,0.05,0.16
ENG-Premier League,2223,Chelsea,Mykhailo Mudryk,UKR,"FW,MF",21,2001,15,7,657,7.3,0,2,2,0,0,0,1,0,0.0,0.27,0.27,0.0,0.27
ENG-Premier League,2223,Chelsea,N'Golo Kanté,FRA,MF,31,1991,7,6,518,5.8,0,1,1,0,0,0,1,0,0.0,0.17,0.17,0.0,0.17
ENG-Premier League,2223,Chelsea,Noni Madueke,ENG,"FW,MF",20,2002,12,7,643,7.1,1,0,1,1,0,0,0,0,0.14,0.0,0.14,0.14,0.14
ENG-Premier League,2223,Chelsea,Omari Hutchinson,ENG,MF,18,2003,1,0,23,0.3,0,0,0,0,0,0,0,0,0.0,0.0,0.0,0.0,0.0
ENG-Premier League,2223,Chelsea,Pierre-Emerick Aubameyang,GAB,FW,33,1989,15,5,554,6.2,1,0,1,1,0,0,1,0,0.16,0.0,0.16,0.16,0.16
ENG-Premier League,2223,Chelsea,Raheem Sterling,ENG,"FW,MF",27,1994,28,23,1891,21.0,6,3,9,6,0,0,4,0,0.29,0.14,0.43,0.29,0.43
ENG-Premier League,2223,Chelsea,Reece James,ENG,"DF,MF",22,1999,16,14,1244,13.8,1,1,2,1,0,0,4,0,0.07,0.07,0.14,0.07,0.14
ENG-Premier League,2223,Chelsea,Ruben Loftus-Cheek,ENG,MF,26,1996,25,19,1536,17.1,0,1,1,0,0,0,1,0,0.0,0.06,0.06,0.0,0.06
ENG-Premier League,2223,Chelsea,Thiago Silva,BRA,DF,37,1984,27,26,2352,26.1,0,2,2,0,0,0,2,0,0.0,0.08,0.08,0.0,0.08
ENG-Premier League,2223,Chelsea,Trevoh Chalobah,ENG,DF,23,1999,25,18,1608,17.9,0,0,0,0,0,0,4,0,0.0,0.0,0.0,0.0,0.0
ENG-Premier League,2223,Chelsea,Wesley Fofana,FRA,DF,21,2000,15,12,1183,13.1,1,0,1,1,0,0,3,0,0.08,0.0,0.08,0.08,0.08
ENG-Premier League,2223,Chelsea,Édouard Mendy,SEN,GK,30,1992,10,9,855,9.5,0,0,0,0,0,0,1,0,0.0,0.0,0.0,0.0,0.0
ENG-Premier League,2223,Crystal Palace,Albert Sambi Lokonga,BEL,MF,22,1999,9,6,536,6.0,0,0,0,0,0,0,2,0,0.0,0.0,0.0,0.0,0.0
ENG-Premier League,2223,Crystal Palace,Cheick Doucouré,MLI,MF,22,2000,34,34,2769,30.8,0,3,3,0,0,0,10,1,0.0,0.1,0.1,0.0,0.1
ENG-Premier League,2223,Crystal Palace,Chris Richards,USA,DF,22,2000,9,4,447,5.0,0,0,0,0,0,0,0,0,0.0,0.0,0.0,0.0,0.0
ENG-Premier League,2223,Crystal Palace,David Ozoh,ENG,MF,17,2005,1,0,1,0.0,0,0,0,0,0,0,0,0,0.0,0.0,0.0,0.0,0.0
ENG-Premier League,2223,Crystal Palace,Eberechi Eze,ENG,"MF,FW",24,1998,38,30,2636,29.3,10,4,14,9,1,1,3,0,0.34,0.14,0.48,0.31,0.44
ENG-Premier League,2223,Crystal Palace,James McArthur,SCO,MF,34,1987,4,0,54,0.6,0,0,0,0,0,0,0,0,0.0,0.0,0.0,0.0,0.0
ENG-Premier League,2223,Crystal Palace,James Tomkins,ENG,DF,33,1989,6,3,338,3.8,1,0,1,1,0,0,3,1,0.27,0.0,0.27,0.27,0.27
ENG-Premier League,2223,Crystal Palace,Jaïro Riedewald,NED,"DF,MF",25,1996,6,0,64,0.7,0,0,0,0,0,0,0,0,0.0,0.0,0.0,0.0,0.0
ENG-Premier League,2223,Crystal Palace,Jean-Philippe Mateta,FRA,FW,25,1997,29,6,770,8.6,2,0,2,2,0,0,3,0,0.23,0.0,0.23,0.23,0.23
ENG-Premier League,2223,Crystal Palace,Jeffrey Schlupp,GHA,MF,29,1992,34,30,2531,28.1,3,1,4,3,0,0,7,0,0.11,0.04,0.14,0.11,0.14
ENG-Premier League,2223,Crystal Palace,Joachim Andersen,DEN,DF,26,1996,32,32,2782,30.9,1,0,1,1,0,0,8,0,0.03,0.0,0.03,0.03,0.03
ENG-Premier League,2223,Crystal Palace,Joel Ward,ENG,DF,32,1989,28,24,2256,25.1,1,0,1,1,0,0,6,0,0.04,0.0,0.04,0.04,0.04
ENG-Premier League,2223,Crystal Palace,Jordan Ayew,GHA,"FW,MF",30,1991,38,31,2714,30.2,4,3,7,4,0,0,5,0,0.13,0.1,0.23,0.13,0.23
ENG-Premier League,2223,Crystal Palace,Joseph Whitworth,ENG,GK,18,2004,2,2,180,2.0,0,0,0,0,0,0,0,0,0.0,0.0,0.0,0.0,0.0
ENG-Premier League,2223,Crystal Palace,Luka Milivojević,SRB,MF,31,1991,18,5,512,5.7,0,0,0,0,0,0,2,0,0.0,0.0,0.0,0.0,0.0
ENG-Premier League,2223,Crystal Palace,Malcolm Ebiowei,ENG,MF,18,2003,3,0,34,0.4,0,0,0,0,0,0,0,0,0.0,0.0,0.0,0.0,0.0
ENG-Premier League,2223,Crystal Palace,Marc Guéhi,ENG,DF,22,2000,37,37,3329,37.0,1,0,1,1,0,0,8,0,0.03,0.0,0.03,0.03,0.03
ENG-Premier League,2223,Crystal Palace,Michael Olise,FRA,"MF,FW",20,2001,37,31,2749,30.5,2,11,13,2,0,0,2,0,0.07,0.36,0.43,0.07,0.43
ENG-Premier League,2223,Crystal Palace,Naouirou Ahamada,FRA,MF,20,2002,8,0,94,1.0,0,0,0,0,0,0,1,0,0.0,0.0,0.0,0.0,0.0
ENG-Premier League,2223,Crystal Palace,Nathaniel Clyne,ENG,DF,31,1991,22,19,1640,18.2,0,0,0,0,0,0,3,0,0.0,0.0,0.0,0.0,0.0
ENG-Premier League,2223,Crystal Palace,Odsonne Édouard,FRA,FW,24,1998,35,20,1803,20.0,5,2,7,5,0,0,3,0,0.25,0.1,0.35,0.25,0.35
ENG-Premier League,2223,Crystal Palace,Sam Johnstone,ENG,GK,29,1993,9,9,810,9.0,0,0,0,0,0,0,1,0,0.0,0.0,0.0,0.0,0.0
ENG-Premier League,2223,Crystal Palace,Tyrick Mitchell,ENG,DF,22,1999,36,34,2891,32.1,0,2,2,0,0,0,5,1,0.0,0.06,0.06,0.0,0.06
ENG-Premier League,2223,Crystal Palace,Vicente Guaita,ESP,GK,35,1987,27,27,2430,27.0,0,0,0,0,0,0,1,0,0.0,0.0,0.0,0.0,0.0
ENG-Premier League,2223,Crystal Palace,Wilfried Zaha,CIV,"FW,MF",29,1992,27,27,2288,25.4,7,2,9,7,0,2,5,0,0.28,0.08,0.35,0.28,0.35
ENG-Premier League,2223,Crystal Palace,Will Hughes,ENG,MF,27,1995,27,7,842,9.4,1,1,2,1,0,0,4,0,0.11,0.11,0.21,0.11,0.21
ENG-Premier League,2223,Everton,Abdoulaye Doucouré,MLI,MF,29,1993,25,17,1533,17.0,5,2,7,5,0,0,6,1,0.29,0.12,0.41,0.29,0.41
ENG-Premier League,2223,Everton,Alex Iwobi,NGA,MF,26,1996,38,38,3378,37.5,2,7,9,2,0,0,2,0,0.05,0.19,0.24,0.05,0.24
ENG-Premier League,2223,Everton,Amadou Onana,BEL,MF,20,2001,33,29,2488,27.6,1,2,3,1,0,0,9,0,0.04,0.07,0.11,0.04,0.11
ENG-Premier League,2223,Everton,Anthony Gordon,ENG,"FW,MF",21,2001,16,12,1095,12.2,3,0,3,3,0,0,6,0,0.25,0.0,0.25,0.25,0.25
ENG-Premier League,2223,Everton,Asmir Begović,BIH,GK,35,1987,1,1,90,1.0,0,0,0,0,0,0,0,0,0.0,0.0,0.0,0.0,0.0
ENG-Premier League,2223,Everton,Ben Godfrey,ENG,DF,24,1998,13,10,802,8.9,0,1,1,0,0,0,2,0,0.0,0.11,0.11,0.0,0.11
ENG-Premier League,2223,Everton,Conor Coady,ENG,DF,29,1993,24,23,2096,23.3,1,1,2,1,0,0,2,0,0.04,0.04,0.09,0.04,0.09
ENG-Premier League,2223,Everton,Dele Alli,ENG,"FW,MF",26,1996,2,0,40,0.4,0,0,0,0,0,0,0,0,0.0,0.0,0.0,0.0,0.0
ENG-Premier League,2223,Everton,Demarai Gray,JAM,"FW,MF",26,1996,33,27,2507,27.9,4,1,5,2,2,2,3,0,0.14,0.04,0.18,0.07,0.11
ENG-Premier League,2223,Everton,Dominic Calvert-Lewin,ENG,FW,25,1997,17,15,1165,12.9,2,1,3,1,1,1,3,0,0.15,0.08,0.23,0.08,0.15
ENG-Premier League,2223,Everton,Dwight McNeil,ENG,"MF,FW",22,1999,36,28,2498,27.8,7,3,10,7,0,0,5,0,0.25,0.11,0.36,0.25,0.36
ENG-Premier League,2223,Everton,Ellis Simms,ENG,FW,21,2001,11,2,228,2.5,1,0,1,1,0,0,0,0,0.39,0.0,0.39,0.39,0.39
ENG-Premier League,2223,Everton,Idrissa Gueye,SEN,MF,32,1989,33,32,2577,28.6,0,1,1,0,0,0,7,0,0.0,0.03,0.03,0.0,0.03
ENG-Premier League,2223,Everton,Isaac Price,NIR,MF,18,2003,1,0,33,0.4,0,0,0,0,0,0,1,0,0.0,0.0,0.0,0.0,0.0
ENG-Premier League,2223,Everton,James Garner,ENG,MF,21,2001,16,7,804,8.9,0,1,1,0,0,0,3,0,0.0,0.11,0.11,0.0,0.11
ENG-Premier League,2223,Everton,James Tarkowski,ENG,DF,29,1992,38,38,3420,38.0,1,1,2,1,0,0,6,0,0.03,0.03,0.05,0.03,0.05
ENG-Premier League,2223,Everton,Jordan Pickford,ENG,GK,28,1994,37,37,3330,37.0,0,1,1,0,0,0,6,0,0.0,0.03,0.03,0.0,0.03
ENG-Premier League,2223,Everton,Mason Holgate,JAM,DF,25,1996,8,5,507,5.6,0,0,0,0,0,0,3,1,0.0,0.0,0.0,0.0,0.0
ENG-Premier League,2223,Everton,Michael Keane,ENG,DF,29,1993,12,10,985,10.9,1,2,3,1,0,0,0,0,0.09,0.18,0.27,0.09,0.27
ENG-Premier League,2223,Everton,Nathan Patterson,SCO,"DF,MF",20,2001,19,14,1279,14.2,0,0,0,0,0,0,3,0,0.0,0.0,0.0,0.0,0.0
ENG-Premier League,2223,Everton,Neal Maupay,FRA,FW,25,1996,27,11,1118,12.4,1,0,1,1,0,0,4,0,0.08,0.0,0.08,0.08,0.08
ENG-Premier League,2223,Everton,Rúben Vinagre,POR,"DF,MF",23,1999,2,0,26,0.3,0,0,0,0,0,0,0,0,0.0,0.0,0.0,0.0,0.0
ENG-Premier League,2223,Everton,Salomón Rondón,VEN,FW,32,1989,7,1,109,1.2,0,0,0,0,0,0,0,0,0.0,0.0,0.0,0.0,0.0
ENG-Premier League,2223,Everton,Séamus Coleman,IRL,"DF,MF",33,1988,23,20,1656,18.4,1,0,1,1,0,0,1,0,0.05,0.0,0.05,0.05,0.05
ENG-Premier League,2223,Everton,Tom Cannon,IRL,FW,19,2002,2,0,25,0.3,0,0,0,0,0,0,0,0,0.0,0.0,0.0,0.0,0.0
ENG-Premier League,2223,Everton,Tom Davies,ENG,MF,24,1998,19,4,538,6.0,0,0,0,0,0,0,3,0,0.0,0.0,0.0,0.0,0.0
ENG-Premier League,2223,Everton,Vitaliy Mykolenko,UKR,"DF,MF",23,1999,34,30,2655,29.5,0,0,0,0,0,0,4,0,0.0,0.0,0.0,0.0,0.0
ENG-Premier League,2223,Everton,Yerry Mina,COL,DF,27,1994,7,7,594,6.6,2,0,2,2,0,0,2,0,0.3,0.0,0.3,0.3,0.3
ENG-Premier League,2223,Fulham,Aleksandar Mitrović,SRB,FW,27,1994,24,23,2008,22.3,14,1,15,10,4,8,7,0,0.63,0.04,0.67,0.45,0.49
ENG-Premier League,2223,Fulham,Andreas Pereira,BRA,MF,26,1996,33,33,2692,29.9,4,6,10,3,1,1,8,0,0.13,0.2,0.33,0.1,0.3
ENG-Premier League,2223,Fulham,Antonee Robinson,USA,DF,24,1997,35,35,3088,34.3,0,1,1,0,0,0,8,0,0.0,0.03,0.03,0.0,0.03
ENG-Premier League,2223,Fulham,Bernd Leno,GER,GK,30,1992,36,36,3240,36.0,0,0,0,0,0,0,3,0,0.0,0.0,0.0,0.0,0.0
ENG-Premier League,2223,Fulham,Bobby De Cordova-Reid,JAM,"MF,DF",29,1993,36,29,2475,27.5,4,1,5,4,0,0,8,0,0.15,0.04,0.18,0.15,0.18
ENG-Premier League,2223,Fulham,Carlos Vinícius,BRA,FW,27,1995,28,11,1109,12.3,5,2,7,5,0,0,3,0,0.41,0.16,0.57,0.41,0.57
ENG-Premier League,2223,Fulham,Cédric Soares,POR,DF,30,1991,6,2,198,2.2,0,0,0,0,0,0,0,0,0.0,0.0,0.0,0.0,0.0
ENG-Premier League,2223,Fulham,Daniel James,WAL,"MF,FW",24,1997,20,5,621,6.9,2,1,3,2,0,0,0,0,0.29,0.14,0.43,0.29,0.43
ENG-Premier League,2223,Fulham,Harrison Reed,ENG,MF,27,1995,37,35,2866,31.8,3,4,7,3,0,0,5,0,0.09,0.13,0.22,0.09,0.22
ENG-Premier League,2223,Fulham,Harry Wilson,WAL,MF,25,1997,29,13,1100,12.2,2,3,5,2,0,0,1,0,0.16,0.25,0.41,0.16,0.41
ENG-Premier League,2223,Fulham,Issa Diop,MAR,DF,25,1997,25,21,2012,22.4,1,0,1,1,0,0,2,0,0.04,0.0,0.04,0.04,0.04
ENG-Premier League,2223,Fulham,Jay Stansfield,ENG,MF,19,2002,3,1,87,1.0,0,0,0,0,0,0,0,0,0.0,0.0,0.0,0.0,0.0
ENG-Premier League,2223,Fulham,Josh Onomah,ENG,"FW,MF",25,1997,2,0,15,0.2,0,0,0,0,0,0,0,0,0.0,0.0,0.0,0.0,0.0
ENG-Premier League,2223,Fulham,João Palhinha,POR,MF,27,1995,35,35,3108,34.5,3,0,3,3,0,0,14,0,0.09,0.0,0.09,0.09,0.09
ENG-Premier League,2223,Fulham,Kenny Tete,NED,DF,26,1995,31,29,2569,28.5,1,5,6,1,0,0,8,0,0.04,0.18,0.21,0.04,0.21
ENG-Premier League,2223,Fulham,Kevin Mbabu,SUI,DF,27,1995,6,1,144,1.6,0,1,1,0,0,0,1,0,0.0,0.62,0.62,0.0,0.62
ENG-Premier League,2223,Fulham,Layvin Kurzawa,FRA,DF,29,1992,3,2,135,1.5,0,0,0,0,0,0,1,0,0.0,0.0,0.0,0.0,0.0
ENG-Premier League,2223,Fulham,Luke Harris,WAL,MF,17,2005,3,0,13,0.1,0,0,0,0,0,0,0,0,0.0,0.0,0.0,0.0,0.0
ENG-Premier League,2223,Fulham,Manor Solomon,ISR,MF,23,1999,19,4,572,6.4,4,0,4,4,0,0,0,0,0.63,0.0,0.63,0.63,0.63
ENG-Premier League,2223,Fulham,Marek Rodák,SVK,GK,25,1996,2,2,180,2.0,0,0,0,0,0,0,0,0,0.0,0.0,0.0,0.0,0.0
ENG-Premier League,2223,Fulham,Nathaniel Chalobah,ENG,MF,27,1994,4,1,12,0.1,0,0,0,0,0,0,0,1,0.0,0.0,0.0,0.0,0.0
ENG-Premier League,2223,Fulham,Neeskens Kebano,COD,MF,30,1992,17,9,764,8.5,0,3,3,0,0,0,0,0,0.0,0.35,0.35,0.0,0.35
ENG-Premier League,2223,Fulham,Saša Lukić,SRB,MF,25,1996,12,4,412,4.6,0,0,0,0,0,0,1,0,0.0,0.0,0.0,0.0,0.0
ENG-Premier League,2223,Fulham,Shane Duffy,IRL,"DF,MF",30,1992,5,0,20,0.2,0,0,0,0,0,0,0,0,0.0,0.0,0.0,0.0,0.0
ENG-Premier League,2223,Fulham,Tim Ream,USA,DF,34,1987,33,33,2897,32.2,1,0,1,1,0,0,2,0,0.03,0.0,0.03,0.03,0.03
ENG-Premier League,2223,Fulham,Tom Cairney,SCO,MF,31,1991,33,6,988,11.0,2,0,2,2,0,0,2,0,0.18,0.0,0.18,0.18,0.18
ENG-Premier League,2223,Fulham,Tosin Adarabioyo,ENG,DF,24,1997,25,23,2085,23.2,1,0,1,1,0,0,4,0,0.04,0.0,0.04,0.04,0.04
ENG-Premier League,2223,Fulham,Tyrese Francois,AUS,MF,22,2000,1,0,1,0.0,0,0,0,0,0,0,0,0,0.0,0.0,0.0,0.0,0.0
ENG-Premier League,2223,Fulham,Willian,BRA,MF,33,1988,27,25,2126,23.6,5,5,10,5,0,0,2,0,0.21,0.21,0.42,0.21,0.42
ENG-Premier League,2223,Leeds United,Adam Forshaw,ENG,MF,30,1991,12,5,479,5.3,0,0,0,0,0,0,0,0,0.0,0.0,0.0,0.0,0.0
ENG-Premier League,2223,Leeds United,Brenden Aaronson,USA,MF,21,2000,36,28,2372,26.4,1,3,4,1,0,0,2,0,0.04,0.11,0.15,0.04,0.15
ENG-Premier League,2223,Leeds United,Cody Drameh,ENG,DF,20,2001,1,1,69,0.8,0,0,0,0,0,0,0,0,0.0,0.0,0.0,0.0,0.0
ENG-Premier League,2223,Leeds United,Crysencio Summerville,NED,"MF,FW",20,2001,28,12,1426,15.8,4,2,6,4,0,0,4,0,0.25,0.13,0.38,0.25,0.38
ENG-Premier League,2223,Leeds United,Daniel James,WAL,MF,24,1997,4,2,198,2.2,0,0,0,0,0,0,0,0,0.0,0.0,0.0,0.0,0.0
ENG-Premier League,2223,Leeds United,Darko Gyabi,ENG,MF,18,2004,1,0,8,0.1,0,0,0,0,0,0,0,0,0.0,0.0,0.0,0.0,0.0
ENG-Premier League,2223,Leeds United,Diego Llorente,ESP,DF,28,1993,8,7,649,7.2,0,0,0,0,0,0,1,0,0.0,0.0,0.0,0.0,0.0
ENG-Premier League,2223,Leeds United,Georginio Rutter,FRA,FW,20,2002,11,1,273,3.0,0,1,1,0,0,0,0,0,0.0,0.33,0.33,0.0,0.33
ENG-Premier League,2223,Leeds United,Illan Meslier,FRA,GK,22,2000,34,34,3060,34.0,0,0,0,0,0,0,3,0,0.0,0.0,0.0,0.0,0.0
ENG-Premier League,2223,Leeds United,Jack Harrison,ENG,MF,25,1996,36,34,2708,30.1,5,7,12,5,0,0,2,0,0.17,0.23,0.4,0.17,0.4
ENG-Premier League,2223,Leeds United,Joe Gelhardt,ENG,FW,20,2002,15,1,212,2.4,0,2,2,0,0,0,1,0,0.0,0.85,0.85,0.0,0.85
ENG-Premier League,2223,Leeds United,Joel Robles,ESP,GK,32,1990,4,4,360,4.0,0,0,0,0,0,0,1,0,0.0,0.0,0.0,0.0,0.0
ENG-Premier League,2223,Leeds United,Junior Firpo,DOM,DF,25,1996,19,14,1368,15.2,1,1,2,1,0,0,6,1,0.07,0.07,0.13,0.07,0.13
ENG-Premier League,2223,Leeds United,Liam Cooper,SCO,DF,30,1991,18,16,1426,15.8,1,0,1,1,0,0,5,0,0.06,0.0,0.06,0.06,0.06
ENG-Premier League,2223,Leeds United,Luis Sinisterra,COL,MF,23,1999,19,13,867,9.6,5,0,5,5,0,0,3,1,0.52,0.0,0.52,0.52,0.52
ENG-Premier League,2223,Leeds United,Luke Ayling,ENG,DF,30,1991,29,22,2054,22.8,2,1,3,2,0,0,3,0,0.09,0.04,0.13,0.09,0.13
ENG-Premier League,2223,Leeds United,Marc Roca,ESP,MF,25,1996,32,29,2315,25.7,1,2,3,1,0,0,7,0,0.04,0.08,0.12,0.04,0.12
ENG-Premier League,2223,Leeds United,Mateo Joseph,ESP,FW,18,2003,3,0,26,0.3,0,0,0,0,0,0,0,0,0.0,0.0,0.0,0.0,0.0
ENG-Premier League,2223,Leeds United,Mateusz Klich,POL,MF,32,1990,14,0,280,3.1,0,0,0,0,0,0,2,0,0.0,0.0,0.0,0.0,0.0
ENG-Premier League,2223,Leeds United,Maximilian Wöber,AUT,DF,24,1998,16,14,1266,14.1,0,0,0,0,0,0,3,0,0.0,0.0,0.0,0.0,0.0
ENG-Premier League,2223,Leeds United,Pascal Struijk,NED,DF,22,1999,29,26,2200,24.4,2,1,3,2,0,0,5,0,0.08,0.04,0.12,0.08,0.12
ENG-Premier League,2223,Leeds United,Patrick Bamford,ENG,FW,28,1993,28,18,1515,16.8,4,2,6,4,0,2,3,0,0.24,0.12,0.36,0.24,0.36
ENG-Premier League,2223,Leeds United,Rasmus Kristensen,DEN,DF,25,1997,26,21,1960,21.8,3,1,4,3,0,0,4,0,0.14,0.05,0.18,0.14,0.18
ENG-Premier League,2223,Leeds United,Robin Koch,GER,DF,26,1996,36,36,3175,35.3,0,0,0,0,0,0,7,0,0.0,0.0,0.0,0.0,0.0
ENG-Premier League,2223,Leeds United,Rodrigo,ESP,"FW,MF",31,1991,31,23,1935,21.5,13,1,14,12,1,1,6,0,0.6,0.05,0.65,0.56,0.6
ENG-Premier League,2223,Leeds United,Sam Greenwood,ENG,MF,20,2002,18,3,424,4.7,1,2,3,1,0,0,1,0,0.21,0.42,0.64,0.21,0.64
ENG-Premier League,2223,Leeds United,Tyler Adams,USA,MF,23,1999,24,24,2156,24.0,0,0,0,0,0,0,6,1,0.0,0.0,0.0,0.0,0.0
ENG-Premier League,2223,Leeds United,Weston McKennie,USA,MF,23,1998,19,16,1437,16.0,0,1,1,0,0,0,7,0,0.0,0.06,0.06,0.0,0.06
ENG-Premier League,2223,Leeds United,Wilfried Gnonto,ITA,"MF,FW",18,2003,24,14,1354,15.0,2,4,6,2,0,0,7,0,0.13,0.27,0.4,0.13,0.4
ENG-Premier League,2223,Leicester City,Ayoze Pérez,ESP,MF,29,1993,8,3,382,4.2,0,1,1,0,0,0,0,0,0.0,0.24,0.24,0.0,0.24
ENG-Premier League,2223,Leicester City,Boubakary Soumaré,FRA,MF,23,1999,26,20,1629,18.1,0,0,0,0,0,0,9,0,0.0,0.0,0.0,0.0,0.0
ENG-Premier League,2223,Leicester City,Daniel Amartey,GHA,DF,27,1994,20,18,1610,17.9,0,0,0,0,0,0,1,0,0.0,0.0,0.0,0.0,0.0
ENG-Premier League,2223,Leicester City,Daniel Iversen,DEN,GK,25,1997,12,12,1080,12.0,0,0,0,0,0,0,0,0,0.0,0.0,0.0,0.0,0.0
ENG-Premier League,2223,Leicester City,Danny Ward,WAL,GK,29,1993,26,26,2340,26.0,0,0,0,0,0,0,0,0,0.0,0.0,0.0,0.0,0.0
ENG-Premier League,2223,Leicester City,Dennis Praet,BEL,MF,28,1994,22,6,649,7.2,1,0,1,1,0,0,1,0,0.14,0.0,0.14,0.14,0.14
ENG-Premier League,2223,Leicester City,Harry Souttar,AUS,DF,23,1998,12,11,992,11.0,0,1,1,0,0,0,2,0,0.0,0.09,0.09,0.0,0.09
ENG-Premier League,2223,Leicester City,Harvey Barnes,ENG,"MF,FW",24,1997,34,32,2711,30.1,13,1,14,13,0,0,3,0,0.43,0.03,0.46,0.43,0.46
ENG-Premier League,2223,Leicester City,James Justin,ENG,"DF,MF",24,1998,14,14,1252,13.9,0,0,0,0,0,0,0,0,0.0,0.0,0.0,0.0,0.0
ENG-Premier League,2223,Leicester City,James Maddison,ENG,"MF,FW",25,1996,30,28,2480,27.6,10,9,19,9,1,2,10,0,0.36,0.33,0.69,0.33,0.65
ENG-Premier League,2223,Leicester City,Jamie Vardy,ENG,FW,35,1987,37,19,1857,20.6,3,4,7,3,0,1,1,0,0.15,0.19,0.34,0.15,0.34
ENG-Premier League,2223,Leicester City,Jonny Evans,NIR,DF,34,1988,13,12,1051,11.7,0,0,0,0,0,0,1,0,0.0,0.0,0.0,0.0,0.0
ENG-Premier League,2223,Leicester City,Kelechi Iheanacho,NGA,FW,25,1996,28,11,1127,12.5,5,5,10,4,1,1,0,0,0.4,0.4,0.8,0.32,0.72
ENG-Premier League,2223,Leicester City,Kiernan Dewsbury-Hall,ENG,MF,23,1998,31,28,2306,25.6,2,2,4,2,0,0,5,1,0.08,0.08,0.16,0.08,0.16
ENG-Premier League,2223,Leicester City,Lewis Brunt,ENG,"DF,MF",21,2000,1,0,23,0.3,0,0,0,0,0,0,0,0,0.0,0.0,0.0,0.0,0.0
ENG-Premier League,2223,Leicester City,Luke Thomas,ENG,DF,21,2001,17,11,1073,11.9,0,0,0,0,0,0,3,0,0.0,0.0,0.0,0.0,0.0
ENG-Premier League,2223,Leicester City,Marc Albrighton,ENG,MF,32,1989,6,1,237,2.6,1,0,1,1,0,0,0,0,0.38,0.0,0.38,0.38,0.38
ENG-Premier League,2223,Leicester City,Nampalys Mendy,SEN,MF,30,1992,19,7,757,8.4,1,0,1,1,0,0,1,0,0.12,0.0,0.12,0.12,0.12
ENG-Premier League,2223,Leicester City,Patson Daka,ZAM,FW,23,1998,30,13,1187,13.2,4,4,8,4,0,0,2,0,0.3,0.3,0.61,0.3,0.61
ENG-Premier League,2223,Leicester City,Ricardo Pereira,POR,"DF,MF",28,1993,10,5,454,5.0,1,1,2,1,0,0,2,0,0.2,0.2,0.4,0.2,0.4
ENG-Premier League,2223,Leicester City,Tetê,BRA,"MF,FW",22,2000,13,9,734,8.2,1,0,1,1,0,0,0,0,0.12,0.0,0.12,0.12,0.12
ENG-Premier League,2223,Leicester City,Timothy Castagne,BEL,"DF,MF",26,1995,37,36,3254,36.2,2,3,5,2,0,0,3,0,0.06,0.08,0.14,0.06,0.14
ENG-Premier League,2223,Leicester City,Victor Bernth Kristiansen,DEN,DF,19,2002,12,11,892,9.9,0,1,1,0,0,0,2,0,0.0,0.1,0.1,0.0,0.1
ENG-Premier League,2223,Leicester City,Wesley Fofana,FRA,DF,21,2000,2,2,180,2.0,0,0,0,0,0,0,1,0,0.0,0.0,0.0,0.0,0.0
ENG-Premier League,2223,Leicester City,Wilfred Ndidi,NGA,"MF,DF",25,1996,27,19,1679,18.7,0,0,0,0,0,0,4,0,0.0,0.0,0.0,0.0,0.0
ENG-Premier League,2223,Leicester City,Wout Faes,BEL,DF,24,1998,31,31,2786,31.0,1,2,3,1,0,0,6,1,0.03,0.06,0.1,0.03,0.1
ENG-Premier League,2223,Leicester City,Youri Tielemans,BEL,MF,25,1997,31,27,2344,26.0,3,2,5,2,1,2,4,0,0.12,0.08,0.19,0.08,0.15
ENG-Premier League,2223,Leicester City,Çağlar Söyüncü,TUR,DF,26,1996,7,6,529,5.9,1,0,1,1,0,0,2,0,0.17,0.0,0.17,0.17,0.17
ENG-Premier League,2223,Liverpool,Alex Oxlade-Chamberlain,ENG,FW,28,1993,9,4,335,3.7,1,0,1,1,0,0,0,0,0.27,0.0,0.27,0.27,0.27
ENG-Premier League,2223,Liverpool,Alisson,BRA,GK,29,1992,37,37,3330,37.0,0,1,1,0,0,0,1,0,0.0,0.03,0.03,0.0,0.03
ENG-Premier League,2223,Liverpool,Andy Robertson,SCO,DF,28,1994,34,29,2583,28.7,0,8,8,0,0,0,3,0,0.0,0.28,0.28,0.0,0.28
ENG-Premier League,2223,Liverpool,Ben Gannon-Doak,SCO,MF,16,2005,2,0,26,0.3,0,0,0,0,0,0,0,0,0.0,0.0,0.0,0.0,0.0
ENG-Premier League,2223,Liverpool,Bobby Clark,ENG,MF,17,2005,1,0,8,0.1,0,0,0,0,0,0,0,0,0.0,0.0,0.0,0.0,0.0
ENG-Premier League,2223,Liverpool,Caoimhín Kelleher,IRL,GK,23,1998,1,1,90,1.0,0,0,0,0,0,0,0,0,0.0,0.0,0.0,0.0,0.0
ENG-Premier League,2223,Liverpool,Cody Gakpo,NED,FW,23,1999,21,17,1458,16.2,7,2,9,7,0,0,0,0,0.43,0.12,0.56,0.43,0.56
ENG-Premier League,2223,Liverpool,Curtis Jones,ENG,MF,21,2001,18,12,1035,11.5,3,1,4,3,0,0,2,0,0.26,0.09,0.35,0.26,0.35
ENG-Premier League,2223,Liverpool,Darwin Núñez,URU,FW,23,1999,29,19,1695,18.8,9,3,12,9,0,0,1,1,0.48,0.16,0.64,0.48,0.64
ENG-Premier League,2223,Liverpool,Diogo Jota,POR,"FW,MF",25,1996,22,12,1131,12.6,7,4,11,7,0,0,2,0,0.56,0.32,0.88,0.56,0.88
ENG-Premier League,2223,Liverpool,Fabinho,BRA,MF,28,1993,36,31,2671,29.7,0,2,2,0,0,0,11,0,0.0,0.07,0.07,0.0,0.07
ENG-Premier League,2223,Liverpool,Fabio Carvalho,POR,"MF,FW",19,2002,13,4,347,3.9,2,0,2,2,0,0,0,0,0.52,0.0,0.52,0.52,0.52
ENG-Premier League,2223,Liverpool,Harvey Elliott,ENG,MF,19,2003,32,18,1613,17.9,1,2,3,1,0,0,2,0,0.06,0.11,0.17,0.06,0.17
ENG-Premier League,2223,Liverpool,Ibrahima Konaté,FRA,DF,23,1999,18,17,1552,17.2,0,0,0,0,0,0,5,0,0.0,0.0,0.0,0.0,0.0
ENG-Premier League,2223,Liverpool,James Milner,ENG,"MF,DF",36,1986,31,7,913,10.1,0,1,1,0,0,0,2,0,0.0,0.1,0.1,0.0,0.1
ENG-Premier League,2223,Liverpool,Joe Gomez,ENG,DF,25,1997,21,15,1466,16.3,0,0,0,0,0,0,3,0,0.0,0.0,0.0,0.0,0.0
ENG-Premier League,2223,Liverpool,Jordan Henderson,ENG,MF,32,1990,35,23,2074,23.0,0,2,2,0,0,0,2,0,0.0,0.09,0.09,0.0,0.09
ENG-Premier League,2223,Liverpool,Joël Matip,CMR,DF,30,1991,14,12,1092,12.1,1,0,1,1,0,0,3,0,0.08,0.0,0.08,0.08,0.08
ENG-Premier League,2223,Liverpool,Kostas Tsimikas,GRE,DF,26,1996,20,9,771,8.6,0,4,4,0,0,0,3,0,0.0,0.47,0.47,0.0,0.47
ENG-Premier League,2223,Liverpool,Luis Díaz,COL,FW,25,1997,17,11,996,11.1,4,2,6,4,0,0,2,0,0.36,0.18,0.54,0.36,0.54
ENG-Premier League,2223,Liverpool,Mohamed Salah,EGY,FW,30,1992,38,37,3290,36.6,19,12,31,17,2,4,2,0,0.52,0.33,0.85,0.47,0.79
ENG-Premier League,2223,Liverpool,Naby Keïta,GUI,MF,27,1995,8,3,293,3.3,0,0,0,0,0,0,1,0,0.0,0.0,0.0,0.0,0.0
ENG-Premier League,2223,Liverpool,Nathaniel Phillips,ENG,DF,25,1997,2,1,66,0.7,0,0,0,0,0,0,0,0,0.0,0.0,0.0,0.0,0.0
ENG-Premier League,2223,Liverpool,Roberto Firmino,BRA,FW,30,1991,25,13,1213,13.5,11,4,15,11,0,0,0,0,0.82,0.3,1.11,0.82,1.11
ENG-Premier League,2223,Liverpool,Stefan Bajcetic,ESP,MF,17,2004,11,6,526,5.8,1,0,1,1,0,0,2,0,0.17,0.0,0.17,0.17,0.17
ENG-Premier League,2223,Liverpool,Thiago Alcántara,ESP,MF,31,1991,18,14,1254,13.9,0,0,0,0,0,0,2,0,0.0,0.0,0.0,0.0,0.0
ENG-Premier League,2223,Liverpool,Trent Alexander-Arnold,ENG,DF,23,1998,37,34,2923,32.5,2,9,11,2,0,0,5,0,0.06,0.28,0.34,0.06,0.34
ENG-Premier League,2223,Liverpool,Virgil van Dijk,NED,DF,31,1991,32,32,2835,31.5,3,1,4,3,0,0,3,0,0.1,0.03,0.13,0.1,0.13
ENG-Premier League,2223,Manchester City,Aymeric Laporte,ESP,"DF,MF",28,1994,12,11,993,11.0,0,0,0,0,0,0,0,0,0.0,0.0,0.0,0.0,0.0
ENG-Premier League,2223,Manchester City,Bernardo Silva,POR,"MF,FW",27,1994,34,24,2205,24.5,4,5,9,4,0,0,5,0,0.16,0.2,0.37,0.16,0.37
ENG-Premier League,2223,Manchester City,Cole Palmer,ENG,"MF,FW",20,2002,14,2,370,4.1,0,1,1,0,0,0,1,0,0.0,0.24,0.24,0.0,0.24
ENG-Premier League,2223,Manchester City,Ederson Moraes,BRA,GK,28,1993,35,35,3150,35.0,0,1,1,0,0,0,3,0,0.0,0.03,0.03,0.0,0.03
ENG-Premier League,2223,Manchester City,Erling Haaland,NOR,"FW,MF",22,2000,35,33,2769,30.8,36,8,44,29,7,7,5,0,1.17,0.26,1.43,0.94,1.2
ENG-Premier League,2223,Manchester City,Jack Grealish,ENG,"FW,MF",26,1995,28,23,2055,22.8,5,7,12,5,0,0,4,0,0.22,0.31,0.53,0.22,0.53
ENG-Premier League,2223,Manchester City,John Stones,ENG,"DF,MF",28,1994,23,21,1846,20.5,2,2,4,2,0,0,2,0,0.1,0.1,0.2,0.1,0.2
ENG-Premier League,2223,Manchester City,João Cancelo,POR,DF,28,1994,17,16,1274,14.2,2,1,3,2,0,0,3,1,0.14,0.07,0.21,0.14,0.21
ENG-Premier League,2223,Manchester City,Julián Álvarez,ARG,"MF,FW",22,2000,31,13,1465,16.3,9,0,9,8,1,1,0,0,0.55,0.0,0.55,0.49,0.49
ENG-Premier League,2223,Manchester City,Kalvin Phillips,ENG,"MF,DF",26,1995,12,2,300,3.3,0,0,0,0,0,0,1,0,0.0,0.0,0.0,0.0,0.0
ENG-Premier League,2223,Manchester City,Kevin De Bruyne,BEL,MF,31,1991,32,28,2417,26.9,7,16,23,7,0,0,1,0,0.26,0.6,0.86,0.26,0.86
ENG-Premier League,2223,Manchester City,Kyle Walker,ENG,"DF,MF",32,1990,27,22,1958,21.8,0,0,0,0,0,0,3,0,0.0,0.0,0.0,0.0,0.0
ENG-Premier League,2223,Manchester City,Manuel Akanji,SUI,"DF,MF",27,1995,29,24,2287,25.4,0,1,1,0,0,0,2,0,0.0,0.04,0.04,0.0,0.04
ENG-Premier League,2223,Manchester City,Máximo Perrone,ARG,MF,19,2003,1,0,19,0.2,0,0,0,0,0,0,0,0,0.0,0.0,0.0,0.0,0.0
ENG-Premier League,2223,Manchester City,Nathan Aké,NED,DF,27,1995,26,22,1873,20.8,1,0,1,1,0,0,2,0,0.05,0.0,0.05,0.05,0.05
ENG-Premier League,2223,Manchester City,Phil Foden,ENG,"FW,MF",22,2000,32,22,1842,20.5,11,6,17,11,0,0,1,0,0.54,0.29,0.83,0.54,0.83
ENG-Premier League,2223,Manchester City,Rico Lewis,ENG,"DF,MF",17,2004,14,10,903,10.0,0,0,0,0,0,0,1,0,0.0,0.0,0.0,0.0,0.0
ENG-Premier League,2223,Manchester City,Riyad Mahrez,ALG,"MF,FW",31,1991,30,22,1920,21.3,5,10,15,4,1,1,2,0,0.23,0.47,0.7,0.19,0.66
ENG-Premier League,2223,Manchester City,Rodri,ESP,"MF,DF",26,1996,36,34,2911,32.3,2,6,8,2,0,0,5,0,0.06,0.19,0.25,0.06,0.25
ENG-Premier League,2223,Manchester City,Rúben Dias,POR,"DF,MF",25,1997,26,22,1998,22.2,0,0,0,0,0,0,3,0,0.0,0.0,0.0,0.0,0.0
ENG-Premier League,2223,Manchester City,Sergio Gómez,ESP,"MF,FW",21,2000,12,2,349,3.9,0,1,1,0,0,0,0,0,0.0,0.26,0.26,0.0,0.26
ENG-Premier League,2223,Manchester City,Shea Charles,NIR,"DF,MF",18,2003,1,0,28,0.3,0,0,0,0,0,0,0,0,0.0,0.0,0.0,0.0,0.0
ENG-Premier League,2223,Manchester City,Stefan Ortega,GER,GK,29,1992,3,3,270,3.0,0,0,0,0,0,0,0,0,0.0,0.0,0.0,0.0,0.0
ENG-Premier League,2223,Manchester City,İlkay Gündoğan,GER,MF,31,1990,31,27,2353,26.1,8,4,12,8,0,1,0,0,0.31,0.15,0.46,0.31,0.46
ENG-Premier League,2223,Manchester Utd,Aaron Wan-Bissaka,COD,DF,24,1997,19,16,1435,15.9,0,0,0,0,0,0,2,0,0.0,0.0,0.0,0.0,0.0
ENG-Premier League,2223,Manchester Utd,Alejandro Garnacho,ARG,MF,18,2004,19,5,569,6.3,3,2,5,3,0,0,3,0,0.47,0.32,0.79,0.47,0.79
ENG-Premier League,2223,Manchester Utd,Anthony Elanga,SWE,MF,20,2002,16,5,426,4.7,0,1,1,0,0,0,0,0,0.0,0.21,0.21,0.0,0.21
ENG-Premier League,2223,Manchester Utd,Anthony Martial,FRA,FW,26,1995,21,11,978,10.9,6,2,8,5,1,1,0,0,0.55,0.18,0.74,0.46,0.64
ENG-Premier League,2223,Manchester Utd,Antony,BRA,MF,22,2000,25,23,1802,20.0,4,2,6,4,0,0,5,0,0.2,0.1,0.3,0.2,0.3
ENG-Premier League,2223,Manchester Utd,Bruno Fernandes,POR,MF,27,1994,37,37,3316,36.8,8,8,16,6,2,2,6,0,0.22,0.22,0.43,0.16,0.38
ENG-Premier League,2223,Manchester Utd,Casemiro,BRA,MF,30,1992,28,24,2124,23.6,4,3,7,4,0,0,7,2,0.17,0.13,0.3,0.17,0.3
ENG-Premier League,2223,Manchester Utd,Christian Eriksen,DEN,MF,30,1992,28,25,2048,22.8,1,8,9,1,0,0,3,0,0.04,0.35,0.4,0.04,0.4
ENG-Premier League,2223,Manchester Utd,Cristiano Ronaldo,POR,FW,37,1985,10,4,525,5.8,1,0,1,1,0,0,2,0,0.17,0.0,0.17,0.17,0.17
ENG-Premier League,2223,Manchester Utd,David de Gea,ESP,GK,31,1990,38,38,3420,38.0,0,0,0,0,0,0,0,0,0.0,0.0,0.0,0.0,0.0
ENG-Premier League,2223,Manchester Utd,Diogo Dalot,POR,DF,23,1999,26,24,2154,23.9,1,2,3,1,0,0,6,0,0.04,0.08,0.13,0.04,0.13
ENG-Premier League,2223,Manchester Utd,Donny van de Beek,NED,MF,25,1997,7,2,167,1.9,0,0,0,0,0,0,0,0,0.0,0.0,0.0,0.0,0.0
ENG-Premier League,2223,Manchester Utd,Facundo Pellistri,URU,"FW,MF",20,2001,4,0,64,0.7,0,0,0,0,0,0,0,0,0.0,0.0,0.0,0.0,0.0
ENG-Premier League,2223,Manchester Utd,Fred,BRA,MF,29,1993,35,12,1249,13.9,2,2,4,2,0,0,6,0,0.14,0.14,0.29,0.14,0.29
ENG-Premier League,2223,Manchester Utd,Harry Maguire,ENG,DF,29,1993,16,8,767,8.5,0,0,0,0,0,0,4,0,0.0,0.0,0.0,0.0,0.0
ENG-Premier League,2223,Manchester Utd,Jadon Sancho,ENG,MF,22,2000,26,21,1686,18.7,6,3,9,6,0,0,0,0,0.32,0.16,0.48,0.32,0.48
ENG-Premier League,2223,Manchester Utd,Kobbie Mainoo,ENG,MF,17,2005,1,0,11,0.1,0,0,0,0,0,0,0,0,0.0,0.0,0.0,0.0,0.0
ENG-Premier League,2223,Manchester Utd,Lisandro Martínez,ARG,DF,24,1998,27,24,2114,23.5,1,0,1,1,0,0,6,0,0.04,0.0,0.04,0.04,0.04
ENG-Premier League,2223,Manchester Utd,Luke Shaw,ENG,DF,27,1995,31,30,2552,28.4,1,2,3,1,0,0,8,0,0.04,0.07,0.11,0.04,0.11
ENG-Premier League,2223,Manchester Utd,Marcel Sabitzer,AUT,MF,28,1994,11,7,627,7.0,0,1,1,0,0,0,1,0,0.0,0.14,0.14,0.0,0.14
ENG-Premier League,2223,Manchester Utd,Marcus Rashford,ENG,"FW,MF",24,1997,35,32,2879,32.0,17,5,22,17,0,0,2,0,0.53,0.16,0.69,0.53,0.69
ENG-Premier League,2223,Manchester Utd,Raphaël Varane,FRA,DF,29,1993,24,22,1911,21.2,0,0,0,0,0,0,1,0,0.0,0.0,0.0,0.0,0.0
ENG-Premier League,2223,Manchester Utd,Scott McTominay,SCO,MF,25,1996,24,10,1160,12.9,1,0,1,1,0,0,8,0,0.08,0.0,0.08,0.08,0.08
ENG-Premier League,2223,Manchester Utd,Tyrell Malacia,NED,DF,22,1999,22,14,1396,15.5,0,0,0,0,0,0,6,0,0.0,0.0,0.0,0.0,0.0
ENG-Premier League,2223,Manchester Utd,Victor Lindelöf,SWE,DF,28,1994,20,14,1365,15.2,0,0,0,0,0,0,1,0,0.0,0.0,0.0,0.0,0.0
ENG-Premier League,2223,Manchester Utd,Wout Weghorst,NED,"FW,MF",29,1992,17,10,797,8.9,0,1,1,0,0,0,1,0,0.0,0.11,0.11,0.0,0.11
ENG-Premier League,2223,Newcastle,Alexander Isak,SWE,FW,22,1999,22,17,1522,16.9,10,1,11,8,2,2,3,0,0.59,0.06,0.65,0.47,0.53
ENG-Premier League,2223,Newcastle,Allan Saint-Maximin,FRA,FW,25,1997,25,12,1120,12.4,1,5,6,1,0,0,1,0,0.08,0.4,0.48,0.08,0.48
ENG-Premier League,2223,Newcastle,Anthony Gordon,ENG,"FW,MF",21,2001,16,4,487,5.4,1,0,1,1,0,0,1,0,0.18,0.0,0.18,0.18,0.18
ENG-Premier League,2223,Newcastle,Bruno Guimarães,BRA,MF,24,1997,32,32,2726,30.3,4,5,9,4,0,0,7,0,0.13,0.17,0.3,0.13,0.3
ENG-Premier League,2223,Newcastle,Callum Wilson,ENG,FW,30,1992,31,21,1877,20.9,18,5,23,15,3,3,4,0,0.86,0.24,1.1,0.72,0.96
ENG-Premier League,2223,Newcastle,Chris Wood,NZL,FW,30,1991,18,4,446,5.0,2,0,2,1,1,1,0,0,0.4,0.0,0.4,0.2,0.2
ENG-Premier League,2223,Newcastle,Dan Burn,ENG,DF,30,1992,38,35,3111,34.6,1,0,1,1,0,0,5,0,0.03,0.0,0.03,0.03,0.03
ENG-Premier League,2223,Newcastle,Elliot Anderson,ENG,MF,19,2002,22,3,410,4.6,0,1,1,0,0,0,0,0,0.0,0.22,0.22,0.0,0.22
ENG-Premier League,2223,Newcastle,Emil Krafth,SWE,DF,27,1994,1,0,1,0.0,0,0,0,0,0,0,0,0,0.0,0.0,0.0,0.0,0.0
ENG-Premier League,2223,Newcastle,Fabian Schär,SUI,DF,30,1991,36,36,3206,35.6,1,3,4,1,0,0,7,0,0.03,0.08,0.11,0.03,0.11
ENG-Premier League,2223,Newcastle,Jacob Murphy,ENG,FW,27,1995,36,14,1251,13.9,4,2,6,4,0,0,0,0,0.29,0.14,0.43,0.29,0.43
ENG-Premier League,2223,Newcastle,Jamaal Lascelles,ENG,DF,28,1993,7,2,218,2.4,0,0,0,0,0,0,4,0,0.0,0.0,0.0,0.0,0.0
ENG-Premier League,2223,Newcastle,Jamal Lewis,NIR,"DF,MF",24,1998,2,0,11,0.1,0,0,0,0,0,0,0,0,0.0,0.0,0.0,0.0,0.0
ENG-Premier League,2223,Newcastle,Javier Manquillo,ESP,DF,28,1994,4,0,37,0.4,0,0,0,0,0,0,0,0,0.0,0.0,0.0,0.0,0.0
ENG-Premier League,2223,Newcastle,Joe Willock,ENG,MF,22,1999,35,31,2558,28.4,3,6,9,3,0,0,1,0,0.11,0.21,0.32,0.11,0.32
ENG-Premier League,2223,Newcastle,Joelinton,BRA,"MF,FW",25,1996,32,30,2661,29.6,6,1,7,6,0,0,12,0,0.2,0.03,0.24,0.2,0.24
ENG-Premier League,2223,Newcastle,Jonjo Shelvey,ENG,MF,30,1992,3,0,37,0.4,0,0,0,0,0,0,0,0,0.0,0.0,0.0,0.0,0.0
ENG-Premier League,2223,Newcastle,Kieran Trippier,ENG,DF,31,1990,38,38,3341,37.1,1,7,8,1,0,0,5,0,0.03,0.19,0.22,0.03,0.22
ENG-Premier League,2223,Newcastle,Lewis Miley,ENG,MF,16,2006,1,0,15,0.2,0,0,0,0,0,0,0,0,0.0,0.0,0.0,0.0,0.0
ENG-Premier League,2223,Newcastle,Martin Dúbravka,SVK,GK,33,1989,2,1,157,1.7,0,0,0,0,0,0,0,0,0.0,0.0,0.0,0.0,0.0
ENG-Premier League,2223,Newcastle,Matt Ritchie,SCO,"DF,MF",32,1989,7,0,39,0.4,0,0,0,0,0,0,0,0,0.0,0.0,0.0,0.0,0.0
ENG-Premier League,2223,Newcastle,Matt Targett,ENG,DF,26,1995,17,6,610,6.8,0,0,0,0,0,0,1,0,0.0,0.0,0.0,0.0,0.0
ENG-Premier League,2223,Newcastle,Miguel Almirón,PAR,FW,28,1994,34,29,2491,27.7,11,2,13,11,0,0,2,0,0.4,0.07,0.47,0.4,0.47
ENG-Premier League,2223,Newcastle,Nick Pope,ENG,GK,30,1992,37,37,3261,36.2,0,0,0,0,0,0,3,1,0.0,0.0,0.0,0.0,0.0
ENG-Premier League,2223,Newcastle,Ryan Fraser,SCO,FW,28,1994,8,3,313,3.5,0,0,0,0,0,0,1,0,0.0,0.0,0.0,0.0,0.0
ENG-Premier League,2223,Newcastle,Sean Longstaff,ENG,MF,24,1997,33,28,2518,28.0,1,4,5,1,0,0,2,0,0.04,0.14,0.18,0.04,0.18
ENG-Premier League,2223,Newcastle,Sven Botman,NED,DF,22,2000,36,35,3127,34.7,0,0,0,0,0,0,2,0,0.0,0.0,0.0,0.0,0.0
ENG-Premier League,2223,Nottingham,Alex Mighten,ENG,"FW,MF",20,2002,1,0,8,0.1,0,0,0,0,0,0,0,0,0.0,0.0,0.0,0.0,0.0
ENG-Premier League,2223,Nottingham,André Ayew,GHA,FW,32,1989,13,1,316,3.5,0,0,0,0,0,1,1,0,0.0,0.0,0.0,0.0,0.0
ENG-Premier League,2223,Nottingham,Brennan Johnson,WAL,"FW,MF",21,2001,38,33,2934,32.6,8,3,11,7,1,3,6,0,0.25,0.09,0.34,0.21,0.31
ENG-Premier League,2223,Nottingham,Cafú,POR,MF,29,1993,1,0,7,0.1,0,0,0,0,0,0,0,0,0.0,0.0,0.0,0.0,0.0
ENG-Premier League,2223,Nottingham,Cheikhou Kouyaté,SEN,"MF,DF",32,1989,21,10,882,9.8,1,0,1,1,0,0,3,0,0.1,0.0,0.1,0.1,0.1
ENG-Premier League,2223,Nottingham,Chris Wood,NZL,FW,30,1991,7,5,372,4.1,1,0,1,1,0,0,0,0,0.24,0.0,0.24,0.24,0.24
ENG-Premier League,2223,Nottingham,Danilo Santos,BRA,MF,21,2001,13,12,976,10.8,3,2,5,3,0,0,1,0,0.28,0.18,0.46,0.28,0.46
ENG-Premier League,2223,Nottingham,Dean Henderson,ENG,GK,25,1997,18,18,1620,18.0,0,0,0,0,0,0,2,0,0.0,0.0,0.0,0.0,0.0
ENG-Premier League,2223,Nottingham,Emmanuel Dennis,NGA,"MF,FW",24,1997,19,6,720,8.0,2,2,4,2,0,0,3,0,0.25,0.25,0.5,0.25,0.5
ENG-Premier League,2223,Nottingham,Felipe,BRA,DF,33,1989,16,15,1418,15.8,0,1,1,0,0,0,4,0,0.0,0.06,0.06,0.0,0.06
ENG-Premier League,2223,Nottingham,Giulian Biancone,FRA,"DF,MF",22,2000,2,0,17,0.2,0,0,0,0,0,0,0,0,0.0,0.0,0.0,0.0,0.0
ENG-Premier League,2223,Nottingham,Gustavo Scarpa,BRA,MF,28,1994,6,2,181,2.0,0,0,0,0,0,0,1,0,0.0,0.0,0.0,0.0,0.0
ENG-Premier League,2223,Nottingham,Harry Toffolo,ENG,"DF,MF",26,1995,19,9,940,10.4,0,0,0,0,0,0,2,0,0.0,0.0,0.0,0.0,0.0
ENG-Premier League,2223,Nottingham,Jack Colback,ENG,MF,32,1989,11,4,497,5.5,0,0,0,0,0,0,0,0,0.0,0.0,0.0,0.0,0.0
ENG-Premier League,2223,Nottingham,Jesse Lingard,ENG,"MF,FW",29,1992,17,12,923,10.3,0,0,0,0,0,0,1,0,0.0,0.0,0.0,0.0,0.0
ENG-Premier League,2223,Nottingham,Joe Worrall,ENG,DF,25,1997,30,21,2224,24.7,1,0,1,1,0,0,6,0,0.04,0.0,0.04,0.04,0.04
ENG-Premier League,2223,Nottingham,Jonjo Shelvey,ENG,MF,30,1992,8,6,540,6.0,0,0,0,0,0,0,2,0,0.0,0.0,0.0,0.0,0.0
ENG-Premier League,2223,Nottingham,Keylor Navas,CRC,GK,35,1986,17,17,1529,17.0,0,0,0,0,0,0,2,0,0.0,0.0,0.0,0.0,0.0
ENG-Premier League,2223,Nottingham,Lewis O'Brien,ENG,MF,23,1998,13,6,584,6.5,1,0,1,1,0,0,2,0,0.15,0.0,0.15,0.15,0.15
ENG-Premier League,2223,Nottingham,Morgan Gibbs-White,ENG,"MF,FW",22,2000,35,34,2971,33.0,5,8,13,3,2,2,5,0,0.15,0.24,0.39,0.09,0.33
ENG-Premier League,2223,Nottingham,Moussa Niakhaté,SEN,DF,26,1996,14,14,1163,12.9,0,0,0,0,0,0,1,0,0.0,0.0,0.0,0.0,0.0
ENG-Premier League,2223,Nottingham,Neco Williams,WAL,"DF,MF",21,2001,31,20,1882,20.9,1,0,1,1,0,0,7,0,0.05,0.0,0.05,0.05,0.05
ENG-Premier League,2223,Nottingham,Orel Mangala,BEL,MF,24,1998,27,20,1550,17.2,1,1,2,1,0,0,3,0,0.06,0.06,0.12,0.06,0.12
ENG-Premier League,2223,Nottingham,Remo Freuler,SUI,MF,30,1992,28,24,2161,24.0,0,0,0,0,0,0,4,0,0.0,0.0,0.0,0.0,0.0
ENG-Premier League,2223,Nottingham,Renan Lodi,BRA,"DF,MF",24,1998,28,26,2214,24.6,0,1,1,0,0,0,7,0,0.0,0.04,0.04,0.0,0.04
ENG-Premier League,2223,Nottingham,Ryan Yates,ENG,MF,24,1997,26,21,1837,20.4,0,2,2,0,0,0,5,0,0.0,0.1,0.1,0.0,0.1
ENG-Premier League,2223,Nottingham,Sam Surridge,ENG,FW,24,1998,20,1,323,3.6,1,0,1,1,0,0,2,0,0.28,0.0,0.28,0.28,0.28
ENG-Premier League,2223,Nottingham,Scott McKenna,SCO,DF,25,1996,20,19,1571,17.5,0,0,0,0,0,0,4,0,0.0,0.0,0.0,0.0,0.0
ENG-Premier League,2223,Nottingham,Serge Aurier,CIV,"DF,MF",29,1992,24,22,1943,21.6,1,0,1,1,0,0,2,0,0.05,0.0,0.05,0.05,0.05
ENG-Premier League,2223,Nottingham,Steve Cook,ENG,DF,31,1991,12,11,957,10.6,0,0,0,0,0,0,4,0,0.0,0.0,0.0,0.0,0.0
ENG-Premier League,2223,Nottingham,Taiwo Awoniyi,NGA,FW,24,1997,27,17,1404,15.6,10,1,11,10,0,0,2,0,0.64,0.06,0.71,0.64,0.71
ENG-Premier League,2223,Nottingham,Wayne Hennessey,WAL,GK,35,1987,4,3,271,3.0,0,0,0,0,0,0,0,0,0.0,0.0,0.0,0.0,0.0
ENG-Premier League,2223,Nottingham,Willy Boly,CIV,DF,31,1991,11,9,685,7.6,0,1,1,0,0,0,2,0,0.0,0.13,0.13,0.0,0.13
ENG-Premier League,2223,Southampton,Adam Armstrong,ENG,"MF,FW",25,1997,30,14,1335,14.8,2,1,3,2,0,0,2,0,0.13,0.07,0.2,0.13,0.2
ENG-Premier League,2223,Southampton,Ainsley Maitland-Niles,ENG,"DF,MF",24,1997,22,13,1407,15.6,0,0,0,0,0,0,3,0,0.0,0.0,0.0,0.0,0.0
ENG-Premier League,2223,Southampton,Alex McCarthy,ENG,GK,32,1989,6,6,540,6.0,0,0,0,0,0,0,0,0,0.0,0.0,0.0,0.0,0.0
ENG-Premier League,2223,Southampton,Armel Bella Kotchap,GER,DF,20,2001,24,24,1879,20.9,0,2,2,0,0,0,4,0,0.0,0.1,0.1,0.0,0.1
ENG-Premier League,2223,Southampton,Carlos Alcaraz,ARG,"MF,FW",19,2002,18,13,1029,11.4,4,2,6,4,0,0,3,0,0.35,0.17,0.52,0.35,0.52
ENG-Premier League,2223,Southampton,Ché Adams,SCO,FW,26,1996,28,23,1992,22.1,5,3,8,5,0,0,1,0,0.23,0.14,0.36,0.23,0.36
ENG-Premier League,2223,Southampton,Dominic Ballard,ENG,FW,17,2005,2,0,26,0.3,0,0,0,0,0,0,0,0,0.0,0.0,0.0,0.0,0.0
ENG-Premier League,2223,Southampton,Duje Ćaleta-Car,CRO,DF,25,1996,13,9,946,10.5,1,0,1,1,0,0,2,0,0.1,0.0,0.1,0.1,0.1
ENG-Premier League,2223,Southampton,Gavin Bazunu,IRL,GK,20,2002,32,32,2880,32.0,0,0,0,0,0,0,0,0,0.0,0.0,0.0,0.0,0.0
ENG-Premier League,2223,Southampton,Ibrahima Diallo,FRA,MF,23,1999,18,11,819,9.1,0,0,0,0,0,0,4,0,0.0,0.0,0.0,0.0,0.0
ENG-Premier League,2223,Southampton,Jack Stephens,ENG,DF,28,1994,2,0,46,0.5,0,0,0,0,0,0,0,0,0.0,0.0,0.0,0.0,0.0
ENG-Premier League,2223,Southampton,James Bree,ENG,DF,24,1997,5,4,367,4.1,0,0,0,0,0,0,1,0,0.0,0.0,0.0,0.0,0.0
ENG-Premier League,2223,Southampton,James Ward-Prowse,ENG,MF,27,1994,38,38,3371,37.5,9,4,13,7,2,4,6,0,0.24,0.11,0.35,0.19,0.29
ENG-Premier League,2223,Southampton,Jan Bednarek,POL,DF,26,1996,20,20,1672,18.6,0,0,0,0,0,0,5,0,0.0,0.0,0.0,0.0,0.0
ENG-Premier League,2223,Southampton,Joe Aribo,NGA,"MF,FW",26,1996,21,13,1224,13.6,2,0,2,2,0,0,2,0,0.15,0.0,0.15,0.15,0.15
ENG-Premier League,2223,Southampton,Juan Larios,ESP,DF,18,2004,5,2,152,1.7,0,0,0,0,0,0,0,0,0.0,0.0,0.0,0.0,0.0
ENG-Premier League,2223,Southampton,Kamaldeen Sulemana,GHA,"FW,MF",20,2002,18,10,966,10.7,2,1,3,2,0,0,1,0,0.19,0.09,0.28,0.19,0.28
ENG-Premier League,2223,Southampton,Kami Doyle,ENG,MF,16,2005,1,0,7,0.1,0,0,0,0,0,0,0,0,0.0,0.0,0.0,0.0,0.0
ENG-Premier League,2223,Southampton,Kyle Walker-Peters,ENG,"DF,MF",25,1997,31,30,2650,29.4,1,0,1,1,0,0,4,0,0.03,0.0,0.03,0.03,0.03
ENG-Premier League,2223,Southampton,Lyanco,BRA,DF,25,1997,21,11,1180,13.1,1,1,2,1,0,0,4,0,0.08,0.08,0.15,0.08,0.15
ENG-Premier League,2223,Southampton,Mislav Oršić,CRO,"FW,MF",29,1992,1,0,7,0.1,0,0,0,0,0,0,0,0,0.0,0.0,0.0,0.0,0.0
ENG-Premier League,2223,Southampton,Mohamed Elyounoussi,NOR,MF,27,1994,33,27,2168,24.1,1,1,2,1,0,0,4,0,0.04,0.04,0.08,0.04,0.08
ENG-Premier League,2223,Southampton,Mohammed Salisu,GHA,DF,23,1999,22,21,1973,21.9,0,1,1,0,0,0,5,0,0.0,0.05,0.05,0.0,0.05
ENG-Premier League,2223,Southampton,Moussa Djenepo,MLI,"DF,MF",24,1998,16,7,710,7.9,0,2,2,0,0,0,1,0,0.0,0.25,0.25,0.0,0.25
ENG-Premier League,2223,Southampton,Nathan Redmond,ENG,"FW,MF",28,1994,1,0,1,0.0,0,0,0,0,0,0,0,0,0.0,0.0,0.0,0.0,0.0
ENG-Premier League,2223,Southampton,Oriol Romeu,ESP,MF,30,1991,1,1,74,0.8,0,0,0,0,0,0,0,0,0.0,0.0,0.0,0.0,0.0
ENG-Premier League,2223,Southampton,Paul Onuachu,NGA,FW,28,1994,11,4,407,4.5,0,0,0,0,0,0,0,0,0.0,0.0,0.0,0.0,0.0
ENG-Premier League,2223,Southampton,Romain Perraud,FRA,DF,24,1997,29,22,1835,20.4,2,2,4,2,0,0,4,0,0.1,0.1,0.2,0.1,0.2
ENG-Premier League,2223,Southampton,Roméo Lavia,BEL,MF,18,2004,29,26,2221,24.7,1,0,1,1,0,0,9,0,0.04,0.0,0.04,0.04,0.04
ENG-Premier League,2223,Southampton,Samuel Amo-Ameyaw,ENG,"FW,MF",16,2006,1,0,4,0.0,0,0,0,0,0,0,0,0,0.0,0.0,0.0,0.0,0.0
ENG-Premier League,2223,Southampton,Samuel Edozie,ENG,"MF,FW",19,2003,17,5,567,6.3,0,0,0,0,0,0,0,0,0.0,0.0,0.0,0.0,0.0
ENG-Premier League,2223,Southampton,Sekou Mara,FRA,FW,20,2002,22,4,555,6.2,1,2,3,1,0,0,1,0,0.16,0.32,0.49,0.16,0.49
ENG-Premier League,2223,Southampton,Stuart Armstrong,SCO,MF,30,1992,32,14,1408,15.6,2,1,3,2,0,0,6,0,0.13,0.06,0.19,0.13,0.19
ENG-Premier League,2223,Southampton,Theo Walcott,ENG,"MF,FW",33,1989,20,13,1129,12.5,2,2,4,2,0,0,1,0,0.16,0.16,0.32,0.16,0.32
ENG-Premier League,2223,Southampton,Tino Livramento,ENG,"DF,MF",19,2002,2,0,28,0.3,0,0,0,0,0,0,0,0,0.0,0.0,0.0,0.0,0.0
ENG-Premier League,2223,Southampton,Yan Valery,TUN,DF,23,1999,1,1,45,0.5,0,0,0,0,0,0,0,0,0.0,0.0,0.0,0.0,0.0
ENG-Premier League,2223,Tottenham,Arnaut Danjuma,NED,MF,25,1997,9,1,169,1.9,1,0,1,1,0,0,0,0,0.53,0.0,0.53,0.53,0.53
ENG-Premier League,2223,Tottenham,Ben Davies,WAL,"DF,MF",29,1993,31,26,2288,25.4,2,2,4,2,0,0,4,0,0.08,0.08,0.16,0.08,0.16
ENG-Premier League,2223,Tottenham,Bryan Gil,ESP,"MF,FW",21,2001,4,2,148,1.6,0,1,1,0,0,0,1,0,0.0,0.61,0.61,0.0,0.61
ENG-Premier League,2223,Tottenham,Clément Lenglet,FRA,DF,27,1995,26,24,2019,22.4,0,2,2,0,0,0,4,0,0.0,0.09,0.09,0.0,0.09
ENG-Premier League,2223,Tottenham,Cristian Romero,ARG,DF,24,1998,27,26,2364,26.3,0,1,1,0,0,0,11,1,0.0,0.04,0.04,0.0,0.04
ENG-Premier League,2223,Tottenham,Davinson Sánchez,COL,DF,26,1996,18,8,858,9.5,0,0,0,0,0,0,1,0,0.0,0.0,0.0,0.0,0.0
ENG-Premier League,2223,Tottenham,Dejan Kulusevski,SWE,"MF,FW",22,2000,30,23,2067,23.0,2,7,9,2,0,0,2,0,0.09,0.3,0.39,0.09,0.39
ENG-Premier League,2223,Tottenham,Djed Spence,ENG,"DF,MF",21,2000,4,0,7,0.1,0,0,0,0,0,0,0,0,0.0,0.0,0.0,0.0,0.0
ENG-Premier League,2223,Tottenham,Emerson,BRA,"MF,DF",23,1999,26,20,1735,19.3,2,1,3,2,0,0,2,1,0.1,0.05,0.16,0.1,0.16
ENG-Premier League,2223,Tottenham,Eric Dier,ENG,DF,28,1994,33,31,2818,31.3,2,1,3,2,0,0,3,0,0.06,0.03,0.1,0.06,0.1
ENG-Premier League,2223,Tottenham,Fraser Forster,ENG,GK,34,1988,14,13,1215,13.5,0,0,0,0,0,0,1,0,0.0,0.0,0.0,0.0,0.0
ENG-Premier League,2223,Tottenham,George Abbott,ENG,MF,16,2005,1,0,1,0.0,0,0,0,0,0,0,0,0,0.0,0.0,0.0,0.0,0.0
ENG-Premier League,2223,Tottenham,Harry Kane,ENG,FW,29,1993,38,38,3405,37.8,30,3,33,25,5,6,6,0,0.79,0.08,0.87,0.66,0.74
ENG-Premier League,2223,Tottenham,Harvey White,ENG,MF,20,2001,1,0,5,0.1,0,0,0,0,0,0,0,0,0.0,0.0,0.0,0.0,0.0
ENG-Premier League,2223,Tottenham,Hugo Lloris,FRA,GK,35,1986,25,25,2205,24.5,0,0,0,0,0,0,0,0,0.0,0.0,0.0,0.0,0.0
ENG-Premier League,2223,Tottenham,Ivan Perišić,CRO,MF,33,1989,34,23,2108,23.4,1,8,9,1,0,0,6,0,0.04,0.34,0.38,0.04,0.38
ENG-Premier League,2223,Tottenham,Japhet Tanganga,ENG,DF,23,1999,4,2,146,1.6,0,0,0,0,0,0,0,0,0.0,0.0,0.0,0.0,0.0
ENG-Premier League,2223,Tottenham,Lucas Moura,BRA,"FW,MF",29,1992,15,0,153,1.7,1,0,1,1,0,0,0,1,0.59,0.0,0.59,0.59,0.59
ENG-Premier League,2223,Tottenham,Matt Doherty,IRL,MF,30,1992,12,7,667,7.4,1,0,1,1,0,0,0,0,0.13,0.0,0.13,0.13,0.13
ENG-Premier League,2223,Tottenham,Matthew Craig,SCO,MF,19,2003,1,0,14,0.2,0,0,0,0,0,0,0,0,0.0,0.0,0.0,0.0,0.0
ENG-Premier League,2223,Tottenham,Oliver Skipp,ENG,MF,21,2000,23,18,1491,16.6,1,0,1,1,0,0,7,0,0.06,0.0,0.06,0.06,0.06
ENG-Premier League,2223,Tottenham,Pape Matar Sarr,SEN,MF,19,2002,11,2,218,2.4,0,1,1,0,0,0,1,0,0.0,0.41,0.41,0.0,0.41
ENG-Premier League,2223,Tottenham,Pedro Porro,ESP,MF,22,1999,15,13,1131,12.6,3,3,6,3,0,0,0,0,0.24,0.24,0.48,0.24,0.48
ENG-Premier League,2223,Tottenham,Pierre Højbjerg,DEN,MF,26,1995,35,35,3131,34.8,4,5,9,4,0,0,5,0,0.11,0.14,0.26,0.11,0.26
ENG-Premier League,2223,Tottenham,Richarlison,BRA,"MF,FW",25,1997,27,12,1010,11.2,1,3,4,1,0,0,3,0,0.09,0.27,0.36,0.09,0.36
ENG-Premier League,2223,Tottenham,Rodrigo Bentancur,URU,MF,25,1997,18,17,1500,16.7,5,2,7,5,0,0,8,0,0.3,0.12,0.42,0.3,0.42
ENG-Premier League,2223,Tottenham,Ryan Sessegnon,ENG,"MF,DF",22,2000,17,9,813,9.0,2,0,2,2,0,0,4,0,0.22,0.0,0.22,0.22,0.22
ENG-Premier League,2223,Tottenham,Son Heung-min,KOR,"MF,FW",30,1992,36,33,2888,32.1,10,6,16,10,0,0,2,0,0.31,0.19,0.5,0.31,0.5
ENG-Premier League,2223,Tottenham,Yves Bissouma,MLI,MF,25,1996,23,10,1010,11.2,0,0,0,0,0,0,6,0,0.0,0.0,0.0,0.0,0.0
ENG-Premier League,2223,West Ham,Aaron Cresswell,ENG,DF,32,1989,28,24,2235,24.8,0,1,1,0,0,0,3,0,0.0,0.04,0.04,0.0,0.04
ENG-Premier League,2223,West Ham,Alphonse Areola,FRA,GK,29,1993,5,2,309,3.4,0,0,0,0,0,0,0,0,0.0,0.0,0.0,0.0,0.0
ENG-Premier League,2223,West Ham,Angelo Ogbonna,ITA,DF,34,1988,16,13,1237,13.7,0,0,0,0,0,0,0,0,0.0,0.0,0.0,0.0,0.0
ENG-Premier League,2223,West Ham,Ben Johnson,ENG,"DF,MF",22,2000,17,9,866,9.6,0,0,0,0,0,0,0,0,0.0,0.0,0.0,0.0,0.0
ENG-Premier League,2223,West Ham,Conor Coventry,IRL,MF,22,2000,1,0,1,0.0,0,0,0,0,0,0,0,0,0.0,0.0,0.0,0.0,0.0
ENG-Premier League,2223,West Ham,Craig Dawson,ENG,DF,32,1990,8,8,720,8.0,0,0,0,0,0,0,2,0,0.0,0.0,0.0,0.0,0.0
ENG-Premier League,2223,West Ham,Danny Ings,ENG,FW,30,1992,17,7,775,8.6,2,2,4,2,0,0,1,0,0.23,0.23,0.46,0.23,0.46
ENG-Premier League,2223,West Ham,Declan Rice,ENG,MF,23,1999,37,36,3273,36.4,4,2,6,4,0,1,5,0,0.11,0.05,0.16,0.11,0.16
ENG-Premier League,2223,West Ham,Divin Mubama,ENG,FW,17,2004,3,0,38,0.4,0,0,0,0,0,0,0,0,0.0,0.0,0.0,0.0,0.0
ENG-Premier League,2223,West Ham,Emerson Palmieri,ITA,"MF,DF",27,1994,22,16,1320,14.7,1,0,1,1,0,0,2,0,0.07,0.0,0.07,0.07,0.07
ENG-Premier League,2223,West Ham,Flynn Downes,ENG,MF,23,1999,21,7,762,8.5,0,0,0,0,0,0,2,0,0.0,0.0,0.0,0.0,0.0
ENG-Premier League,2223,West Ham,Gianluca Scamacca,ITA,FW,23,1999,16,11,926,10.3,3,0,3,3,0,0,3,0,0.29,0.0,0.29,0.29,0.29
ENG-Premier League,2223,West Ham,Jarrod Bowen,ENG,"MF,FW",25,1996,38,36,3233,35.9,6,5,11,5,1,2,2,0,0.17,0.14,0.31,0.14,0.28
ENG-Premier League,2223,West Ham,Kurt Zouma,FRA,DF,27,1994,25,24,1989,22.1,2,0,2,2,0,0,0,0,0.09,0.0,0.09,0.09,0.09
ENG-Premier League,2223,West Ham,Lucas Paquetá,BRA,MF,24,1997,28,27,2151,23.9,4,3,7,3,1,1,5,0,0.17,0.13,0.29,0.13,0.25
ENG-Premier League,2223,West Ham,Manuel Lanzini,ARG,MF,29,1993,10,2,252,2.8,1,0,1,1,0,0,0,0,0.36,0.0,0.36,0.36,0.36
ENG-Premier League,2223,West Ham,Maxwel Cornet,CIV,MF,25,1996,14,2,245,2.7,0,0,0,0,0,0,0,0,0.0,0.0,0.0,0.0,0.0
ENG-Premier League,2223,West Ham,Michail Antonio,JAM,FW,32,1990,33,21,1829,20.3,5,3,8,5,0,0,2,0,0.25,0.15,0.39,0.25,0.39
ENG-Premier League,2223,West Ham,Nayef Aguerd,MAR,DF,26,1996,18,17,1595,17.7,2,0,2,2,0,0,4,0,0.11,0.0,0.11,0.11,0.11
ENG-Premier League,2223,West Ham,Pablo Fornals,ESP,MF,26,1996,32,17,1503,16.7,3,1,4,3,0,0,0,0,0.18,0.06,0.24,0.18,0.24
ENG-Premier League,2223,West Ham,Saïd Benrahma,ALG,"MF,FW",26,1995,35,22,2069,23.0,6,3,9,2,4,4,0,0,0.26,0.13,0.39,0.09,0.22
ENG-Premier League,2223,West Ham,Thilo Kehrer,GER,DF,25,1996,27,25,2230,24.8,0,2,2,0,0,0,4,0,0.0,0.08,0.08,0.0,0.08
ENG-Premier League,2223,West Ham,Tomáš Souček,CZE,MF,27,1995,36,32,2815,31.3,2,3,5,2,0,0,3,0,0.06,0.1,0.16,0.06,0.16
ENG-Premier League,2223,West Ham,Vladimír Coufal,CZE,"DF,MF",29,1992,27,24,2136,23.7,0,1,1,0,0,0,5,0,0.0,0.04,0.04,0.0,0.04
ENG-Premier League,2223,West Ham,Łukasz Fabiański,POL,GK,37,1985,36,36,3111,34.6,0,0,0,0,0,0,1,0,0.0,0.0,0.0,0.0,0.0
ENG-Premier League,2223,Wolves,Adama Traoré,ESP,"MF,FW",26,1996,34,12,1496,16.6,2,1,3,2,0,0,2,0,0.12,0.06,0.18,0.12,0.18
ENG-Premier League,2223,Wolves,Boubacar Traoré,MLI,MF,20,2001,10,4,411,4.6,0,1,1,0,0,0,2,0,0.0,0.22,0.22,0.0,0.22
ENG-Premier League,2223,Wolves,Chem Campbell,WAL,"FW,MF",19,2002,5,0,74,0.8,0,0,0,0,0,0,0,0,0.0,0.0,0.0,0.0,0.0
ENG-Premier League,2223,Wolves,Connor Ronan,IRL,MF,24,1998,1,0,1,0.0,0,0,0,0,0,0,0,0,0.0,0.0,0.0,0.0,0.0
ENG-Premier League,2223,Wolves,Craig Dawson,ENG,DF,32,1990,17,17,1414,15.7,1,0,1,1,0,0,4,0,0.06,0.0,0.06,0.06,0.06
ENG-Premier League,2223,Wolves,Daniel Bentley,ENG,GK,29,1993,2,2,180,2.0,0,0,0,0,0,0,0,0,0.0,0.0,0.0,0.0,0.0
ENG-Premier League,2223,Wolves,Daniel Podence,POR,"MF,FW",26,1995,32,20,1771,19.7,6,0,6,6,0,0,5,0,0.3,0.0,0.3,0.3,0.3
ENG-Premier League,2223,Wolves,Dexter Lembikisa,JAM,"DF,MF",18,2003,1,0,23,0.3,0,0,0,0,0,0,0,0,0.0,0.0,0.0,0.0,0.0
ENG-Premier League,2223,Wolves,Diego Costa,ESP,FW,33,1988,23,16,1241,13.8,1,0,1,1,0,0,5,1,0.07,0.0,0.07,0.07,0.07
ENG-Premier League,2223,Wolves,Gonçalo Guedes,POR,"FW,MF",25,1996,13,8,707,7.9,1,1,2,1,0,0,1,0,0.13,0.13,0.25,0.13,0.25
ENG-Premier League,2223,Wolves,Hugo Bueno,ESP,DF,19,2002,21,16,1310,14.6,0,1,1,0,0,0,1,0,0.0,0.07,0.07,0.0,0.07
ENG-Premier League,2223,Wolves,Hwang Hee-chan,KOR,"FW,MF",26,1996,27,12,1130,12.6,3,1,4,3,0,0,1,0,0.24,0.08,0.32,0.24,0.32
ENG-Premier League,2223,Wolves,Joe Hodge,IRL,MF,19,2002,6,1,175,1.9,0,0,0,0,0,0,1,0,0.0,0.0,0.0,0.0,0.0
ENG-Premier League,2223,Wolves,Jonny Castro,ESP,DF,28,1994,18,14,1261,14.0,1,0,1,1,0,0,3,1,0.07,0.0,0.07,0.07,0.07
ENG-Premier League,2223,Wolves,José Sá,POR,GK,29,1993,36,36,3240,36.0,0,0,0,0,0,0,2,0,0.0,0.0,0.0,0.0,0.0
ENG-Premier League,2223,Wolves,João Gomes,BRA,MF,21,2001,11,7,653,7.3,1,0,1,1,0,0,5,0,0.14,0.0,0.14,0.14,0.14
ENG-Premier League,2223,Wolves,João Moutinho,POR,MF,35,1986,31,20,1780,19.8,0,2,2,0,0,0,3,0,0.0,0.1,0.1,0.0,0.1
ENG-Premier League,2223,Wolves,Leander Dendoncker,BEL,MF,27,1995,4,2,214,2.4,0,0,0,0,0,0,0,0,0.0,0.0,0.0,0.0,0.0
ENG-Premier League,2223,Wolves,Mario Lemina,GAB,MF,28,1993,19,17,1299,14.4,0,1,1,0,0,0,4,1,0.0,0.07,0.07,0.0,0.07
ENG-Premier League,2223,Wolves,Matheus Cunha,BRA,FW,23,1999,17,12,965,10.7,2,0,2,2,0,0,1,0,0.19,0.0,0.19,0.19,0.19
ENG-Premier League,2223,Wolves,Matheus Nunes,POR,MF,23,1998,34,30,2467,27.4,1,1,2,1,0,0,2,1,0.04,0.04,0.07,0.04,0.07
ENG-Premier League,2223,Wolves,Max Kilman,ENG,DF,25,1997,37,37,3307,36.7,0,0,0,0,0,0,3,0,0.0,0.0,0.0,0.0,0.0
ENG-Premier League,2223,Wolves,Morgan Gibbs-White,ENG,MF,22,2000,2,2,180,2.0,0,0,0,0,0,0,1,0,0.0,0.0,0.0,0.0,0.0
ENG-Premier League,2223,Wolves,Nathan Collins,IRL,DF,21,2001,26,19,1814,20.2,0,0,0,0,0,0,2,1,0.0,0.0,0.0,0.0,0.0
ENG-Premier League,2223,Wolves,Nélson Semedo,POR,DF,28,1993,36,31,2632,29.2,0,1,1,0,0,0,11,1,0.0,0.03,0.03,0.0,0.03
ENG-Premier League,2223,Wolves,Pablo Sarabia,ESP,"MF,FW",30,1992,13,9,765,8.5,1,0,1,1,0,0,3,0,0.12,0.0,0.12,0.12,0.12
ENG-Premier League,2223,Wolves,Pedro Neto,POR,"MF,FW",22,2000,18,13,964,10.7,0,0,0,0,0,0,1,0,0.0,0.0,0.0,0.0,0.0
ENG-Premier League,2223,Wolves,Rayan Aït-Nouri,ALG,"DF,MF",21,2001,21,9,1076,12.0,1,0,1,1,0,0,4,0,0.08,0.0,0.08,0.08,0.08
ENG-Premier League,2223,Wolves,Raúl Jiménez,MEX,FW,31,1991,15,8,846,9.4,0,1,1,0,0,0,0,0,0.0,0.11,0.11,0.0,0.11
ENG-Premier League,2223,Wolves,Rúben Neves,POR,MF,25,1997,35,33,3019,33.5,6,1,7,3,3,3,12,0,0.18,0.03,0.21,0.09,0.12
ENG-Premier League,2223,Wolves,Saša Kalajdžić,AUT,FW,25,1997,1,1,45,0.5,0,0,0,0,0,0,0,0,0.0,0.0,0.0,0.0,0.0
ENG-Premier League,2223,Wolves,Toti Gomes,POR,DF,23,1999,17,10,984,10.9,1,0,1,1,0,0,6,0,0.09,0.0,0.09,0.09,0.09
