league,season,team,player,nation,pos,age,born,90s,Standard_Gls,Standard_Sh,Standard_SoT,Standard_SoT%,Standard_Sh/90,Standard_SoT/90,Standard_G/Sh,Standard_G/SoT,Standard_PK,Standard_PKatt
ENG-Premier League,2223,Arsenal,Aaron Ramsdale,ENG,GK,24,1998,38.0,0,0,0,,0.0,0.0,,,0,0
ENG-Premier League,2223,Arsenal,Albert Sambi Lokonga,BEL,MF,22,1999,2.2,0,0,0,,0.0,0.0,,,0,0
ENG-Premier League,2223,Arsenal,Ben White,ENG,DF,24,1997,33.9,2,10,3,30.0,0.29,0.09,0.2,0.67,0,0
ENG-Premier League,2223,Arsenal,Bukayo Saka,ENG,"FW,MF",20,2001,35.3,14,89,32,36.0,2.52,0.91,0.16,0.44,2,3
ENG-Premier League,2223,Arsenal,Cédric Soares,POR,"DF,MF",30,1991,0.3,0,0,0,,0.0,0.0,,,0,0
ENG-Premier League,2223,Arsenal,Eddie Nketiah,ENG,FW,23,1999,12.1,4,41,14,34.1,3.39,1.16,0.1,0.29,0,0
ENG-Premier League,2223,Arsenal,Emile Smith Rowe,ENG,MF,22,2000,1.9,0,4,1,25.0,2.09,0.52,0.0,0.0,0,0
ENG-Premier League,2223,Arsenal,Ethan Nwaneri,ENG,MF,15,2007,0.0,0,0,0,,0.0,0.0,,,0,0
ENG-Premier League,2223,Arsenal,Fabio Vieira,POR,MF,22,2000,5.7,1,15,2,13.3,2.63,0.35,0.07,0.5,0,0
ENG-Premier League,2223,Arsenal,Gabriel Jesus,BRA,FW,25,1997,22.9,11,77,32,41.6,3.36,1.4,0.14,0.34,1,1
ENG-Premier League,2223,Arsenal,Gabriel Magalhães,BRA,DF,24,1997,37.9,3,32,10,31.3,0.84,0.26,0.09,0.3,0,0
ENG-Premier League,2223,Arsenal,Gabriel Martinelli,BRA,"FW,MF",21,2001,31.0,15,79,32,40.5,2.55,1.03,0.19,0.47,0,0
ENG-Premier League,2223,Arsenal,Granit Xhaka,SUI,MF,29,1992,33.3,7,40,14,35.0,1.2,0.42,0.18,0.5,0,0
ENG-Premier League,2223,Arsenal,Jakub Kiwior,POL,DF,22,2000,4.7,1,1,1,100.0,0.21,0.21,1.0,1.0,0,0
ENG-Premier League,2223,Arsenal,Jorginho,ITA,MF,30,1991,9.5,0,6,0,0.0,0.63,0.0,0.0,,0,0
ENG-Premier League,2223,Arsenal,Kieran Tierney,SCO,DF,25,1997,8.8,0,7,2,28.6,0.79,0.23,0.0,0.0,0,0
ENG-Premier League,2223,Arsenal,Leandro Trossard,BEL,FW,27,1994,10.3,1,17,5,29.4,1.64,0.48,0.06,0.2,0,0
ENG-Premier League,2223,Arsenal,Marquinhos,BRA,MF,19,2003,0.0,0,0,0,,0.0,0.0,,,0,0
ENG-Premier League,2223,Arsenal,Martin Ødegaard,NOR,MF,23,1998,34.7,15,93,33,35.5,2.68,0.95,0.16,0.45,0,0
ENG-Premier League,2223,Arsenal,Mohamed Elneny,EGY,MF,30,1992,1.3,0,0,0,,0.0,0.0,,,0,0
ENG-Premier League,2223,Arsenal,Oleksandr Zinchenko,UKR,DF,25,1996,23.5,1,28,7,25.0,1.19,0.3,0.04,0.14,0,0
ENG-Premier League,2223,Arsenal,Reiss Nelson,ENG,"FW,MF",22,1999,2.4,3,12,7,58.3,5.09,2.97,0.25,0.43,0,0
ENG-Premier League,2223,Arsenal,Rob Holding,ENG,DF,26,1995,6.3,1,5,2,40.0,0.8,0.32,0.2,0.5,0,0
ENG-Premier League,2223,Arsenal,Takehiro Tomiyasu,JPN,DF,23,1998,7.4,0,3,0,0.0,0.41,0.0,0.0,,0,0
ENG-Premier League,2223,Arsenal,Thomas Partey,GHA,MF,29,1993,27.6,3,28,4,14.3,1.01,0.14,0.11,0.75,0,0
ENG-Premier League,2223,Arsenal,William Saliba,FRA,DF,21,2001,26.8,2,6,3,50.0,0.22,0.11,0.33,0.67,0,0
ENG-Premier League,2223,Aston Villa,Ashley Young,ENG,DF,37,1985,22.6,1,15,3,20.0,0.66,0.13,0.07,0.33,0,0
ENG-Premier League,2223,Aston Villa,Bertrand Traoré,BFA,MF,26,1995,2.6,2,9,3,33.3,3.48,1.16,0.22,0.67,0,0
ENG-Premier League,2223,Aston Villa,Boubacar Kamara,FRA,MF,22,1999,19.7,0,4,1,25.0,0.2,0.05,0.0,0.0,0,0
ENG-Premier League,2223,Aston Villa,Calum Chambers,ENG,DF,27,1995,3.9,0,2,0,0.0,0.51,0.0,0.0,,0,0
ENG-Premier League,2223,Aston Villa,Cameron Archer,ENG,"FW,MF",21,2001,0.5,0,0,0,,0.0,0.0,,,0,0
ENG-Premier League,2223,Aston Villa,Danny Ings,ENG,FW,30,1992,9.2,6,27,14,51.9,2.95,1.53,0.22,0.43,2,2
ENG-Premier League,2223,Aston Villa,Diego Carlos,BRA,DF,29,1993,2.3,0,4,0,0.0,1.76,0.0,0.0,,0,0
ENG-Premier League,2223,Aston Villa,Douglas Luiz,BRA,MF,24,1998,32.5,6,34,12,35.3,1.05,0.37,0.18,0.5,0,0
ENG-Premier League,2223,Aston Villa,Emi Buendía,ARG,"MF,FW",25,1996,26.8,5,49,12,24.5,1.83,0.45,0.1,0.42,0,0
ENG-Premier League,2223,Aston Villa,Emiliano Martínez,ARG,GK,29,1992,34.9,0,0,0,,0.0,0.0,,,0,0
ENG-Premier League,2223,Aston Villa,Ezri Konsa,ENG,DF,24,1997,36.9,0,8,0,0.0,0.22,0.0,0.0,,0,0
ENG-Premier League,2223,Aston Villa,Jacob Ramsey,ENG,MF,21,2001,29.3,6,33,13,39.4,1.13,0.44,0.18,0.46,0,0
ENG-Premier League,2223,Aston Villa,Jan Bednarek,POL,DF,26,1996,1.1,0,0,0,,0.0,0.0,,,0,0
ENG-Premier League,2223,Aston Villa,John McGinn,SCO,MF,27,1994,29.9,1,42,11,26.2,1.4,0.37,0.02,0.09,0,0
ENG-Premier League,2223,Aston Villa,Jáder Durán,COL,FW,18,2003,1.5,0,7,2,28.6,4.63,1.32,0.0,0.0,0,0
ENG-Premier League,2223,Aston Villa,Leander Dendoncker,BEL,MF,27,1995,7.7,0,2,0,0.0,0.26,0.0,0.0,,0,0
ENG-Premier League,2223,Aston Villa,Leon Bailey,JAM,"FW,MF",24,1997,21.9,4,51,14,27.5,2.33,0.64,0.08,0.29,0,0
ENG-Premier League,2223,Aston Villa,Lucas Digne,FRA,DF,29,1993,16.7,1,8,3,37.5,0.48,0.18,0.13,0.33,0,0
ENG-Premier League,2223,Aston Villa,Ludwig Augustinsson,SWE,DF,28,1994,0.9,0,2,2,100.0,2.34,2.34,0.0,0.0,0,0
ENG-Premier League,2223,Aston Villa,Matty Cash,POL,DF,24,1997,20.2,0,7,1,14.3,0.35,0.05,0.0,0.0,0,0
ENG-Premier League,2223,Aston Villa,Morgan Sanson,FRA,MF,27,1994,0.1,0,0,0,,0.0,0.0,,,0,0
ENG-Premier League,2223,Aston Villa,Ollie Watkins,ENG,FW,26,1995,34.7,15,85,47,55.3,2.45,1.35,0.18,0.32,1,2
ENG-Premier League,2223,Aston Villa,Philippe Coutinho,BRA,"FW,MF",30,1992,8.8,1,21,8,38.1,2.4,0.91,0.05,0.13,0,0
ENG-Premier League,2223,Aston Villa,Robin Olsen,SWE,GK,32,1990,3.1,0,0,0,,0.0,0.0,,,0,0
ENG-Premier League,2223,Aston Villa,Tyrone Mings,ENG,DF,29,1993,35.0,1,7,2,28.6,0.2,0.06,0.14,0.5,0,0
ENG-Premier League,2223,Aston Villa,Álex Moreno,ESP,DF,29,1993,14.8,0,13,3,23.1,0.88,0.2,0.0,0.0,0,0
ENG-Premier League,2223,Bournemouth,Adam Smith,ENG,DF,31,1991,32.7,0,5,1,20.0,0.15,0.03,0.0,0.0,0,0
ENG-Premier League,2223,Bournemouth,Antoine Semenyo,GHA,"MF,FW",22,2000,2.9,1,3,1,33.3,1.05,0.35,0.33,1.0,0,0
ENG-Premier League,2223,Bournemouth,Ben Pearson,ENG,MF,27,1995,3.2,0,2,1,50.0,0.63,0.31,0.0,0.0,0,0
ENG-Premier League,2223,Bournemouth,Chris Mepham,WAL,DF,24,1997,24.4,0,8,4,50.0,0.33,0.16,0.0,0.0,0,0
ENG-Premier League,2223,Bournemouth,Dango Ouattara,BFA,MF,20,2002,13.8,1,26,5,19.2,1.89,0.36,0.04,0.2,0,0
ENG-Premier League,2223,Bournemouth,David Brooks,WAL,MF,25,1997,1.9,0,5,1,20.0,2.6,0.52,0.0,0.0,0,0
ENG-Premier League,2223,Bournemouth,Dominic Solanke,ENG,FW,24,1997,31.8,6,76,29,38.2,2.39,0.91,0.08,0.21,0,0
ENG-Premier League,2223,Bournemouth,Emiliano Marcondes,DEN,"FW,MF",27,1995,0.1,0,0,0,,0.0,0.0,,,0,0
ENG-Premier League,2223,Bournemouth,Hamed Junior Traorè,CIV,MF,22,2000,4.7,0,6,0,0.0,1.26,0.0,0.0,,0,0
ENG-Premier League,2223,Bournemouth,Illia Zabarnyi,UKR,DF,19,2002,3.3,0,0,0,,0.0,0.0,,,0,0
ENG-Premier League,2223,Bournemouth,Jack Stacey,ENG,"DF,MF",26,1996,3.3,0,1,0,0.0,0.3,0.0,0.0,,0,0
ENG-Premier League,2223,Bournemouth,Jack Stephens,ENG,DF,28,1994,13.0,0,2,1,50.0,0.15,0.08,0.0,0.0,0,0
ENG-Premier League,2223,Bournemouth,Jaidon Anthony,ENG,MF,22,1999,14.0,3,21,13,61.9,1.5,0.93,0.14,0.23,0,0
ENG-Premier League,2223,Bournemouth,Jamal Lowe,JAM,"FW,MF",28,1994,0.1,0,0,0,,0.0,0.0,,,0,0
ENG-Premier League,2223,Bournemouth,Jefferson Lerma,COL,MF,27,1994,36.1,5,35,12,34.3,0.97,0.33,0.14,0.42,0,0
ENG-Premier League,2223,Bournemouth,Joe Rothwell,ENG,MF,27,1995,11.3,0,3,2,66.7,0.27,0.18,0.0,0.0,0,0
ENG-Premier League,2223,Bournemouth,Jordan Zemura,ZIM,"DF,MF",22,1999,16.2,0,4,1,25.0,0.25,0.06,0.0,0.0,0,0
ENG-Premier League,2223,Bournemouth,Junior Stanislas,ENG,MF,32,1989,0.7,0,1,0,0.0,1.48,0.0,0.0,,0,0
ENG-Premier League,2223,Bournemouth,Kieffer Moore,WAL,FW,29,1992,14.2,4,23,9,39.1,1.62,0.63,0.17,0.44,0,0
ENG-Premier League,2223,Bournemouth,Lewis Cook,ENG,MF,25,1997,19.1,0,6,0,0.0,0.31,0.0,0.0,,0,0
ENG-Premier League,2223,Bournemouth,Lloyd Kelly,ENG,DF,23,1998,22.7,0,3,0,0.0,0.13,0.0,0.0,,0,0
ENG-Premier League,2223,Bournemouth,Marcos Senesi,ARG,DF,25,1997,27.7,2,8,3,37.5,0.29,0.11,0.25,0.67,0,0
ENG-Premier League,2223,Bournemouth,Marcus Tavernier,ENG,MF,23,1999,19.4,5,37,15,40.5,1.91,0.77,0.14,0.33,0,0
ENG-Premier League,2223,Bournemouth,Mark Travers,IRL,GK,23,1999,11.5,0,0,0,,0.0,0.0,,,0,0
ENG-Premier League,2223,Bournemouth,Matías Viña,URU,"DF,MF",24,1997,5.1,2,9,6,66.7,1.77,1.18,0.22,0.33,0,0
ENG-Premier League,2223,Bournemouth,Neto,BRA,GK,33,1989,26.5,0,0,0,,0.0,0.0,,,0,0
ENG-Premier League,2223,Bournemouth,Owen Bevan,WAL,DF,18,2003,0.1,0,0,0,,0.0,0.0,,,0,0
ENG-Premier League,2223,Bournemouth,Philip Billing,DEN,"MF,FW",26,1996,30.7,7,38,18,47.4,1.24,0.59,0.18,0.39,0,0
ENG-Premier League,2223,Bournemouth,Ryan Christie,SCO,MF,27,1995,20.4,1,33,9,27.3,1.62,0.44,0.03,0.11,0,0
ENG-Premier League,2223,Bournemouth,Ryan Fredericks,ENG,DF,29,1992,5.9,0,0,0,,0.0,0.0,,,0,0
ENG-Premier League,2223,Bournemouth,Siriki Dembélé,CIV,"FW,MF",25,1996,1.2,0,2,2,100.0,1.64,1.64,0.0,0.0,0,0
ENG-Premier League,2223,Brentford,Aaron Hickey,SCO,DF,20,2002,21.3,0,11,2,18.2,0.52,0.09,0.0,0.0,0,0
ENG-Premier League,2223,Brentford,Ben Mee,ENG,DF,32,1989,36.3,3,27,7,25.9,0.74,0.19,0.11,0.43,0,0
ENG-Premier League,2223,Brentford,Bryan Mbeumo,CMR,FW,22,1999,32.3,9,71,33,46.5,2.2,1.02,0.13,0.27,1,1
ENG-Premier League,2223,Brentford,Christian Nørgaard,DEN,MF,28,1994,19.6,1,19,10,52.6,0.97,0.51,0.05,0.1,0,0
ENG-Premier League,2223,Brentford,David Raya,ESP,GK,26,1995,38.0,0,1,0,0.0,0.03,0.0,0.0,,0,0
ENG-Premier League,2223,Brentford,Ethan Pinnock,JAM,DF,29,1993,30.0,3,15,9,60.0,0.5,0.3,0.2,0.33,0,0
ENG-Premier League,2223,Brentford,Frank Onyeka,NGA,MF,24,1998,9.4,0,9,4,44.4,0.96,0.42,0.0,0.0,0,0
ENG-Premier League,2223,Brentford,Halil Dervişoğlu,TUR,FW,22,1999,0.1,0,1,0,0.0,11.25,0.0,0.0,,0,0
ENG-Premier League,2223,Brentford,Ivan Toney,ENG,FW,26,1996,32.8,20,94,42,44.7,2.87,1.28,0.21,0.48,6,7
ENG-Premier League,2223,Brentford,Josh Dasilva,ENG,MF,23,1998,15.4,4,18,6,33.3,1.17,0.39,0.22,0.67,0,0
ENG-Premier League,2223,Brentford,Keane Lewis-Potter,ENG,FW,21,2001,3.6,0,7,2,28.6,1.96,0.56,0.0,0.0,0,0
ENG-Premier League,2223,Brentford,Kevin Schade,GER,FW,20,2001,8.1,0,12,4,33.3,1.48,0.49,0.0,0.0,0,0
ENG-Premier League,2223,Brentford,Kristoffer Ajer,NOR,DF,24,1998,8.5,0,1,0,0.0,0.12,0.0,0.0,,0,0
ENG-Premier League,2223,Brentford,Mads Bech Sørensen,DEN,DF,23,1999,0.2,0,0,0,,0.0,0.0,,,0,0
ENG-Premier League,2223,Brentford,Mads Roerslev,DEN,"MF,DF",23,1999,12.3,0,3,1,33.3,0.24,0.08,0.0,0.0,0,0
ENG-Premier League,2223,Brentford,Mathias Jensen,DEN,MF,26,1996,31.1,5,23,7,30.4,0.74,0.22,0.22,0.71,0,0
ENG-Premier League,2223,Brentford,Mathias Jørgensen,DEN,DF,32,1990,12.3,0,5,1,20.0,0.41,0.08,0.0,0.0,0,0
ENG-Premier League,2223,Brentford,Mikkel Damsgaard,DEN,"MF,FW",22,2000,11.0,0,12,6,50.0,1.09,0.55,0.0,0.0,0,0
ENG-Premier League,2223,Brentford,Pontus Jansson,SWE,DF,31,1991,8.0,1,4,2,50.0,0.5,0.25,0.25,0.5,0,0
ENG-Premier League,2223,Brentford,Rico Henry,JAM,"DF,MF",25,1997,36.0,0,22,4,18.2,0.61,0.11,0.0,0.0,0,0
ENG-Premier League,2223,Brentford,Saman Ghoddos,IRN,"FW,MF",28,1993,1.5,0,1,1,100.0,0.65,0.65,0.0,0.0,0,0
ENG-Premier League,2223,Brentford,Sergi Canós,ESP,"FW,MF",25,1997,0.9,0,1,0,0.0,1.17,0.0,0.0,,0,0
ENG-Premier League,2223,Brentford,Shandon Baptiste,GRN,MF,24,1998,6.9,0,4,1,25.0,0.58,0.15,0.0,0.0,0,0
ENG-Premier League,2223,Brentford,Vitaly Janelt,GER,MF,24,1998,24.5,3,14,5,35.7,0.57,0.2,0.21,0.6,0,0
ENG-Premier League,2223,Brentford,Yoane Wissa,COD,FW,25,1996,17.8,7,32,15,46.9,1.79,0.84,0.22,0.47,0,0
ENG-Premier League,2223,Brighton,Adam Lallana,ENG,MF,34,1988,8.0,2,8,5,62.5,1.0,0.62,0.25,0.4,0,0
ENG-Premier League,2223,Brighton,Adam Webster,ENG,DF,27,1995,22.1,0,18,2,11.1,0.82,0.09,0.0,0.0,0,0
ENG-Premier League,2223,Brighton,Alexis Mac Allister,ARG,MF,23,1998,32.1,10,86,34,39.5,2.68,1.06,0.12,0.29,6,6
ENG-Premier League,2223,Brighton,Andrew Moran,IRL,MF,18,2003,0.1,0,0,0,,0.0,0.0,,,0,0
ENG-Premier League,2223,Brighton,Billy Gilmour,SCO,MF,21,2001,5.6,0,6,1,16.7,1.07,0.18,0.0,0.0,0,0
ENG-Premier League,2223,Brighton,Cameron Peupion,AUS,MF,19,2002,0.1,0,1,0,0.0,15.0,0.0,0.0,,0,0
ENG-Premier League,2223,Brighton,Danny Welbeck,ENG,FW,31,1990,20.6,6,62,23,37.1,3.01,1.12,0.1,0.26,0,0
ENG-Premier League,2223,Brighton,Deniz Undav,GER,"MF,FW",26,1996,7.0,5,27,12,44.4,3.87,1.72,0.19,0.42,0,0
ENG-Premier League,2223,Brighton,Enock Mwepu,ZAM,"MF,FW",24,1998,2.4,0,2,1,50.0,0.85,0.42,0.0,0.0,0,0
ENG-Premier League,2223,Brighton,Evan Ferguson,IRL,FW,17,2004,10.6,6,36,17,47.2,3.41,1.61,0.17,0.35,0,0
ENG-Premier League,2223,Brighton,Facundo Buonanotte,ARG,MF,17,2004,6.3,1,11,3,27.3,1.75,0.48,0.09,0.33,0,0
ENG-Premier League,2223,Brighton,Jack Hinshelwood,ENG,"DF,MF",17,2005,0.0,0,0,0,,0.0,0.0,,,0,0
ENG-Premier League,2223,Brighton,Jan Paul van Hecke,NED,DF,22,2000,3.3,0,2,0,0.0,0.61,0.0,0.0,,0,0
ENG-Premier League,2223,Brighton,Jason Steele,ENG,GK,31,1990,15.0,0,0,0,,0.0,0.0,,,0,0
ENG-Premier League,2223,Brighton,Jeremy Sarmiento,ECU,MF,20,2002,2.0,0,5,2,40.0,2.56,1.02,0.0,0.0,0,0
ENG-Premier League,2223,Brighton,Joël Veltman,NED,DF,30,1992,24.3,1,14,6,42.9,0.58,0.25,0.07,0.17,0,0
ENG-Premier League,2223,Brighton,Julio Enciso,PAR,"MF,FW",18,2004,9.0,4,38,18,47.4,4.24,2.01,0.11,0.22,0,0
ENG-Premier League,2223,Brighton,Kaoru Mitoma,JPN,MF,25,1997,25.8,7,52,21,40.4,2.02,0.82,0.13,0.33,0,0
ENG-Premier League,2223,Brighton,Leandro Trossard,BEL,"MF,FW",27,1994,14.6,7,38,18,47.4,2.6,1.23,0.18,0.39,0,0
ENG-Premier League,2223,Brighton,Levi Colwill,ENG,DF,19,2003,13.6,0,8,0,0.0,0.59,0.0,0.0,,0,0
ENG-Premier League,2223,Brighton,Lewis Dunk,ENG,DF,30,1991,36.0,1,22,3,13.6,0.61,0.08,0.05,0.33,0,0
ENG-Premier League,2223,Brighton,Moisés Caicedo,ECU,MF,20,2001,34.9,1,27,8,29.6,0.77,0.23,0.04,0.13,0,0
ENG-Premier League,2223,Brighton,Odeluga Offiah,ENG,DF,19,2002,0.3,0,0,0,,0.0,0.0,,,0,0
ENG-Premier League,2223,Brighton,Pascal Groß,GER,"MF,DF",31,1991,36.0,9,40,19,47.5,1.11,0.53,0.23,0.47,0,0
ENG-Premier League,2223,Brighton,Pervis Estupiñán,ECU,"DF,MF",24,1998,29.7,1,30,5,16.7,1.01,0.17,0.03,0.2,0,0
ENG-Premier League,2223,Brighton,Robert Sánchez,ESP,GK,24,1997,23.0,0,0,0,,0.0,0.0,,,0,0
ENG-Premier League,2223,Brighton,Solly March,ENG,MF,28,1994,30.2,6,73,33,45.2,2.42,1.09,0.08,0.18,0,0
ENG-Premier League,2223,Brighton,Tariq Lamptey,GHA,"DF,MF",21,2000,5.0,0,5,0,0.0,0.99,0.0,0.0,,0,0
ENG-Premier League,2223,Brighton,Yasin Ayari,SWE,MF,18,2003,0.7,0,1,0,0.0,1.34,0.0,0.0,,0,0
ENG-Premier League,2223,Chelsea,Armando Broja,ALB,FW,20,2001,3.3,1,6,5,83.3,1.84,1.53,0.17,0.2,0,0
ENG-Premier League,2223,Chelsea,Ben Chilwell,ENG,"MF,DF",25,1996,15.6,2,16,4,25.0,1.02,0.26,0.13,0.5,0,0
ENG-Premier League,2223,Chelsea,Benoît Badiashile,FRA,DF,21,2001,10.1,1,6,2,33.3,0.6,0.2,0.17,0.5,0,0
ENG-Premier League,2223,Chelsea,Carney Chukwuemeka,AUT,MF,18,2003,3.9,0,5,1,20.0,1.27,0.25,0.0,0.0,0,0
ENG-Premier League,2223,Chelsea,Christian Pulisic,USA,"MF,FW",23,1998,9.1,1,19,6,31.6,2.08,0.66,0.05,0.17,0,0
ENG-Premier League,2223,Chelsea,Conor Gallagher,ENG,MF,22,2000,18.0,3,28,11,39.3,1.55,0.61,0.11,0.27,0,0
ENG-Premier League,2223,Chelsea,César Azpilicueta,ESP,"DF,MF",32,1989,17.0,0,9,1,11.1,0.53,0.06,0.0,0.0,0,0
ENG-Premier League,2223,Chelsea,David Datro Fofana,CIV,FW,19,2002,0.8,0,3,2,66.7,3.86,2.57,0.0,0.0,0,0
ENG-Premier League,2223,Chelsea,Denis Zakaria,SUI,MF,25,1996,4.6,0,2,0,0.0,0.44,0.0,0.0,,0,0
ENG-Premier League,2223,Chelsea,Enzo Fernández,ARG,MF,21,2001,17.2,0,20,3,15.0,1.16,0.17,0.0,0.0,0,0
ENG-Premier League,2223,Chelsea,Hakim Ziyech,MAR,"MF,FW",29,1993,7.3,0,16,3,18.8,2.18,0.41,0.0,0.0,0,0
ENG-Premier League,2223,Chelsea,Jorginho,ITA,MF,30,1991,14.2,2,5,3,60.0,0.35,0.21,0.4,0.67,2,2
ENG-Premier League,2223,Chelsea,João Félix,POR,"FW,MF",22,1999,10.5,4,46,16,34.8,4.4,1.53,0.09,0.25,0,0
ENG-Premier League,2223,Chelsea,Kai Havertz,GER,"FW,MF",23,1999,28.5,7,71,33,46.5,2.49,1.16,0.1,0.21,1,1
ENG-Premier League,2223,Chelsea,Kalidou Koulibaly,SEN,DF,31,1991,20.0,2,11,4,36.4,0.55,0.2,0.18,0.5,0,0
ENG-Premier League,2223,Chelsea,Kepa Arrizabalaga,ESP,GK,27,1994,28.5,0,0,0,,0.0,0.0,,,0,0
ENG-Premier League,2223,Chelsea,Lewis Hall,ENG,"MF,DF",17,2004,7.3,0,11,5,45.5,1.51,0.69,0.0,0.0,0,0
ENG-Premier League,2223,Chelsea,Marc Cucurella,ESP,"DF,MF",24,1998,18.6,0,7,0,0.0,0.38,0.0,0.0,,0,0
ENG-Premier League,2223,Chelsea,Mason Mount,ENG,MF,23,1999,18.3,3,33,9,27.3,1.8,0.49,0.09,0.33,0,0
ENG-Premier League,2223,Chelsea,Mateo Kovačić,CRO,MF,28,1994,19.0,1,23,2,8.7,1.21,0.11,0.04,0.5,0,0
ENG-Premier League,2223,Chelsea,Mykhailo Mudryk,UKR,"FW,MF",21,2001,7.3,0,14,5,35.7,1.92,0.68,0.0,0.0,0,0
ENG-Premier League,2223,Chelsea,N'Golo Kanté,FRA,MF,31,1991,5.8,0,8,1,12.5,1.39,0.17,0.0,0.0,0,0
ENG-Premier League,2223,Chelsea,Noni Madueke,ENG,"FW,MF",20,2002,7.1,1,12,6,50.0,1.68,0.84,0.08,0.17,0,0
ENG-Premier League,2223,Chelsea,Omari Hutchinson,ENG,MF,18,2003,0.3,0,0,0,,0.0,0.0,,,0,0
ENG-Premier League,2223,Chelsea,Pierre-Emerick Aubameyang,GAB,FW,33,1989,6.2,1,16,7,43.8,2.6,1.14,0.06,0.14,0,0
ENG-Premier League,2223,Chelsea,Raheem Sterling,ENG,"FW,MF",27,1994,21.0,6,42,17,40.5,2.0,0.81,0.14,0.35,0,0
ENG-Premier League,2223,Chelsea,Reece James,ENG,"DF,MF",22,1999,13.8,1,16,4,25.0,1.16,0.29,0.06,0.25,0,0
ENG-Premier League,2223,Chelsea,Ruben Loftus-Cheek,ENG,MF,26,1996,17.1,0,9,2,22.2,0.53,0.12,0.0,0.0,0,0
ENG-Premier League,2223,Chelsea,Thiago Silva,BRA,DF,37,1984,26.1,0,15,2,13.3,0.57,0.08,0.0,0.0,0,0
ENG-Premier League,2223,Chelsea,Trevoh Chalobah,ENG,DF,23,1999,17.9,0,9,2,22.2,0.5,0.11,0.0,0.0,0,0
ENG-Premier League,2223,Chelsea,Wesley Fofana,FRA,DF,21,2000,13.1,1,6,2,33.3,0.46,0.15,0.17,0.5,0,0
ENG-Premier League,2223,Chelsea,Édouard Mendy,SEN,GK,30,1992,9.5,0,0,0,,0.0,0.0,,,0,0
ENG-Premier League,2223,Crystal Palace,Albert Sambi Lokonga,BEL,MF,22,1999,6.0,0,2,1,50.0,0.34,0.17,0.0,0.0,0,0
ENG-Premier League,2223,Crystal Palace,Cheick Doucouré,MLI,MF,22,2000,30.8,0,36,7,19.4,1.17,0.23,0.0,0.0,0,0
ENG-Premier League,2223,Crystal Palace,Chris Richards,USA,DF,22,2000,5.0,0,4,0,0.0,0.81,0.0,0.0,,0,0
ENG-Premier League,2223,Crystal Palace,David Ozoh,ENG,MF,17,2005,0.0,0,0,0,,0.0,0.0,,,0,0
ENG-Premier League,2223,Crystal Palace,Eberechi Eze,ENG,"MF,FW",24,1998,29.3,10,70,25,35.7,2.39,0.85,0.14,0.4,1,1
ENG-Premier League,2223,Crystal Palace,James McArthur,SCO,MF,34,1987,0.6,0,0,0,,0.0,0.0,,,0,0
ENG-Premier League,2223,Crystal Palace,James Tomkins,ENG,DF,33,1989,3.8,1,3,2,66.7,0.8,0.53,0.33,0.5,0,0
ENG-Premier League,2223,Crystal Palace,Jaïro Riedewald,NED,"DF,MF",25,1996,0.7,0,1,0,0.0,1.41,0.0,0.0,,0,0
ENG-Premier League,2223,Crystal Palace,Jean-Philippe Mateta,FRA,FW,25,1997,8.6,2,28,8,28.6,3.27,0.94,0.07,0.25,0,0
ENG-Premier League,2223,Crystal Palace,Jeffrey Schlupp,GHA,MF,29,1992,28.1,3,28,9,32.1,1.0,0.32,0.11,0.33,0,0
ENG-Premier League,2223,Crystal Palace,Joachim Andersen,DEN,DF,26,1996,30.9,1,22,9,40.9,0.71,0.29,0.05,0.11,0,0
ENG-Premier League,2223,Crystal Palace,Joel Ward,ENG,DF,32,1989,25.1,1,7,2,28.6,0.28,0.08,0.14,0.5,0,0
ENG-Premier League,2223,Crystal Palace,Jordan Ayew,GHA,"FW,MF",30,1991,30.2,4,32,11,34.4,1.06,0.36,0.13,0.36,0,0
ENG-Premier League,2223,Crystal Palace,Joseph Whitworth,ENG,GK,18,2004,2.0,0,0,0,,0.0,0.0,,,0,0
ENG-Premier League,2223,Crystal Palace,Luka Milivojević,SRB,MF,31,1991,5.7,0,7,0,0.0,1.23,0.0,0.0,,0,0
ENG-Premier League,2223,Crystal Palace,Malcolm Ebiowei,ENG,MF,18,2003,0.4,0,0,0,,0.0,0.0,,,0,0
ENG-Premier League,2223,Crystal Palace,Marc Guéhi,ENG,DF,22,2000,37.0,1,14,6,42.9,0.38,0.16,0.07,0.17,0,0
ENG-Premier League,2223,Crystal Palace,Michael Olise,FRA,"MF,FW",20,2001,30.5,2,51,14,27.5,1.67,0.46,0.04,0.14,0,0
ENG-Premier League,2223,Crystal Palace,Naouirou Ahamada,FRA,MF,20,2002,1.0,0,3,0,0.0,2.87,0.0,0.0,,0,0
ENG-Premier League,2223,Crystal Palace,Nathaniel Clyne,ENG,DF,31,1991,18.2,0,0,0,,0.0,0.0,,,0,0
ENG-Premier League,2223,Crystal Palace,Odsonne Édouard,FRA,FW,24,1998,20.0,5,39,15,38.5,1.95,0.75,0.13,0.33,0,0
ENG-Premier League,2223,Crystal Palace,Sam Johnstone,ENG,GK,29,1993,9.0,0,0,0,,0.0,0.0,,,0,0
ENG-Premier League,2223,Crystal Palace,Tyrick Mitchell,ENG,DF,22,1999,32.1,0,6,1,16.7,0.19,0.03,0.0,0.0,0,0
ENG-Premier League,2223,Crystal Palace,Vicente Guaita,ESP,GK,35,1987,27.0,0,0,0,,0.0,0.0,,,0,0
ENG-Premier League,2223,Crystal Palace,Wilfried Zaha,CIV,"FW,MF",29,1992,25.4,7,66,22,33.3,2.6,0.87,0.11,0.32,0,2
ENG-Premier League,2223,Crystal Palace,Will Hughes,ENG,MF,27,1995,9.4,1,6,4,66.7,0.64,0.43,0.17,0.25,0,0
ENG-Premier League,2223,Everton,Abdoulaye Doucouré,MLI,MF,29,1993,17.0,5,20,8,40.0,1.17,0.47,0.25,0.63,0,0
ENG-Premier League,2223,Everton,Alex Iwobi,NGA,MF,26,1996,37.5,2,42,15,35.7,1.12,0.4,0.05,0.13,0,0
ENG-Premier League,2223,Everton,Amadou Onana,BEL,MF,20,2001,27.6,1,34,6,17.6,1.23,0.22,0.03,0.17,0,0
ENG-Premier League,2223,Everton,Anthony Gordon,ENG,"FW,MF",21,2001,12.2,3,26,16,61.5,2.14,1.32,0.12,0.19,0,0
ENG-Premier League,2223,Everton,Asmir Begović,BIH,GK,35,1987,1.0,0,0,0,,0.0,0.0,,,0,0
ENG-Premier League,2223,Everton,Ben Godfrey,ENG,DF,24,1998,8.9,0,6,1,16.7,0.67,0.11,0.0,0.0,0,0
ENG-Premier League,2223,Everton,Conor Coady,ENG,DF,29,1993,23.3,1,4,3,75.0,0.17,0.13,0.25,0.33,0,0
ENG-Premier League,2223,Everton,Dele Alli,ENG,"FW,MF",26,1996,0.4,0,0,0,,0.0,0.0,,,0,0
ENG-Premier League,2223,Everton,Demarai Gray,JAM,"FW,MF",26,1996,27.9,4,59,24,40.7,2.12,0.86,0.07,0.17,2,2
ENG-Premier League,2223,Everton,Dominic Calvert-Lewin,ENG,FW,25,1997,12.9,2,31,10,32.3,2.39,0.77,0.06,0.2,1,1
ENG-Premier League,2223,Everton,Dwight McNeil,ENG,"MF,FW",22,1999,27.8,7,46,15,32.6,1.66,0.54,0.15,0.47,0,0
ENG-Premier League,2223,Everton,Ellis Simms,ENG,FW,21,2001,2.5,1,8,1,12.5,3.16,0.39,0.13,1.0,0,0
ENG-Premier League,2223,Everton,Idrissa Gueye,SEN,MF,32,1989,28.6,0,15,6,40.0,0.52,0.21,0.0,0.0,0,0
ENG-Premier League,2223,Everton,Isaac Price,NIR,MF,18,2003,0.4,0,0,0,,0.0,0.0,,,0,0
ENG-Premier League,2223,Everton,James Garner,ENG,MF,21,2001,8.9,0,9,3,33.3,1.01,0.34,0.0,0.0,0,0
ENG-Premier League,2223,Everton,James Tarkowski,ENG,DF,29,1992,38.0,1,32,9,28.1,0.84,0.24,0.03,0.11,0,0
ENG-Premier League,2223,Everton,Jordan Pickford,ENG,GK,28,1994,37.0,0,0,0,,0.0,0.0,,,0,0
ENG-Premier League,2223,Everton,Mason Holgate,JAM,DF,25,1996,5.6,0,4,1,25.0,0.71,0.18,0.0,0.0,0,0
ENG-Premier League,2223,Everton,Michael Keane,ENG,DF,29,1993,10.9,1,14,4,28.6,1.28,0.37,0.07,0.25,0,0
ENG-Premier League,2223,Everton,Nathan Patterson,SCO,"DF,MF",20,2001,14.2,0,8,1,12.5,0.56,0.07,0.0,0.0,0,0
ENG-Premier League,2223,Everton,Neal Maupay,FRA,FW,25,1996,12.4,1,32,16,50.0,2.58,1.29,0.03,0.06,0,0
ENG-Premier League,2223,Everton,Rúben Vinagre,POR,"DF,MF",23,1999,0.3,0,0,0,,0.0,0.0,,,0,0
ENG-Premier League,2223,Everton,Salomón Rondón,VEN,FW,32,1989,1.2,0,4,1,25.0,3.3,0.83,0.0,0.0,0,0
ENG-Premier League,2223,Everton,Séamus Coleman,IRL,"DF,MF",33,1988,18.4,1,7,2,28.6,0.38,0.11,0.14,0.5,0,0
ENG-Premier League,2223,Everton,Tom Cannon,IRL,FW,19,2002,0.3,0,1,1,100.0,3.6,3.6,0.0,0.0,0,0
ENG-Premier League,2223,Everton,Tom Davies,ENG,MF,24,1998,6.0,0,9,2,22.2,1.51,0.33,0.0,0.0,0,0
ENG-Premier League,2223,Everton,Vitaliy Mykolenko,UKR,"DF,MF",23,1999,29.5,0,10,3,30.0,0.34,0.1,0.0,0.0,0,0
ENG-Premier League,2223,Everton,Yerry Mina,COL,DF,27,1994,6.6,2,8,4,50.0,1.21,0.61,0.25,0.5,0,0
ENG-Premier League,2223,Fulham,Aleksandar Mitrović,SRB,FW,27,1994,22.3,14,93,35,37.6,4.17,1.57,0.15,0.4,4,8
ENG-Premier League,2223,Fulham,Andreas Pereira,BRA,MF,26,1996,29.9,4,62,23,37.1,2.07,0.77,0.06,0.17,1,1
ENG-Premier League,2223,Fulham,Antonee Robinson,USA,DF,24,1997,34.3,0,3,0,0.0,0.09,0.0,0.0,,0,0
ENG-Premier League,2223,Fulham,Bernd Leno,GER,GK,30,1992,36.0,0,0,0,,0.0,0.0,,,0,0
ENG-Premier League,2223,Fulham,Bobby De Cordova-Reid,JAM,"MF,DF",29,1993,27.5,4,31,10,32.3,1.13,0.36,0.13,0.4,0,0
ENG-Premier League,2223,Fulham,Carlos Vinícius,BRA,FW,27,1995,12.3,5,21,12,57.1,1.7,0.97,0.24,0.42,0,0
ENG-Premier League,2223,Fulham,Cédric Soares,POR,DF,30,1991,2.2,0,2,0,0.0,0.91,0.0,0.0,,0,0
ENG-Premier League,2223,Fulham,Daniel James,WAL,"MF,FW",24,1997,6.9,2,14,3,21.4,2.03,0.43,0.14,0.67,0,0
ENG-Premier League,2223,Fulham,Harrison Reed,ENG,MF,27,1995,31.8,3,20,8,40.0,0.63,0.25,0.15,0.38,0,0
ENG-Premier League,2223,Fulham,Harry Wilson,WAL,MF,25,1997,12.2,2,18,4,22.2,1.47,0.33,0.11,0.5,0,0
ENG-Premier League,2223,Fulham,Issa Diop,MAR,DF,25,1997,22.4,1,3,2,66.7,0.13,0.09,0.33,0.5,0,0
ENG-Premier League,2223,Fulham,Jay Stansfield,ENG,MF,19,2002,1.0,0,2,0,0.0,2.07,0.0,0.0,,0,0
ENG-Premier League,2223,Fulham,Josh Onomah,ENG,"FW,MF",25,1997,0.2,0,0,0,,0.0,0.0,,,0,0
ENG-Premier League,2223,Fulham,João Palhinha,POR,MF,27,1995,34.5,3,38,8,21.1,1.1,0.23,0.08,0.38,0,0
ENG-Premier League,2223,Fulham,Kenny Tete,NED,DF,26,1995,28.5,1,13,5,38.5,0.46,0.18,0.08,0.2,0,0
ENG-Premier League,2223,Fulham,Kevin Mbabu,SUI,DF,27,1995,1.6,0,0,0,,0.0,0.0,,,0,0
ENG-Premier League,2223,Fulham,Layvin Kurzawa,FRA,DF,29,1992,1.5,0,0,0,,0.0,0.0,,,0,0
ENG-Premier League,2223,Fulham,Luke Harris,WAL,MF,17,2005,0.1,0,0,0,,0.0,0.0,,,0,0
ENG-Premier League,2223,Fulham,Manor Solomon,ISR,MF,23,1999,6.4,4,11,7,63.6,1.73,1.1,0.36,0.57,0,0
ENG-Premier League,2223,Fulham,Marek Rodák,SVK,GK,25,1996,2.0,0,0,0,,0.0,0.0,,,0,0
ENG-Premier League,2223,Fulham,Nathaniel Chalobah,ENG,MF,27,1994,0.1,0,1,1,100.0,7.5,7.5,0.0,0.0,0,0
ENG-Premier League,2223,Fulham,Neeskens Kebano,COD,MF,30,1992,8.5,0,9,2,22.2,1.06,0.24,0.0,0.0,0,0
ENG-Premier League,2223,Fulham,Saša Lukić,SRB,MF,25,1996,4.6,0,5,1,20.0,1.09,0.22,0.0,0.0,0,0
ENG-Premier League,2223,Fulham,Shane Duffy,IRL,"DF,MF",30,1992,0.2,0,1,0,0.0,4.5,0.0,0.0,,0,0
ENG-Premier League,2223,Fulham,Tim Ream,USA,DF,34,1987,32.2,1,3,2,66.7,0.09,0.06,0.33,0.5,0,0
ENG-Premier League,2223,Fulham,Tom Cairney,SCO,MF,31,1991,11.0,2,21,3,14.3,1.91,0.27,0.1,0.67,0,0
ENG-Premier League,2223,Fulham,Tosin Adarabioyo,ENG,DF,24,1997,23.2,1,17,4,23.5,0.73,0.17,0.06,0.25,0,0
ENG-Premier League,2223,Fulham,Tyrese Francois,AUS,MF,22,2000,0.0,0,0,0,,0.0,0.0,,,0,0
ENG-Premier League,2223,Fulham,Willian,BRA,MF,33,1988,23.6,5,41,18,43.9,1.74,0.76,0.12,0.28,0,0
ENG-Premier League,2223,Leeds United,Adam Forshaw,ENG,MF,30,1991,5.3,0,1,0,0.0,0.19,0.0,0.0,,0,0
ENG-Premier League,2223,Leeds United,Brenden Aaronson,USA,MF,21,2000,26.4,1,41,9,22.0,1.56,0.34,0.02,0.11,0,0
ENG-Premier League,2223,Leeds United,Cody Drameh,ENG,DF,20,2001,0.8,0,0,0,,0.0,0.0,,,0,0
ENG-Premier League,2223,Leeds United,Crysencio Summerville,NED,"MF,FW",20,2001,15.8,4,29,9,31.0,1.83,0.57,0.14,0.44,0,0
ENG-Premier League,2223,Leeds United,Daniel James,WAL,MF,24,1997,2.2,0,3,1,33.3,1.36,0.45,0.0,0.0,0,0
ENG-Premier League,2223,Leeds United,Darko Gyabi,ENG,MF,18,2004,0.1,0,1,0,0.0,11.25,0.0,0.0,,0,0
ENG-Premier League,2223,Leeds United,Diego Llorente,ESP,DF,28,1993,7.2,0,6,0,0.0,0.83,0.0,0.0,,0,0
ENG-Premier League,2223,Leeds United,Georginio Rutter,FRA,FW,20,2002,3.0,0,4,0,0.0,1.32,0.0,0.0,,0,0
ENG-Premier League,2223,Leeds United,Illan Meslier,FRA,GK,22,2000,34.0,0,1,1,100.0,0.03,0.03,0.0,0.0,0,0
ENG-Premier League,2223,Leeds United,Jack Harrison,ENG,MF,25,1996,30.1,5,39,14,35.9,1.3,0.47,0.13,0.36,0,0
ENG-Premier League,2223,Leeds United,Joe Gelhardt,ENG,FW,20,2002,2.4,0,10,2,20.0,4.25,0.85,0.0,0.0,0,0
ENG-Premier League,2223,Leeds United,Joel Robles,ESP,GK,32,1990,4.0,0,0,0,,0.0,0.0,,,0,0
ENG-Premier League,2223,Leeds United,Junior Firpo,DOM,DF,25,1996,15.2,1,2,1,50.0,0.13,0.07,0.5,1.0,0,0
ENG-Premier League,2223,Leeds United,Liam Cooper,SCO,DF,30,1991,15.8,1,10,3,30.0,0.63,0.19,0.1,0.33,0,0
ENG-Premier League,2223,Leeds United,Luis Sinisterra,COL,MF,23,1999,9.6,5,28,11,39.3,2.91,1.14,0.18,0.45,0,0
ENG-Premier League,2223,Leeds United,Luke Ayling,ENG,DF,30,1991,22.8,2,24,5,20.8,1.05,0.22,0.08,0.4,0,0
ENG-Premier League,2223,Leeds United,Marc Roca,ESP,MF,25,1996,25.7,1,35,13,37.1,1.36,0.51,0.03,0.08,0,0
ENG-Premier League,2223,Leeds United,Mateo Joseph,ESP,FW,18,2003,0.3,0,1,1,100.0,3.46,3.46,0.0,0.0,0,0
ENG-Premier League,2223,Leeds United,Mateusz Klich,POL,MF,32,1990,3.1,0,4,1,25.0,1.29,0.32,0.0,0.0,0,0
ENG-Premier League,2223,Leeds United,Maximilian Wöber,AUT,DF,24,1998,14.1,0,9,2,22.2,0.64,0.14,0.0,0.0,0,0
ENG-Premier League,2223,Leeds United,Pascal Struijk,NED,DF,22,1999,24.4,2,16,7,43.8,0.65,0.29,0.13,0.29,0,0
ENG-Premier League,2223,Leeds United,Patrick Bamford,ENG,FW,28,1993,16.8,4,50,17,34.0,2.97,1.01,0.08,0.24,0,2
ENG-Premier League,2223,Leeds United,Rasmus Kristensen,DEN,DF,25,1997,21.8,3,13,5,38.5,0.6,0.23,0.23,0.6,0,0
ENG-Premier League,2223,Leeds United,Robin Koch,GER,DF,26,1996,35.3,0,17,4,23.5,0.48,0.11,0.0,0.0,0,0
ENG-Premier League,2223,Leeds United,Rodrigo,ESP,"FW,MF",31,1991,21.5,13,67,27,40.3,3.12,1.26,0.19,0.48,1,1
ENG-Premier League,2223,Leeds United,Sam Greenwood,ENG,MF,20,2002,4.7,1,12,2,16.7,2.55,0.42,0.08,0.5,0,0
ENG-Premier League,2223,Leeds United,Tyler Adams,USA,MF,23,1999,24.0,0,4,0,0.0,0.17,0.0,0.0,,0,0
ENG-Premier League,2223,Leeds United,Weston McKennie,USA,MF,23,1998,16.0,0,13,2,15.4,0.81,0.13,0.0,0.0,0,0
ENG-Premier League,2223,Leeds United,Wilfried Gnonto,ITA,"MF,FW",18,2003,15.0,2,22,8,36.4,1.46,0.53,0.09,0.25,0,0
ENG-Premier League,2223,Leicester City,Ayoze Pérez,ESP,MF,29,1993,4.2,0,8,2,25.0,1.88,0.47,0.0,0.0,0,0
ENG-Premier League,2223,Leicester City,Boubakary Soumaré,FRA,MF,23,1999,18.1,0,1,0,0.0,0.06,0.0,0.0,,0,0
ENG-Premier League,2223,Leicester City,Daniel Amartey,GHA,DF,27,1994,17.9,0,6,2,33.3,0.34,0.11,0.0,0.0,0,0
ENG-Premier League,2223,Leicester City,Daniel Iversen,DEN,GK,25,1997,12.0,0,0,0,,0.0,0.0,,,0,0
ENG-Premier League,2223,Leicester City,Danny Ward,WAL,GK,29,1993,26.0,0,0,0,,0.0,0.0,,,0,0
ENG-Premier League,2223,Leicester City,Dennis Praet,BEL,MF,28,1994,7.2,1,5,2,40.0,0.69,0.28,0.2,0.5,0,0
ENG-Premier League,2223,Leicester City,Harry Souttar,AUS,DF,23,1998,11.0,0,8,2,25.0,0.73,0.18,0.0,0.0,0,0
ENG-Premier League,2223,Leicester City,Harvey Barnes,ENG,"MF,FW",24,1997,30.1,13,72,34,47.2,2.39,1.13,0.18,0.38,0,0
ENG-Premier League,2223,Leicester City,James Justin,ENG,"DF,MF",24,1998,13.9,0,5,0,0.0,0.36,0.0,0.0,,0,0
ENG-Premier League,2223,Leicester City,James Maddison,ENG,"MF,FW",25,1996,27.6,10,85,29,34.1,3.08,1.05,0.12,0.34,1,2
ENG-Premier League,2223,Leicester City,Jamie Vardy,ENG,FW,35,1987,20.6,3,28,15,53.6,1.36,0.73,0.11,0.2,0,1
ENG-Premier League,2223,Leicester City,Jonny Evans,NIR,DF,34,1988,11.7,0,1,1,100.0,0.09,0.09,0.0,0.0,0,0
ENG-Premier League,2223,Leicester City,Kelechi Iheanacho,NGA,FW,25,1996,12.5,5,39,14,35.9,3.11,1.12,0.13,0.36,1,1
ENG-Premier League,2223,Leicester City,Kiernan Dewsbury-Hall,ENG,MF,23,1998,25.6,2,26,6,23.1,1.01,0.23,0.08,0.33,0,0
ENG-Premier League,2223,Leicester City,Lewis Brunt,ENG,"DF,MF",21,2000,0.3,0,0,0,,0.0,0.0,,,0,0
ENG-Premier League,2223,Leicester City,Luke Thomas,ENG,DF,21,2001,11.9,0,3,0,0.0,0.25,0.0,0.0,,0,0
ENG-Premier League,2223,Leicester City,Marc Albrighton,ENG,MF,32,1989,2.6,1,2,1,50.0,0.76,0.38,0.5,1.0,0,0
ENG-Premier League,2223,Leicester City,Nampalys Mendy,SEN,MF,30,1992,8.4,1,2,1,50.0,0.24,0.12,0.5,1.0,0,0
ENG-Premier League,2223,Leicester City,Patson Daka,ZAM,FW,23,1998,13.2,4,30,16,53.3,2.27,1.21,0.13,0.25,0,0
ENG-Premier League,2223,Leicester City,Ricardo Pereira,POR,"DF,MF",28,1993,5.0,1,2,1,50.0,0.4,0.2,0.5,1.0,0,0
ENG-Premier League,2223,Leicester City,Tetê,BRA,"MF,FW",22,2000,8.2,1,15,2,13.3,1.84,0.25,0.07,0.5,0,0
ENG-Premier League,2223,Leicester City,Timothy Castagne,BEL,"DF,MF",26,1995,36.2,2,18,6,33.3,0.5,0.17,0.11,0.33,0,0
ENG-Premier League,2223,Leicester City,Victor Bernth Kristiansen,DEN,DF,19,2002,9.9,0,3,0,0.0,0.3,0.0,0.0,,0,0
ENG-Premier League,2223,Leicester City,Wesley Fofana,FRA,DF,21,2000,2.0,0,2,1,50.0,1.0,0.5,0.0,0.0,0,0
ENG-Premier League,2223,Leicester City,Wilfred Ndidi,NGA,"MF,DF",25,1996,18.7,0,7,2,28.6,0.38,0.11,0.0,0.0,0,0
ENG-Premier League,2223,Leicester City,Wout Faes,BEL,DF,24,1998,31.0,1,13,3,23.1,0.42,0.1,0.08,0.33,0,0
ENG-Premier League,2223,Leicester City,Youri Tielemans,BEL,MF,25,1997,26.0,3,31,10,32.3,1.19,0.38,0.1,0.3,1,2
ENG-Premier League,2223,Leicester City,Çağlar Söyüncü,TUR,DF,26,1996,5.9,1,5,2,40.0,0.85,0.34,0.2,0.5,0,0
ENG-Premier League,2223,Liverpool,Alex Oxlade-Chamberlain,ENG,FW,28,1993,3.7,1,7,3,42.9,1.88,0.81,0.14,0.33,0,0
ENG-Premier League,2223,Liverpool,Alisson,BRA,GK,29,1992,37.0,0,0,0,,0.0,0.0,,,0,0
ENG-Premier League,2223,Liverpool,Andy Robertson,SCO,DF,28,1994,28.7,0,13,4,30.8,0.45,0.14,0.0,0.0,0,0
ENG-Premier League,2223,Liverpool,Ben Gannon-Doak,SCO,MF,16,2005,0.3,0,0,0,,0.0,0.0,,,0,0
ENG-Premier League,2223,Liverpool,Bobby Clark,ENG,MF,17,2005,0.1,0,0,0,,0.0,0.0,,,0,0
ENG-Premier League,2223,Liverpool,Caoimhín Kelleher,IRL,GK,23,1998,1.0,0,0,0,,0.0,0.0,,,0,0
ENG-Premier League,2223,Liverpool,Cody Gakpo,NED,FW,23,1999,16.2,7,39,13,33.3,2.41,0.8,0.18,0.54,0,0
ENG-Premier League,2223,Liverpool,Curtis Jones,ENG,MF,21,2001,11.5,3,15,5,33.3,1.3,0.43,0.2,0.6,0,0
ENG-Premier League,2223,Liverpool,Darwin Núñez,URU,FW,23,1999,18.8,9,84,37,44.0,4.46,1.96,0.11,0.24,0,0
ENG-Premier League,2223,Liverpool,Diogo Jota,POR,"FW,MF",25,1996,12.6,7,35,11,31.4,2.79,0.88,0.2,0.64,0,0
ENG-Premier League,2223,Liverpool,Fabinho,BRA,MF,28,1993,29.7,0,18,4,22.2,0.61,0.13,0.0,0.0,0,0
ENG-Premier League,2223,Liverpool,Fabio Carvalho,POR,"MF,FW",19,2002,3.9,2,11,4,36.4,2.85,1.04,0.18,0.5,0,0
ENG-Premier League,2223,Liverpool,Harvey Elliott,ENG,MF,19,2003,17.9,1,36,12,33.3,2.01,0.67,0.03,0.08,0,0
ENG-Premier League,2223,Liverpool,Ibrahima Konaté,FRA,DF,23,1999,17.2,0,11,3,27.3,0.64,0.17,0.0,0.0,0,0
ENG-Premier League,2223,Liverpool,James Milner,ENG,"MF,DF",36,1986,10.1,0,7,1,14.3,0.69,0.1,0.0,0.0,0,0
ENG-Premier League,2223,Liverpool,Joe Gomez,ENG,DF,25,1997,16.3,0,6,2,33.3,0.37,0.12,0.0,0.0,0,0
ENG-Premier League,2223,Liverpool,Jordan Henderson,ENG,MF,32,1990,23.0,0,23,6,26.1,1.0,0.26,0.0,0.0,0,0
ENG-Premier League,2223,Liverpool,Joël Matip,CMR,DF,30,1991,12.1,1,5,3,60.0,0.41,0.25,0.2,0.33,0,0
ENG-Premier League,2223,Liverpool,Kostas Tsimikas,GRE,DF,26,1996,8.6,0,7,2,28.6,0.82,0.23,0.0,0.0,0,0
ENG-Premier League,2223,Liverpool,Luis Díaz,COL,FW,25,1997,11.1,4,27,8,29.6,2.44,0.72,0.15,0.5,0,0
ENG-Premier League,2223,Liverpool,Mohamed Salah,EGY,FW,30,1992,36.6,19,125,47,37.6,3.42,1.29,0.15,0.4,2,4
ENG-Premier League,2223,Liverpool,Naby Keïta,GUI,MF,27,1995,3.3,0,10,0,0.0,3.07,0.0,0.0,,0,0
ENG-Premier League,2223,Liverpool,Nathaniel Phillips,ENG,DF,25,1997,0.7,0,1,0,0.0,1.36,0.0,0.0,,0,0
ENG-Premier League,2223,Liverpool,Roberto Firmino,BRA,FW,30,1991,13.5,11,39,25,64.1,2.89,1.85,0.28,0.44,0,0
ENG-Premier League,2223,Liverpool,Stefan Bajcetic,ESP,MF,17,2004,5.8,1,6,3,50.0,1.03,0.51,0.17,0.33,0,0
ENG-Premier League,2223,Liverpool,Thiago Alcántara,ESP,MF,31,1991,13.9,0,10,1,10.0,0.72,0.07,0.0,0.0,0,0
ENG-Premier League,2223,Liverpool,Trent Alexander-Arnold,ENG,DF,23,1998,32.5,2,40,8,20.0,1.23,0.25,0.05,0.25,0,0
ENG-Premier League,2223,Liverpool,Virgil van Dijk,NED,DF,31,1991,31.5,3,30,10,33.3,0.95,0.32,0.1,0.3,0,0
ENG-Premier League,2223,Manchester City,Aymeric Laporte,ESP,"DF,MF",28,1994,11.0,0,10,1,10.0,0.91,0.09,0.0,0.0,0,0
ENG-Premier League,2223,Manchester City,Bernardo Silva,POR,"MF,FW",27,1994,24.5,4,25,10,40.0,1.02,0.41,0.16,0.4,0,0
ENG-Premier League,2223,Manchester City,Cole Palmer,ENG,"MF,FW",20,2002,4.1,0,11,4,36.4,2.68,0.97,0.0,0.0,0,0
ENG-Premier League,2223,Manchester City,Ederson Moraes,BRA,GK,28,1993,35.0,0,0,0,,0.0,0.0,,,0,0
ENG-Premier League,2223,Manchester City,Erling Haaland,NOR,"FW,MF",22,2000,30.8,36,123,60,48.8,4.0,1.95,0.29,0.6,7,7
ENG-Premier League,2223,Manchester City,Jack Grealish,ENG,"FW,MF",26,1995,22.8,5,41,16,39.0,1.8,0.7,0.12,0.31,0,0
ENG-Premier League,2223,Manchester City,John Stones,ENG,"DF,MF",28,1994,20.5,2,11,3,27.3,0.54,0.15,0.18,0.67,0,0
ENG-Premier League,2223,Manchester City,João Cancelo,POR,DF,28,1994,14.2,2,17,3,17.6,1.2,0.21,0.12,0.67,0,0
ENG-Premier League,2223,Manchester City,Julián Álvarez,ARG,"MF,FW",22,2000,16.3,9,47,22,46.8,2.89,1.35,0.19,0.41,1,1
ENG-Premier League,2223,Manchester City,Kalvin Phillips,ENG,"MF,DF",26,1995,3.3,0,6,0,0.0,1.8,0.0,0.0,,0,0
ENG-Premier League,2223,Manchester City,Kevin De Bruyne,BEL,MF,31,1991,26.9,7,65,21,32.3,2.42,0.78,0.11,0.33,0,0
ENG-Premier League,2223,Manchester City,Kyle Walker,ENG,"DF,MF",32,1990,21.8,0,5,1,20.0,0.23,0.05,0.0,0.0,0,0
ENG-Premier League,2223,Manchester City,Manuel Akanji,SUI,"DF,MF",27,1995,25.4,0,15,3,20.0,0.59,0.12,0.0,0.0,0,0
ENG-Premier League,2223,Manchester City,Máximo Perrone,ARG,MF,19,2003,0.2,0,0,0,,0.0,0.0,,,0,0
ENG-Premier League,2223,Manchester City,Nathan Aké,NED,DF,27,1995,20.8,1,9,2,22.2,0.43,0.1,0.11,0.5,0,0
ENG-Premier League,2223,Manchester City,Phil Foden,ENG,"FW,MF",22,2000,20.5,11,46,22,47.8,2.25,1.07,0.24,0.5,0,0
ENG-Premier League,2223,Manchester City,Rico Lewis,ENG,"DF,MF",17,2004,10.0,0,5,2,40.0,0.5,0.2,0.0,0.0,0,0
ENG-Premier League,2223,Manchester City,Riyad Mahrez,ALG,"MF,FW",31,1991,21.3,5,43,13,30.2,2.02,0.61,0.12,0.38,1,1
ENG-Premier League,2223,Manchester City,Rodri,ESP,"MF,DF",26,1996,32.3,2,50,14,28.0,1.55,0.43,0.04,0.14,0,0
ENG-Premier League,2223,Manchester City,Rúben Dias,POR,"DF,MF",25,1997,22.2,0,10,2,20.0,0.45,0.09,0.0,0.0,0,0
ENG-Premier League,2223,Manchester City,Sergio Gómez,ESP,"MF,FW",21,2000,3.9,0,7,0,0.0,1.81,0.0,0.0,,0,0
ENG-Premier League,2223,Manchester City,Shea Charles,NIR,"DF,MF",18,2003,0.3,0,0,0,,0.0,0.0,,,0,0
ENG-Premier League,2223,Manchester City,Stefan Ortega,GER,GK,29,1992,3.0,0,0,0,,0.0,0.0,,,0,0
ENG-Premier League,2223,Manchester City,İlkay Gündoğan,GER,MF,31,1990,26.1,8,54,20,37.0,2.07,0.76,0.15,0.4,0,1
ENG-Premier League,2223,Manchester Utd,Aaron Wan-Bissaka,COD,DF,24,1997,15.9,0,10,2,20.0,0.63,0.13,0.0,0.0,0,0
ENG-Premier League,2223,Manchester Utd,Alejandro Garnacho,ARG,MF,18,2004,6.3,3,24,10,41.7,3.8,1.58,0.13,0.3,0,0
ENG-Premier League,2223,Manchester Utd,Anthony Elanga,SWE,MF,20,2002,4.7,0,10,4,40.0,2.11,0.85,0.0,0.0,0,0
ENG-Premier League,2223,Manchester Utd,Anthony Martial,FRA,FW,26,1995,10.9,6,27,13,48.1,2.48,1.2,0.22,0.46,1,1
ENG-Premier League,2223,Manchester Utd,Antony,BRA,MF,22,2000,20.0,4,72,24,33.3,3.6,1.2,0.06,0.17,0,0
ENG-Premier League,2223,Manchester Utd,Bruno Fernandes,POR,MF,27,1994,36.8,8,92,35,38.0,2.5,0.95,0.09,0.23,2,2
ENG-Premier League,2223,Manchester Utd,Casemiro,BRA,MF,30,1992,23.6,4,34,11,32.4,1.44,0.47,0.12,0.36,0,0
ENG-Premier League,2223,Manchester Utd,Christian Eriksen,DEN,MF,30,1992,22.8,1,38,11,28.9,1.67,0.48,0.03,0.09,0,0
ENG-Premier League,2223,Manchester Utd,Cristiano Ronaldo,POR,FW,37,1985,5.8,1,25,6,24.0,4.29,1.03,0.04,0.17,0,0
ENG-Premier League,2223,Manchester Utd,David de Gea,ESP,GK,31,1990,38.0,0,0,0,,0.0,0.0,,,0,0
ENG-Premier League,2223,Manchester Utd,Diogo Dalot,POR,DF,23,1999,23.9,1,22,7,31.8,0.92,0.29,0.05,0.14,0,0
ENG-Premier League,2223,Manchester Utd,Donny van de Beek,NED,MF,25,1997,1.9,0,2,0,0.0,1.08,0.0,0.0,,0,0
ENG-Premier League,2223,Manchester Utd,Facundo Pellistri,URU,"FW,MF",20,2001,0.7,0,0,0,,0.0,0.0,,,0,0
ENG-Premier League,2223,Manchester Utd,Fred,BRA,MF,29,1993,13.9,2,26,5,19.2,1.87,0.36,0.08,0.4,0,0
ENG-Premier League,2223,Manchester Utd,Harry Maguire,ENG,DF,29,1993,8.5,0,3,0,0.0,0.35,0.0,0.0,,0,0
ENG-Premier League,2223,Manchester Utd,Jadon Sancho,ENG,MF,22,2000,18.7,6,21,11,52.4,1.12,0.59,0.29,0.55,0,0
ENG-Premier League,2223,Manchester Utd,Kobbie Mainoo,ENG,MF,17,2005,0.1,0,0,0,,0.0,0.0,,,0,0
ENG-Premier League,2223,Manchester Utd,Lisandro Martínez,ARG,DF,24,1998,23.5,1,10,1,10.0,0.43,0.04,0.1,1.0,0,0
ENG-Premier League,2223,Manchester Utd,Luke Shaw,ENG,DF,27,1995,28.4,1,14,4,28.6,0.49,0.14,0.07,0.25,0,0
ENG-Premier League,2223,Manchester Utd,Marcel Sabitzer,AUT,MF,28,1994,7.0,0,11,3,27.3,1.58,0.43,0.0,0.0,0,0
ENG-Premier League,2223,Manchester Utd,Marcus Rashford,ENG,"FW,MF",24,1997,32.0,17,108,50,46.3,3.38,1.56,0.16,0.34,0,0
ENG-Premier League,2223,Manchester Utd,Raphaël Varane,FRA,DF,29,1993,21.2,0,8,4,50.0,0.38,0.19,0.0,0.0,0,0
ENG-Premier League,2223,Manchester Utd,Scott McTominay,SCO,MF,25,1996,12.9,1,13,6,46.2,1.01,0.47,0.08,0.17,0,0
ENG-Premier League,2223,Manchester Utd,Tyrell Malacia,NED,DF,22,1999,15.5,0,5,2,40.0,0.32,0.13,0.0,0.0,0,0
ENG-Premier League,2223,Manchester Utd,Victor Lindelöf,SWE,DF,28,1994,15.2,0,3,0,0.0,0.2,0.0,0.0,,0,0
ENG-Premier League,2223,Manchester Utd,Wout Weghorst,NED,"FW,MF",29,1992,8.9,0,14,5,35.7,1.58,0.56,0.0,0.0,0,0
ENG-Premier League,2223,Newcastle,Alexander Isak,SWE,FW,22,1999,16.9,10,51,25,49.0,3.02,1.48,0.2,0.4,2,2
ENG-Premier League,2223,Newcastle,Allan Saint-Maximin,FRA,FW,25,1997,12.4,1,28,13,46.4,2.25,1.04,0.04,0.08,0,0
ENG-Premier League,2223,Newcastle,Anthony Gordon,ENG,"FW,MF",21,2001,5.4,1,8,2,25.0,1.48,0.37,0.13,0.5,0,0
ENG-Premier League,2223,Newcastle,Bruno Guimarães,BRA,MF,24,1997,30.3,4,28,8,28.6,0.92,0.26,0.14,0.5,0,0
ENG-Premier League,2223,Newcastle,Callum Wilson,ENG,FW,30,1992,20.9,18,73,35,47.9,3.5,1.68,0.25,0.51,3,3
ENG-Premier League,2223,Newcastle,Chris Wood,NZL,FW,30,1991,5.0,2,9,4,44.4,1.82,0.81,0.22,0.5,1,1
ENG-Premier League,2223,Newcastle,Dan Burn,ENG,DF,30,1992,34.6,1,21,4,19.0,0.61,0.12,0.05,0.25,0,0
ENG-Premier League,2223,Newcastle,Elliot Anderson,ENG,MF,19,2002,4.6,0,11,4,36.4,2.41,0.88,0.0,0.0,0,0
ENG-Premier League,2223,Newcastle,Emil Krafth,SWE,DF,27,1994,0.0,0,0,0,,0.0,0.0,,,0,0
ENG-Premier League,2223,Newcastle,Fabian Schär,SUI,DF,30,1991,35.6,1,56,15,26.8,1.57,0.42,0.02,0.07,0,0
ENG-Premier League,2223,Newcastle,Jacob Murphy,ENG,FW,27,1995,13.9,4,29,10,34.5,2.09,0.72,0.14,0.4,0,0
ENG-Premier League,2223,Newcastle,Jamaal Lascelles,ENG,DF,28,1993,2.4,0,2,0,0.0,0.83,0.0,0.0,,0,0
ENG-Premier League,2223,Newcastle,Jamal Lewis,NIR,"DF,MF",24,1998,0.1,0,0,0,,0.0,0.0,,,0,0
ENG-Premier League,2223,Newcastle,Javier Manquillo,ESP,DF,28,1994,0.4,0,0,0,,0.0,0.0,,,0,0
ENG-Premier League,2223,Newcastle,Joe Willock,ENG,MF,22,1999,28.4,3,58,17,29.3,2.04,0.6,0.05,0.18,0,0
ENG-Premier League,2223,Newcastle,Joelinton,BRA,"MF,FW",25,1996,29.6,6,51,20,39.2,1.72,0.68,0.12,0.3,0,0
ENG-Premier League,2223,Newcastle,Jonjo Shelvey,ENG,MF,30,1992,0.4,0,0,0,,0.0,0.0,,,0,0
ENG-Premier League,2223,Newcastle,Kieran Trippier,ENG,DF,31,1990,37.1,1,14,4,28.6,0.38,0.11,0.07,0.25,0,0
ENG-Premier League,2223,Newcastle,Lewis Miley,ENG,MF,16,2006,0.2,0,1,0,0.0,6.0,0.0,0.0,,0,0
ENG-Premier League,2223,Newcastle,Martin Dúbravka,SVK,GK,33,1989,1.7,0,0,0,,0.0,0.0,,,0,0
ENG-Premier League,2223,Newcastle,Matt Ritchie,SCO,"DF,MF",32,1989,0.4,0,0,0,,0.0,0.0,,,0,0
ENG-Premier League,2223,Newcastle,Matt Targett,ENG,DF,26,1995,6.8,0,1,0,0.0,0.15,0.0,0.0,,0,0
ENG-Premier League,2223,Newcastle,Miguel Almirón,PAR,FW,28,1994,27.7,11,69,21,30.4,2.49,0.76,0.16,0.52,0,0
ENG-Premier League,2223,Newcastle,Nick Pope,ENG,GK,30,1992,36.2,0,0,0,,0.0,0.0,,,0,0
ENG-Premier League,2223,Newcastle,Ryan Fraser,SCO,FW,28,1994,3.5,0,6,1,16.7,1.73,0.29,0.0,0.0,0,0
ENG-Premier League,2223,Newcastle,Sean Longstaff,ENG,MF,24,1997,28.0,1,33,7,21.2,1.18,0.25,0.03,0.14,0,0
ENG-Premier League,2223,Newcastle,Sven Botman,NED,DF,22,2000,34.7,0,22,7,31.8,0.63,0.2,0.0,0.0,0,0
ENG-Premier League,2223,Nottingham,Alex Mighten,ENG,"FW,MF",20,2002,0.1,0,0,0,,0.0,0.0,,,0,0
ENG-Premier League,2223,Nottingham,André Ayew,GHA,FW,32,1989,3.5,0,4,2,50.0,1.14,0.57,0.0,0.0,0,1
ENG-Premier League,2223,Nottingham,Brennan Johnson,WAL,"FW,MF",21,2001,32.6,8,55,27,49.1,1.69,0.83,0.15,0.3,1,3
ENG-Premier League,2223,Nottingham,Cafú,POR,MF,29,1993,0.1,0,0,0,,0.0,0.0,,,0,0
ENG-Premier League,2223,Nottingham,Cheikhou Kouyaté,SEN,"MF,DF",32,1989,9.8,1,6,5,83.3,0.61,0.51,0.17,0.2,0,0
ENG-Premier League,2223,Nottingham,Chris Wood,NZL,FW,30,1991,4.1,1,3,1,33.3,0.73,0.24,0.33,1.0,0,0
ENG-Premier League,2223,Nottingham,Danilo Santos,BRA,MF,21,2001,10.8,3,15,4,26.7,1.38,0.37,0.2,0.75,0,0
ENG-Premier League,2223,Nottingham,Dean Henderson,ENG,GK,25,1997,18.0,0,0,0,,0.0,0.0,,,0,0
ENG-Premier League,2223,Nottingham,Emmanuel Dennis,NGA,"MF,FW",24,1997,8.0,2,21,7,33.3,2.62,0.87,0.1,0.29,0,0
ENG-Premier League,2223,Nottingham,Felipe,BRA,DF,33,1989,15.8,0,13,1,7.7,0.83,0.06,0.0,0.0,0,0
ENG-Premier League,2223,Nottingham,Giulian Biancone,FRA,"DF,MF",22,2000,0.2,0,0,0,,0.0,0.0,,,0,0
ENG-Premier League,2223,Nottingham,Gustavo Scarpa,BRA,MF,28,1994,2.0,0,7,1,14.3,3.48,0.5,0.0,0.0,0,0
ENG-Premier League,2223,Nottingham,Harry Toffolo,ENG,"DF,MF",26,1995,10.4,0,6,2,33.3,0.57,0.19,0.0,0.0,0,0
ENG-Premier League,2223,Nottingham,Jack Colback,ENG,MF,32,1989,5.5,0,0,0,,0.0,0.0,,,0,0
ENG-Premier League,2223,Nottingham,Jesse Lingard,ENG,"MF,FW",29,1992,10.3,0,10,2,20.0,0.98,0.2,0.0,0.0,0,0
ENG-Premier League,2223,Nottingham,Joe Worrall,ENG,DF,25,1997,24.7,1,7,2,28.6,0.28,0.08,0.14,0.5,0,0
ENG-Premier League,2223,Nottingham,Jonjo Shelvey,ENG,MF,30,1992,6.0,0,6,0,0.0,1.0,0.0,0.0,,0,0
ENG-Premier League,2223,Nottingham,Keylor Navas,CRC,GK,35,1986,17.0,0,0,0,,0.0,0.0,,,0,0
ENG-Premier League,2223,Nottingham,Lewis O'Brien,ENG,MF,23,1998,6.5,1,7,2,28.6,1.08,0.31,0.14,0.5,0,0
ENG-Premier League,2223,Nottingham,Morgan Gibbs-White,ENG,"MF,FW",22,2000,33.0,5,59,22,37.3,1.79,0.67,0.08,0.23,2,2
ENG-Premier League,2223,Nottingham,Moussa Niakhaté,SEN,DF,26,1996,12.9,0,6,3,50.0,0.46,0.23,0.0,0.0,0,0
ENG-Premier League,2223,Nottingham,Neco Williams,WAL,"DF,MF",21,2001,20.9,1,25,7,28.0,1.2,0.33,0.04,0.14,0,0
ENG-Premier League,2223,Nottingham,Orel Mangala,BEL,MF,24,1998,17.2,1,9,3,33.3,0.52,0.17,0.11,0.33,0,0
ENG-Premier League,2223,Nottingham,Remo Freuler,SUI,MF,30,1992,24.0,0,8,1,12.5,0.33,0.04,0.0,0.0,0,0
ENG-Premier League,2223,Nottingham,Renan Lodi,BRA,"DF,MF",24,1998,24.6,0,15,0,0.0,0.61,0.0,0.0,,0,0
ENG-Premier League,2223,Nottingham,Ryan Yates,ENG,MF,24,1997,20.4,0,26,5,19.2,1.27,0.24,0.0,0.0,0,0
ENG-Premier League,2223,Nottingham,Sam Surridge,ENG,FW,24,1998,3.6,1,9,2,22.2,2.51,0.56,0.11,0.5,0,0
ENG-Premier League,2223,Nottingham,Scott McKenna,SCO,DF,25,1996,17.5,0,2,0,0.0,0.11,0.0,0.0,,0,0
ENG-Premier League,2223,Nottingham,Serge Aurier,CIV,"DF,MF",29,1992,21.6,1,9,3,33.3,0.42,0.14,0.11,0.33,0,0
ENG-Premier League,2223,Nottingham,Steve Cook,ENG,DF,31,1991,10.6,0,3,0,0.0,0.28,0.0,0.0,,0,0
ENG-Premier League,2223,Nottingham,Taiwo Awoniyi,NGA,FW,24,1997,15.6,10,35,15,42.9,2.24,0.96,0.29,0.67,0,0
ENG-Premier League,2223,Nottingham,Wayne Hennessey,WAL,GK,35,1987,3.0,0,0,0,,0.0,0.0,,,0,0
ENG-Premier League,2223,Nottingham,Willy Boly,CIV,DF,31,1991,7.6,0,2,1,50.0,0.26,0.13,0.0,0.0,0,0
ENG-Premier League,2223,Southampton,Adam Armstrong,ENG,"MF,FW",25,1997,14.8,2,25,12,48.0,1.69,0.81,0.08,0.17,0,0
ENG-Premier League,2223,Southampton,Ainsley Maitland-Niles,ENG,"DF,MF",24,1997,15.6,0,1,1,100.0,0.06,0.06,0.0,0.0,0,0
ENG-Premier League,2223,Southampton,Alex McCarthy,ENG,GK,32,1989,6.0,0,0,0,,0.0,0.0,,,0,0
ENG-Premier League,2223,Southampton,Armel Bella Kotchap,GER,DF,20,2001,20.9,0,14,2,14.3,0.67,0.1,0.0,0.0,0,0
ENG-Premier League,2223,Southampton,Carlos Alcaraz,ARG,"MF,FW",19,2002,11.4,4,24,10,41.7,2.1,0.87,0.17,0.4,0,0
ENG-Premier League,2223,Southampton,Ché Adams,SCO,FW,26,1996,22.1,5,47,15,31.9,2.12,0.68,0.11,0.33,0,0
ENG-Premier League,2223,Southampton,Dominic Ballard,ENG,FW,17,2005,0.3,0,0,0,,0.0,0.0,,,0,0
ENG-Premier League,2223,Southampton,Duje Ćaleta-Car,CRO,DF,25,1996,10.5,1,5,2,40.0,0.48,0.19,0.2,0.5,0,0
ENG-Premier League,2223,Southampton,Gavin Bazunu,IRL,GK,20,2002,32.0,0,0,0,,0.0,0.0,,,0,0
ENG-Premier League,2223,Southampton,Ibrahima Diallo,FRA,MF,23,1999,9.1,0,6,0,0.0,0.66,0.0,0.0,,0,0
ENG-Premier League,2223,Southampton,Jack Stephens,ENG,DF,28,1994,0.5,0,0,0,,0.0,0.0,,,0,0
ENG-Premier League,2223,Southampton,James Bree,ENG,DF,24,1997,4.1,0,1,1,100.0,0.25,0.25,0.0,0.0,0,0
ENG-Premier League,2223,Southampton,James Ward-Prowse,ENG,MF,27,1994,37.5,9,44,20,45.5,1.17,0.53,0.2,0.45,2,4
ENG-Premier League,2223,Southampton,Jan Bednarek,POL,DF,26,1996,18.6,0,8,0,0.0,0.43,0.0,0.0,,0,0
ENG-Premier League,2223,Southampton,Joe Aribo,NGA,"MF,FW",26,1996,13.6,2,14,8,57.1,1.03,0.59,0.14,0.25,0,0
ENG-Premier League,2223,Southampton,Juan Larios,ESP,DF,18,2004,1.7,0,0,0,,0.0,0.0,,,0,0
ENG-Premier League,2223,Southampton,Kamaldeen Sulemana,GHA,"FW,MF",20,2002,10.7,2,25,7,28.0,2.33,0.65,0.08,0.29,0,0
ENG-Premier League,2223,Southampton,Kami Doyle,ENG,MF,16,2005,0.1,0,0,0,,0.0,0.0,,,0,0
ENG-Premier League,2223,Southampton,Kyle Walker-Peters,ENG,"DF,MF",25,1997,29.4,1,12,5,41.7,0.41,0.17,0.08,0.2,0,0
ENG-Premier League,2223,Southampton,Lyanco,BRA,DF,25,1997,13.1,1,12,4,33.3,0.92,0.31,0.08,0.25,0,0
ENG-Premier League,2223,Southampton,Mislav Oršić,CRO,"FW,MF",29,1992,0.1,0,0,0,,0.0,0.0,,,0,0
ENG-Premier League,2223,Southampton,Mohamed Elyounoussi,NOR,MF,27,1994,24.1,1,36,11,30.6,1.49,0.46,0.03,0.09,0,0
ENG-Premier League,2223,Southampton,Mohammed Salisu,GHA,DF,23,1999,21.9,0,19,5,26.3,0.87,0.23,0.0,0.0,0,0
ENG-Premier League,2223,Southampton,Moussa Djenepo,MLI,"DF,MF",24,1998,7.9,0,3,2,66.7,0.38,0.25,0.0,0.0,0,0
ENG-Premier League,2223,Southampton,Nathan Redmond,ENG,"FW,MF",28,1994,0.0,0,0,0,,0.0,0.0,,,0,0
ENG-Premier League,2223,Southampton,Oriol Romeu,ESP,MF,30,1991,0.8,0,0,0,,0.0,0.0,,,0,0
ENG-Premier League,2223,Southampton,Paul Onuachu,NGA,FW,28,1994,4.5,0,11,5,45.5,2.43,1.11,0.0,0.0,0,0
ENG-Premier League,2223,Southampton,Romain Perraud,FRA,DF,24,1997,20.4,2,30,6,20.0,1.47,0.29,0.07,0.33,0,0
ENG-Premier League,2223,Southampton,Roméo Lavia,BEL,MF,18,2004,24.7,1,12,3,25.0,0.49,0.12,0.08,0.33,0,0
ENG-Premier League,2223,Southampton,Samuel Amo-Ameyaw,ENG,"FW,MF",16,2006,0.0,0,0,0,,0.0,0.0,,,0,0
ENG-Premier League,2223,Southampton,Samuel Edozie,ENG,"MF,FW",19,2003,6.3,0,8,3,37.5,1.27,0.48,0.0,0.0,0,0
ENG-Premier League,2223,Southampton,Sekou Mara,FRA,FW,20,2002,6.2,1,16,5,31.3,2.59,0.81,0.06,0.2,0,0
ENG-Premier League,2223,Southampton,Stuart Armstrong,SCO,MF,30,1992,15.6,2,23,7,30.4,1.47,0.45,0.09,0.29,0,0
ENG-Premier League,2223,Southampton,Theo Walcott,ENG,"MF,FW",33,1989,12.5,2,20,8,40.0,1.59,0.64,0.1,0.25,0,0
ENG-Premier League,2223,Southampton,Tino Livramento,ENG,"DF,MF",19,2002,0.3,0,0,0,,0.0,0.0,,,0,0
ENG-Premier League,2223,Southampton,Yan Valery,TUN,DF,23,1999,0.5,0,0,0,,0.0,0.0,,,0,0
ENG-Premier League,2223,Tottenham,Arnaut Danjuma,NED,MF,25,1997,1.9,1,6,3,50.0,3.2,1.6,0.17,0.33,0,0
ENG-Premier League,2223,Tottenham,Ben Davies,WAL,"DF,MF",29,1993,25.4,2,14,5,35.7,0.55,0.2,0.14,0.4,0,0
ENG-Premier League,2223,Tottenham,Bryan Gil,ESP,"MF,FW",21,2001,1.6,0,2,1,50.0,1.22,0.61,0.0,0.0,0,0
ENG-Premier League,2223,Tottenham,Clément Lenglet,FRA,DF,27,1995,22.4,0,13,2,15.4,0.58,0.09,0.0,0.0,0,0
ENG-Premier League,2223,Tottenham,Cristian Romero,ARG,DF,24,1998,26.3,0,11,2,18.2,0.42,0.08,0.0,0.0,0,0
ENG-Premier League,2223,Tottenham,Davinson Sánchez,COL,DF,26,1996,9.5,0,6,2,33.3,0.63,0.21,0.0,0.0,0,0
ENG-Premier League,2223,Tottenham,Dejan Kulusevski,SWE,"MF,FW",22,2000,23.0,2,43,10,23.3,1.87,0.44,0.05,0.2,0,0
ENG-Premier League,2223,Tottenham,Djed Spence,ENG,"DF,MF",21,2000,0.1,0,1,1,100.0,12.86,12.86,0.0,0.0,0,0
ENG-Premier League,2223,Tottenham,Emerson,BRA,"MF,DF",23,1999,19.3,2,17,7,41.2,0.88,0.36,0.12,0.29,0,0
ENG-Premier League,2223,Tottenham,Eric Dier,ENG,DF,28,1994,31.3,2,17,4,23.5,0.54,0.13,0.12,0.5,0,0
ENG-Premier League,2223,Tottenham,Fraser Forster,ENG,GK,34,1988,13.5,0,0,0,,0.0,0.0,,,0,0
ENG-Premier League,2223,Tottenham,George Abbott,ENG,MF,16,2005,0.0,0,0,0,,0.0,0.0,,,0,0
ENG-Premier League,2223,Tottenham,Harry Kane,ENG,FW,29,1993,37.8,30,132,64,48.5,3.49,1.69,0.23,0.47,5,6
ENG-Premier League,2223,Tottenham,Harvey White,ENG,MF,20,2001,0.1,0,0,0,,0.0,0.0,,,0,0
ENG-Premier League,2223,Tottenham,Hugo Lloris,FRA,GK,35,1986,24.5,0,0,0,,0.0,0.0,,,0,0
ENG-Premier League,2223,Tottenham,Ivan Perišić,CRO,MF,33,1989,23.4,1,29,8,27.6,1.24,0.34,0.03,0.13,0,0
ENG-Premier League,2223,Tottenham,Japhet Tanganga,ENG,DF,23,1999,1.6,0,0,0,,0.0,0.0,,,0,0
ENG-Premier League,2223,Tottenham,Lucas Moura,BRA,"FW,MF",29,1992,1.7,1,4,1,25.0,2.35,0.59,0.25,1.0,0,0
ENG-Premier League,2223,Tottenham,Matt Doherty,IRL,MF,30,1992,7.4,1,10,2,20.0,1.35,0.27,0.1,0.5,0,0
ENG-Premier League,2223,Tottenham,Matthew Craig,SCO,MF,19,2003,0.2,0,0,0,,0.0,0.0,,,0,0
ENG-Premier League,2223,Tottenham,Oliver Skipp,ENG,MF,21,2000,16.6,1,7,3,42.9,0.42,0.18,0.14,0.33,0,0
ENG-Premier League,2223,Tottenham,Pape Matar Sarr,SEN,MF,19,2002,2.4,0,2,0,0.0,0.83,0.0,0.0,,0,0
ENG-Premier League,2223,Tottenham,Pedro Porro,ESP,MF,22,1999,12.6,3,26,7,26.9,2.07,0.56,0.12,0.43,0,0
ENG-Premier League,2223,Tottenham,Pierre Højbjerg,DEN,MF,26,1995,34.8,4,33,9,27.3,0.95,0.26,0.12,0.44,0,0
ENG-Premier League,2223,Tottenham,Richarlison,BRA,"MF,FW",25,1997,11.2,1,27,14,51.9,2.41,1.25,0.04,0.07,0,0
ENG-Premier League,2223,Tottenham,Rodrigo Bentancur,URU,MF,25,1997,16.7,5,15,9,60.0,0.9,0.54,0.33,0.56,0,0
ENG-Premier League,2223,Tottenham,Ryan Sessegnon,ENG,"MF,DF",22,2000,9.0,2,18,6,33.3,1.99,0.66,0.11,0.33,0,0
ENG-Premier League,2223,Tottenham,Son Heung-min,KOR,"MF,FW",30,1992,32.1,10,81,40,49.4,2.52,1.25,0.12,0.25,0,0
ENG-Premier League,2223,Tottenham,Yves Bissouma,MLI,MF,25,1996,11.2,0,6,0,0.0,0.53,0.0,0.0,,0,0
ENG-Premier League,2223,West Ham,Aaron Cresswell,ENG,DF,32,1989,24.8,0,9,1,11.1,0.36,0.04,0.0,0.0,0,0
ENG-Premier League,2223,West Ham,Alphonse Areola,FRA,GK,29,1993,3.4,0,0,0,,0.0,0.0,,,0,0
ENG-Premier League,2223,West Ham,Angelo Ogbonna,ITA,DF,34,1988,13.7,0,3,0,0.0,0.22,0.0,0.0,,0,0
ENG-Premier League,2223,West Ham,Ben Johnson,ENG,"DF,MF",22,2000,9.6,0,2,1,50.0,0.21,0.1,0.0,0.0,0,0
ENG-Premier League,2223,West Ham,Conor Coventry,IRL,MF,22,2000,0.0,0,0,0,,0.0,0.0,,,0,0
ENG-Premier League,2223,West Ham,Craig Dawson,ENG,DF,32,1990,8.0,0,6,1,16.7,0.75,0.12,0.0,0.0,0,0
ENG-Premier League,2223,West Ham,Danny Ings,ENG,FW,30,1992,8.6,2,15,4,26.7,1.74,0.46,0.13,0.5,0,0
ENG-Premier League,2223,West Ham,Declan Rice,ENG,MF,23,1999,36.4,4,36,9,25.0,0.99,0.25,0.11,0.44,0,1
ENG-Premier League,2223,West Ham,Divin Mubama,ENG,FW,17,2004,0.4,0,0,0,,0.0,0.0,,,0,0
ENG-Premier League,2223,West Ham,Emerson Palmieri,ITA,"MF,DF",27,1994,14.7,1,11,5,45.5,0.75,0.34,0.09,0.2,0,0
ENG-Premier League,2223,West Ham,Flynn Downes,ENG,MF,23,1999,8.5,0,4,1,25.0,0.47,0.12,0.0,0.0,0,0
ENG-Premier League,2223,West Ham,Gianluca Scamacca,ITA,FW,23,1999,10.3,3,30,10,33.3,2.92,0.97,0.1,0.3,0,0
ENG-Premier League,2223,West Ham,Jarrod Bowen,ENG,"MF,FW",25,1996,35.9,6,75,24,32.0,2.09,0.67,0.08,0.25,1,2
ENG-Premier League,2223,West Ham,Kurt Zouma,FRA,DF,27,1994,22.1,2,19,6,31.6,0.86,0.27,0.11,0.33,0,0
ENG-Premier League,2223,West Ham,Lucas Paquetá,BRA,MF,24,1997,23.9,4,53,16,30.2,2.22,0.67,0.08,0.25,1,1
ENG-Premier League,2223,West Ham,Manuel Lanzini,ARG,MF,29,1993,2.8,1,3,1,33.3,1.07,0.36,0.33,1.0,0,0
ENG-Premier League,2223,West Ham,Maxwel Cornet,CIV,MF,25,1996,2.7,0,9,2,22.2,3.31,0.73,0.0,0.0,0,0
ENG-Premier League,2223,West Ham,Michail Antonio,JAM,FW,32,1990,20.3,5,39,13,33.3,1.92,0.64,0.13,0.38,0,0
ENG-Premier League,2223,West Ham,Nayef Aguerd,MAR,DF,26,1996,17.7,2,12,2,16.7,0.68,0.11,0.17,1.0,0,0
ENG-Premier League,2223,West Ham,Pablo Fornals,ESP,MF,26,1996,16.7,3,27,7,25.9,1.62,0.42,0.11,0.43,0,0
ENG-Premier League,2223,West Ham,Saïd Benrahma,ALG,"MF,FW",26,1995,23.0,6,73,27,37.0,3.18,1.17,0.08,0.22,4,4
ENG-Premier League,2223,West Ham,Thilo Kehrer,GER,DF,25,1996,24.8,0,8,1,12.5,0.32,0.04,0.0,0.0,0,0
ENG-Premier League,2223,West Ham,Tomáš Souček,CZE,MF,27,1995,31.3,2,34,13,38.2,1.09,0.42,0.06,0.15,0,0
ENG-Premier League,2223,West Ham,Vladimír Coufal,CZE,"DF,MF",29,1992,23.7,0,6,1,16.7,0.25,0.04,0.0,0.0,0,0
ENG-Premier League,2223,West Ham,Łukasz Fabiański,POL,GK,37,1985,34.6,0,0,0,,0.0,0.0,,,0,0
ENG-Premier League,2223,Wolves,Adama Traoré,ESP,"MF,FW",26,1996,16.6,2,19,8,42.1,1.14,0.48,0.11,0.25,0,0
ENG-Premier League,2223,Wolves,Boubacar Traoré,MLI,MF,20,2001,4.6,0,3,0,0.0,0.66,0.0,0.0,,0,0
ENG-Premier League,2223,Wolves,Chem Campbell,WAL,"FW,MF",19,2002,0.8,0,2,0,0.0,2.43,0.0,0.0,,0,0
ENG-Premier League,2223,Wolves,Connor Ronan,IRL,MF,24,1998,0.0,0,0,0,,0.0,0.0,,,0,0
ENG-Premier League,2223,Wolves,Craig Dawson,ENG,DF,32,1990,15.7,1,11,2,18.2,0.7,0.13,0.09,0.5,0,0
ENG-Premier League,2223,Wolves,Daniel Bentley,ENG,GK,29,1993,2.0,0,0,0,,0.0,0.0,,,0,0
ENG-Premier League,2223,Wolves,Daniel Podence,POR,"MF,FW",26,1995,19.7,6,43,18,41.9,2.19,0.91,0.14,0.33,0,0
ENG-Premier League,2223,Wolves,Dexter Lembikisa,JAM,"DF,MF",18,2003,0.3,0,0,0,,0.0,0.0,,,0,0
ENG-Premier League,2223,Wolves,Diego Costa,ESP,FW,33,1988,13.8,1,28,14,50.0,2.03,1.02,0.04,0.07,0,0
ENG-Premier League,2223,Wolves,Gonçalo Guedes,POR,"FW,MF",25,1996,7.9,1,19,6,31.6,2.42,0.76,0.05,0.17,0,0
ENG-Premier League,2223,Wolves,Hugo Bueno,ESP,DF,19,2002,14.6,0,4,1,25.0,0.27,0.07,0.0,0.0,0,0
ENG-Premier League,2223,Wolves,Hwang Hee-chan,KOR,"FW,MF",26,1996,12.6,3,18,7,38.9,1.43,0.56,0.17,0.43,0,0
ENG-Premier League,2223,Wolves,Joe Hodge,IRL,MF,19,2002,1.9,0,2,0,0.0,1.03,0.0,0.0,,0,0
ENG-Premier League,2223,Wolves,Jonny Castro,ESP,DF,28,1994,14.0,1,9,2,22.2,0.64,0.14,0.11,0.5,0,0
ENG-Premier League,2223,Wolves,José Sá,POR,GK,29,1993,36.0,0,0,0,,0.0,0.0,,,0,0
ENG-Premier League,2223,Wolves,João Gomes,BRA,MF,21,2001,7.3,1,4,2,50.0,0.55,0.28,0.25,0.5,0,0
ENG-Premier League,2223,Wolves,João Moutinho,POR,MF,35,1986,19.8,0,16,3,18.8,0.81,0.15,0.0,0.0,0,0
ENG-Premier League,2223,Wolves,Leander Dendoncker,BEL,MF,27,1995,2.4,0,3,2,66.7,1.26,0.84,0.0,0.0,0,0
ENG-Premier League,2223,Wolves,Mario Lemina,GAB,MF,28,1993,14.4,0,9,2,22.2,0.62,0.14,0.0,0.0,0,0
ENG-Premier League,2223,Wolves,Matheus Cunha,BRA,FW,23,1999,10.7,2,26,7,26.9,2.42,0.65,0.08,0.29,0,0
ENG-Premier League,2223,Wolves,Matheus Nunes,POR,MF,23,1998,27.4,1,28,9,32.1,1.02,0.33,0.04,0.11,0,0
ENG-Premier League,2223,Wolves,Max Kilman,ENG,DF,25,1997,36.7,0,14,1,7.1,0.38,0.03,0.0,0.0,0,0
ENG-Premier League,2223,Wolves,Morgan Gibbs-White,ENG,MF,22,2000,2.0,0,3,1,33.3,1.5,0.5,0.0,0.0,0,0
ENG-Premier League,2223,Wolves,Nathan Collins,IRL,DF,21,2001,20.2,0,3,0,0.0,0.15,0.0,0.0,,0,0
ENG-Premier League,2223,Wolves,Nélson Semedo,POR,DF,28,1993,29.2,0,9,0,0.0,0.31,0.0,0.0,,0,0
ENG-Premier League,2223,Wolves,Pablo Sarabia,ESP,"MF,FW",30,1992,8.5,1,20,5,25.0,2.35,0.59,0.05,0.2,0,0
ENG-Premier League,2223,Wolves,Pedro Neto,POR,"MF,FW",22,2000,10.7,0,17,3,17.6,1.59,0.28,0.0,0.0,0,0
ENG-Premier League,2223,Wolves,Rayan Aït-Nouri,ALG,"DF,MF",21,2001,12.0,1,10,5,50.0,0.84,0.42,0.1,0.2,0,0
ENG-Premier League,2223,Wolves,Raúl Jiménez,MEX,FW,31,1991,9.4,0,20,9,45.0,2.13,0.96,0.0,0.0,0,0
ENG-Premier League,2223,Wolves,Rúben Neves,POR,MF,25,1997,33.5,6,67,16,23.9,2.0,0.48,0.09,0.38,3,3
ENG-Premier League,2223,Wolves,Saša Kalajdžić,AUT,FW,25,1997,0.5,0,1,0,0.0,2.0,0.0,0.0,,0,0
ENG-Premier League,2223,Wolves,Toti Gomes,POR,DF,23,1999,10.9,1,5,2,40.0,0.46,0.18,0.2,0.5,0,0
