league,season,team,player,nation,pos,age,born,90s,Performance_CrdY,Performance_CrdR,Performance_2CrdY,Performance_Fls,Performance_Fld,Performance_Off,Performance_Crs,Performance_Int,Performance_TklW,Performance_PKwon,Performance_PKcon,Performance_OG
ENG-Premier League,2122,Arsenal,Aaron Ramsdale,ENG,GK,23,1998,34.0,1,0,0,0,5,0,0,0,1,,,0
ENG-Premier League,2122,Arsenal,Ainsley Maitland-Niles,ENG,MF,23,1997,3.0,0,0,0,4,3,0,2,4,4,,,0
ENG-Premier League,2122,Arsenal,Albert Sambi Lokonga,BEL,MF,21,1999,12.6,5,0,0,12,15,0,2,13,16,,,0
ENG-Premier League,2122,Arsenal,Alexandre Lacazette,FRA,"FW,MF",30,1991,19.8,0,0,0,32,29,6,7,4,10,,,0
ENG-Premier League,2122,Arsenal,Ben White,ENG,DF,23,1997,32.0,3,0,0,19,27,0,0,44,21,,,1
ENG-Premier League,2122,Arsenal,Bernd Leno,GER,GK,29,1992,4.0,0,0,0,0,0,0,0,0,1,,,0
ENG-Premier League,2122,Arsenal,Bukayo Saka,ENG,"MF,FW",19,2001,33.1,6,0,0,38,59,17,111,22,23,,,0
ENG-Premier League,2122,Arsenal,Calum Chambers,ENG,DF,26,1995,1.9,0,0,0,2,1,0,3,0,3,,,0
ENG-Premier League,2122,Arsenal,Cédric Soares,POR,DF,29,1991,16.5,3,0,0,15,6,3,100,15,28,,,0
ENG-Premier League,2122,Arsenal,Eddie Nketiah,ENG,FW,22,1999,9.3,3,0,0,17,14,5,5,5,5,,,0
ENG-Premier League,2122,Arsenal,Emile Smith Rowe,ENG,MF,21,2000,21.3,1,0,0,5,21,2,45,13,7,,,0
ENG-Premier League,2122,Arsenal,Folarin Balogun,USA,FW,20,2001,0.8,0,0,0,0,1,1,0,0,1,,,0
ENG-Premier League,2122,Arsenal,Gabriel Magalhães,BRA,DF,23,1997,34.0,8,1,1,23,38,1,1,14,31,,,0
ENG-Premier League,2122,Arsenal,Gabriel Martinelli,BRA,"MF,FW",20,2001,20.7,3,1,1,23,20,10,74,19,20,,,0
ENG-Premier League,2122,Arsenal,Granit Xhaka,SUI,MF,28,1992,25.9,10,1,0,29,19,2,25,21,18,,,0
ENG-Premier League,2122,Arsenal,Kieran Tierney,SCO,DF,24,1997,21.3,0,0,0,5,16,1,80,16,14,,,0
ENG-Premier League,2122,Arsenal,Martin Ødegaard,NOR,MF,22,1998,30.9,4,0,0,27,20,3,59,10,19,,,0
ENG-Premier League,2122,Arsenal,Mohamed Elneny,EGY,MF,29,1992,9.0,1,0,0,5,5,0,0,15,8,,,0
ENG-Premier League,2122,Arsenal,Nicolas Pépé,CIV,MF,26,1995,7.7,0,0,0,8,3,4,37,7,5,,,0
ENG-Premier League,2122,Arsenal,Nuno Tavares,POR,DF,21,2000,13.1,2,0,0,23,13,1,41,10,13,,,0
ENG-Premier League,2122,Arsenal,Pablo Marí,ESP,DF,27,1993,2.0,1,0,0,1,1,0,0,3,3,,,0
ENG-Premier League,2122,Arsenal,Pierre-Emerick Aubameyang,GAB,FW,32,1989,11.5,3,0,0,15,8,10,11,0,5,,,0
ENG-Premier League,2122,Arsenal,Reiss Nelson,ENG,"FW,MF",21,1999,0.2,0,0,0,0,0,0,0,0,0,,,0
ENG-Premier League,2122,Arsenal,Rob Holding,ENG,DF,25,1995,9.4,4,1,1,9,3,0,0,11,9,,,0
ENG-Premier League,2122,Arsenal,Sead Kolašinac,BIH,DF,28,1993,1.0,1,0,0,2,0,0,0,4,0,,,0
ENG-Premier League,2122,Arsenal,Takehiro Tomiyasu,JPN,DF,22,1998,18.7,2,0,0,16,14,0,31,23,16,,,0
ENG-Premier League,2122,Arsenal,Thomas Partey,GHA,MF,28,1993,22.5,6,0,0,33,17,0,4,25,28,,,0
ENG-Premier League,2122,Aston Villa,Anwar El Ghazi,NED,"MF,FW",26,1995,4.3,2,0,0,8,5,2,14,1,4,,,0
ENG-Premier League,2122,Aston Villa,Ashley Young,ENG,"DF,FW",36,1985,13.9,2,0,0,16,33,1,44,13,6,,,1
ENG-Premier League,2122,Aston Villa,Axel Tuanzebe,COD,DF,23,1997,5.6,1,0,0,3,3,0,1,5,3,,,0
ENG-Premier League,2122,Aston Villa,Bertrand Traoré,BFA,FW,25,1995,2.4,0,0,0,0,4,2,5,0,3,,,0
ENG-Premier League,2122,Aston Villa,Calum Chambers,ENG,"DF,MF",26,1995,9.2,1,0,0,12,2,0,2,5,8,,,0
ENG-Premier League,2122,Aston Villa,Cameron Archer,ENG,"FW,MF",20,2001,0.3,0,0,0,3,0,0,0,0,0,,,0
ENG-Premier League,2122,Aston Villa,Carney Chukwuemeka,AUT,MF,17,2003,3.3,0,0,0,3,9,0,0,2,0,,,0
ENG-Premier League,2122,Aston Villa,Danny Ings,ENG,FW,29,1992,21.1,4,0,0,16,12,11,14,5,18,,,0
ENG-Premier League,2122,Aston Villa,Douglas Luiz,BRA,MF,23,1998,30.2,7,0,0,38,42,0,83,34,36,,,0
ENG-Premier League,2122,Aston Villa,Emi Buendía,ARG,"FW,MF",24,1996,21.1,1,0,0,17,44,3,34,11,18,,,0
ENG-Premier League,2122,Aston Villa,Emiliano Martínez,ARG,GK,28,1992,36.0,4,0,0,0,3,0,0,0,0,,,0
ENG-Premier League,2122,Aston Villa,Ezri Konsa,ENG,DF,23,1997,27.5,6,2,1,18,36,1,1,16,15,,,0
ENG-Premier League,2122,Aston Villa,Jacob Ramsey,ENG,MF,20,2001,27.4,6,0,0,32,44,1,26,20,44,,,0
ENG-Premier League,2122,Aston Villa,Jaden Philogene Bidace,ENG,"FW,MF",19,2002,0.1,0,0,0,0,1,0,0,0,0,,,0
ENG-Premier League,2122,Aston Villa,Jed Steer,ENG,GK,28,1992,1.0,0,0,0,0,0,0,0,0,0,,,0
ENG-Premier League,2122,Aston Villa,John McGinn,SCO,MF,26,1994,34.3,8,0,0,57,80,0,110,32,63,,,0
ENG-Premier League,2122,Aston Villa,Keinan Davis,ENG,FW,23,1998,0.1,0,0,0,0,1,0,0,0,0,,,0
ENG-Premier League,2122,Aston Villa,Kortney Hause,ENG,DF,26,1995,4.4,0,0,0,6,2,1,0,6,3,,,0
ENG-Premier League,2122,Aston Villa,Leon Bailey,JAM,"FW,MF",23,1997,8.5,3,0,0,12,11,3,34,2,11,,,0
ENG-Premier League,2122,Aston Villa,Lucas Digne,FRA,DF,28,1993,14.1,2,0,0,18,16,3,102,22,9,,,0
ENG-Premier League,2122,Aston Villa,Marvelous Nakamba,ZIM,MF,27,1994,10.0,5,0,0,16,9,0,1,11,19,,,0
ENG-Premier League,2122,Aston Villa,Matt Targett,ENG,"DF,MF",25,1995,15.9,2,0,0,15,11,0,56,23,18,,,1
ENG-Premier League,2122,Aston Villa,Matty Cash,POL,"DF,MF",23,1997,37.5,8,0,0,38,37,2,99,44,50,,,0
ENG-Premier League,2122,Aston Villa,Morgan Sanson,FRA,MF,26,1994,4.0,0,0,0,3,13,0,8,10,8,,,0
ENG-Premier League,2122,Aston Villa,Ollie Watkins,ENG,FW,25,1995,32.8,7,0,0,32,39,17,15,12,13,,,0
ENG-Premier League,2122,Aston Villa,Philippe Coutinho,BRA,"MF,FW",29,1992,14.8,0,0,0,8,20,4,19,6,11,,,0
ENG-Premier League,2122,Aston Villa,Robin Olsen,SWE,GK,31,1990,1.0,0,0,0,0,0,0,0,0,0,,,0
ENG-Premier League,2122,Aston Villa,Tim Iroegbunam,ENG,MF,18,2003,1.0,1,0,0,2,0,0,0,1,4,,,0
ENG-Premier League,2122,Aston Villa,Trézéguet,EGY,"FW,MF",26,1994,0.1,0,0,0,0,0,0,0,0,0,,,0
ENG-Premier League,2122,Aston Villa,Tyrone Mings,ENG,DF,28,1993,35.4,11,0,0,27,24,1,4,45,12,,,0
ENG-Premier League,2122,Aston Villa,Wesley Moraes,BRA,FW,24,1996,0.0,0,0,0,1,0,0,0,0,0,,,0
ENG-Premier League,2122,Brentford,Bryan Mbeumo,CMR,FW,21,1999,32.3,4,0,0,20,38,13,74,12,16,,,0
ENG-Premier League,2122,Brentford,Charlie Goode,ENG,DF,25,1995,5.0,3,0,0,5,7,0,6,2,5,,,0
ENG-Premier League,2122,Brentford,Christian Eriksen,DEN,MF,29,1992,10.4,1,0,0,5,3,0,88,8,6,,,0
ENG-Premier League,2122,Brentford,Christian Nørgaard,DEN,MF,27,1994,33.9,8,0,0,56,33,0,13,63,58,,,0
ENG-Premier League,2122,Brentford,David Raya,ESP,GK,25,1995,24.0,1,0,0,1,2,0,0,0,0,,,0
ENG-Premier League,2122,Brentford,Dominic Thompson,ENG,MF,21,2000,1.6,0,0,0,1,0,0,2,2,0,,,0
ENG-Premier League,2122,Brentford,Ethan Pinnock,JAM,DF,28,1993,29.9,1,0,0,9,14,1,21,42,34,,,0
ENG-Premier League,2122,Brentford,Finley Stevens,WAL,DF,18,2003,0.2,0,0,0,0,0,0,1,0,1,,,0
ENG-Premier League,2122,Brentford,Frank Onyeka,NGA,MF,23,1998,11.6,4,0,0,33,24,0,13,14,18,,,0
ENG-Premier League,2122,Brentford,Ivan Toney,ENG,FW,25,1996,32.3,8,0,0,50,80,25,28,15,21,,,0
ENG-Premier League,2122,Brentford,Jonas Lössl,DEN,GK,32,1989,2.0,0,0,0,0,0,0,0,0,0,,,0
ENG-Premier League,2122,Brentford,Josh Dasilva,ENG,"MF,FW",22,1998,2.9,0,1,0,4,3,0,4,1,1,,,0
ENG-Premier League,2122,Brentford,Kristoffer Ajer,NOR,DF,23,1998,22.2,5,0,0,12,16,0,17,25,18,,,0
ENG-Premier League,2122,Brentford,Mads Bech Sørensen,DEN,DF,22,1999,9.3,3,0,0,8,4,0,10,5,6,,,0
ENG-Premier League,2122,Brentford,Mads Bidstrup,DEN,MF,20,2001,0.5,0,0,0,1,0,0,0,1,0,,,0
ENG-Premier League,2122,Brentford,Mads Roerslev,DEN,"MF,DF",22,1999,13.8,1,0,0,18,8,2,35,16,12,,,0
ENG-Premier League,2122,Brentford,Marcus Forss,FIN,FW,22,1999,2.3,0,0,0,3,1,0,1,1,3,,,0
ENG-Premier League,2122,Brentford,Mathias Jensen,DEN,MF,25,1996,17.8,0,0,0,19,7,3,81,22,18,,,0
ENG-Premier League,2122,Brentford,Mathias Jørgensen,DEN,DF,31,1990,5.8,2,0,0,10,1,0,7,11,3,,,0
ENG-Premier League,2122,Brentford,Nathan Young-Coombes,ENG,FW,18,2003,0.0,0,0,0,1,0,0,0,0,0,,,0
ENG-Premier League,2122,Brentford,Pontus Jansson,SWE,DF,30,1991,36.9,7,0,0,15,8,5,2,52,21,,,0
ENG-Premier League,2122,Brentford,Rico Henry,JAM,"MF,DF",24,1997,30.8,2,0,0,20,27,1,75,27,19,,,0
ENG-Premier League,2122,Brentford,Saman Ghoddos,IRN,"FW,MF",27,1993,6.0,2,0,0,12,10,0,22,3,9,,,0
ENG-Premier League,2122,Brentford,Sergi Canós,ESP,MF,24,1997,23.1,8,1,1,28,15,5,87,21,27,,,1
ENG-Premier League,2122,Brentford,Shandon Baptiste,GRN,MF,23,1998,10.1,2,1,1,6,11,1,8,10,3,,,0
ENG-Premier League,2122,Brentford,Tariqe Fosu,GHA,"FW,MF",25,1995,0.2,0,0,0,0,1,0,1,0,0,,,0
ENG-Premier League,2122,Brentford,Vitaly Janelt,GER,MF,23,1998,25.5,3,0,0,26,25,3,40,24,32,,,0
ENG-Premier League,2122,Brentford,Yoane Wissa,COD,FW,24,1996,14.3,0,0,0,8,22,7,11,8,6,,,0
ENG-Premier League,2122,Brentford,Álvaro Fernández,ESP,GK,23,1998,12.0,0,0,0,0,3,0,0,0,0,,,1
ENG-Premier League,2122,Brighton,Aaron Connolly,IRL,FW,21,2000,1.7,0,0,0,0,6,0,0,0,0,,,0
ENG-Premier League,2122,Brighton,Adam Lallana,ENG,MF,33,1988,17.3,4,0,0,11,17,0,4,15,18,,,0
ENG-Premier League,2122,Brighton,Adam Webster,ENG,DF,26,1995,15.9,5,0,0,15,4,0,6,16,8,,,0
ENG-Premier League,2122,Brighton,Alexis Mac Allister,ARG,"MF,FW",22,1998,23.6,4,0,0,30,39,4,67,12,41,,,0
ENG-Premier League,2122,Brighton,Dan Burn,ENG,DF,29,1992,11.4,4,0,0,15,0,0,1,23,12,,,0
ENG-Premier League,2122,Brighton,Danny Welbeck,ENG,"FW,MF",30,1990,16.4,0,0,0,17,13,4,1,4,6,,,0
ENG-Premier League,2122,Brighton,Enock Mwepu,ZAM,MF,23,1998,11.1,2,0,0,18,15,2,7,13,12,,,0
ENG-Premier League,2122,Brighton,Evan Ferguson,IRL,FW,16,2004,0.3,0,0,0,0,0,0,1,0,0,,,0
ENG-Premier League,2122,Brighton,Jakub Moder,POL,"MF,FW",22,1999,18.9,1,0,0,19,11,0,45,10,26,,,0
ENG-Premier League,2122,Brighton,Jason Steele,ENG,GK,30,1990,1.0,0,0,0,0,0,0,0,0,0,,,0
ENG-Premier League,2122,Brighton,Jeremy Sarmiento,ECU,MF,19,2002,0.5,0,0,0,0,2,0,0,0,1,,,0
ENG-Premier League,2122,Brighton,Joël Veltman,NED,"DF,MF",29,1992,31.9,6,0,0,39,37,0,41,41,49,,,0
ENG-Premier League,2122,Brighton,Jürgen Locadia,CUW,FW,27,1993,0.3,0,0,0,1,1,0,0,0,0,,,0
ENG-Premier League,2122,Brighton,Leandro Trossard,BEL,"FW,MF",26,1994,31.2,2,0,0,24,26,13,52,16,20,,,0
ENG-Premier League,2122,Brighton,Lewis Dunk,ENG,DF,29,1991,28.6,3,1,0,10,4,0,3,28,8,,,0
ENG-Premier League,2122,Brighton,Marc Cucurella,ESP,"DF,MF",23,1998,34.3,6,0,0,28,30,3,116,30,61,,,0
ENG-Premier League,2122,Brighton,Moisés Caicedo,ECU,MF,19,2001,7.3,2,0,0,7,11,1,0,11,10,,,0
ENG-Premier League,2122,Brighton,Neal Maupay,FRA,FW,24,1996,25.3,7,0,0,33,31,6,8,2,10,,,0
ENG-Premier League,2122,Brighton,Pascal Groß,GER,MF,30,1991,22.6,1,0,0,15,6,4,189,16,13,,,0
ENG-Premier League,2122,Brighton,Robert Sánchez,ESP,GK,23,1997,37.0,3,1,0,1,2,0,0,0,1,,,0
ENG-Premier League,2122,Brighton,Shane Duffy,IRL,DF,29,1992,16.0,7,0,0,15,5,1,1,14,11,,,0
ENG-Premier League,2122,Brighton,Solly March,ENG,MF,27,1994,19.4,1,0,0,31,20,12,95,18,16,,,0
ENG-Premier League,2122,Brighton,Steven Alzate,COL,MF,22,1998,4.5,0,0,0,6,4,0,0,11,5,,,0
ENG-Premier League,2122,Brighton,Tariq Lamptey,GHA,"MF,DF",20,2000,17.3,4,0,0,27,50,3,93,21,24,,,0
ENG-Premier League,2122,Brighton,Taylor Richards,ENG,MF,20,2000,0.3,0,0,0,1,1,0,0,0,0,,,0
ENG-Premier League,2122,Brighton,Yves Bissouma,MLI,MF,24,1996,23.5,10,0,0,30,19,0,2,47,48,,,0
ENG-Premier League,2122,Burnley,Aaron Lennon,ENG,"MF,FW",34,1987,17.2,2,0,0,19,20,4,39,9,16,,,0
ENG-Premier League,2122,Burnley,Ashley Barnes,ENG,FW,31,1989,9.0,4,0,0,21,12,9,2,2,2,,,0
ENG-Premier League,2122,Burnley,Ashley Westwood,ENG,MF,31,1990,25.4,7,0,0,29,22,0,124,31,11,,,0
ENG-Premier League,2122,Burnley,Ben Mee,ENG,DF,31,1989,20.4,3,0,0,9,8,2,4,25,11,,,1
ENG-Premier League,2122,Burnley,Charlie Taylor,ENG,DF,27,1993,30.3,3,0,0,17,42,0,105,58,27,,,0
ENG-Premier League,2122,Burnley,Chris Wood,NZL,FW,29,1991,15.2,1,0,0,14,7,16,5,0,4,,,0
ENG-Premier League,2122,Burnley,Connor Roberts,WAL,DF,25,1995,18.8,2,0,0,7,29,1,28,20,14,,,0
ENG-Premier League,2122,Burnley,Dale Stephens,ENG,MF,32,1989,1.4,1,0,0,5,0,0,0,1,1,,,0
ENG-Premier League,2122,Burnley,Dwight McNeil,ENG,MF,21,1999,34.5,1,0,0,16,36,1,200,33,53,,,0
ENG-Premier League,2122,Burnley,Erik Pieters,NED,DF,32,1988,8.1,1,0,0,14,5,0,14,10,14,,,0
ENG-Premier League,2122,Burnley,Jack Cork,ENG,MF,32,1989,18.6,4,0,0,32,10,1,8,17,8,,,0
ENG-Premier League,2122,Burnley,James Tarkowski,ENG,DF,28,1992,34.5,11,0,0,30,19,2,1,49,44,,,1
ENG-Premier League,2122,Burnley,Jay Rodriguez,ENG,FW,32,1989,15.4,3,0,0,32,16,17,8,4,12,,,0
ENG-Premier League,2122,Burnley,Josh Brownhill,ENG,MF,25,1995,32.8,10,0,0,39,20,0,52,67,36,,,0
ENG-Premier League,2122,Burnley,Jóhann Berg Guðmundsson,ISL,MF,30,1990,12.2,2,0,0,15,14,3,45,11,6,,,0
ENG-Premier League,2122,Burnley,Kevin Long,IRL,DF,30,1990,4.6,1,0,0,4,3,1,0,1,2,,,0
ENG-Premier League,2122,Burnley,Matthew Lowton,ENG,DF,32,1989,19.7,3,1,0,13,6,0,54,24,24,,,0
ENG-Premier League,2122,Burnley,Matěj Vydra,CZE,FW,29,1992,7.5,1,0,0,9,8,5,2,0,6,,,0
ENG-Premier League,2122,Burnley,Maxwel Cornet,CIV,"FW,MF",24,1996,19.6,2,0,0,20,20,26,55,10,9,,,0
ENG-Premier League,2122,Burnley,Nathan Collins,IRL,DF,20,2001,18.6,2,1,0,20,12,4,3,24,15,,,0
ENG-Premier League,2122,Burnley,Nick Pope,ENG,GK,29,1992,36.0,1,0,0,0,2,0,0,2,0,,,0
ENG-Premier League,2122,Burnley,Wayne Hennessey,WAL,GK,34,1987,2.0,0,0,0,0,1,0,0,1,0,,,0
ENG-Premier League,2122,Burnley,Wout Weghorst,NED,FW,28,1992,16.1,3,0,0,29,18,9,4,6,8,,,0
ENG-Premier League,2122,Chelsea,Andreas Christensen,DEN,DF,25,1996,16.6,2,0,0,11,7,0,1,32,9,,,0
ENG-Premier League,2122,Chelsea,Antonio Rüdiger,GER,DF,28,1993,33.7,9,0,0,35,13,0,15,26,27,,,0
ENG-Premier League,2122,Chelsea,Ben Chilwell,ENG,MF,24,1996,6.0,0,0,0,10,15,2,32,4,3,,,0
ENG-Premier League,2122,Chelsea,Callum Hudson-Odoi,ENG,MF,20,2000,10.7,1,0,0,10,17,4,32,2,10,,,0
ENG-Premier League,2122,Chelsea,Christian Pulisic,USA,"MF,FW",22,1998,14.3,2,0,0,15,31,4,14,5,7,,,0
ENG-Premier League,2122,Chelsea,César Azpilicueta,ESP,"DF,MF",31,1989,23.0,3,0,0,25,5,2,47,22,30,,,0
ENG-Premier League,2122,Chelsea,Emerson Palmieri,ITA,"DF,MF",26,1994,0.1,0,0,0,0,0,0,0,0,0,,,0
ENG-Premier League,2122,Chelsea,Hakim Ziyech,MAR,"MF,FW",28,1993,14.7,3,0,0,23,28,5,99,12,13,,,0
ENG-Premier League,2122,Chelsea,Jorginho,ITA,MF,29,1991,25.3,5,0,0,30,38,0,3,35,36,,,0
ENG-Premier League,2122,Chelsea,Kai Havertz,GER,"FW,MF",22,1999,20.1,3,0,0,40,25,12,8,5,9,,,0
ENG-Premier League,2122,Chelsea,Kenedy,BRA,MF,25,1996,0.6,0,0,0,0,0,0,1,0,2,,,0
ENG-Premier League,2122,Chelsea,Kepa Arrizabalaga,ESP,GK,26,1994,4.0,0,0,0,0,1,0,0,0,0,,,0
ENG-Premier League,2122,Chelsea,Malang Sarr,FRA,DF,22,1999,6.1,2,0,0,8,1,0,4,11,7,,,0
ENG-Premier League,2122,Chelsea,Marcos Alonso,ESP,MF,30,1990,24.1,8,0,0,25,28,3,147,37,28,,,0
ENG-Premier League,2122,Chelsea,Mason Mount,ENG,MF,22,1999,26.3,4,0,0,30,23,5,153,12,18,,,0
ENG-Premier League,2122,Chelsea,Mateo Kovačić,CRO,MF,27,1994,17.3,4,0,0,24,19,0,6,6,30,,,0
ENG-Premier League,2122,Chelsea,N'Golo Kanté,FRA,MF,30,1991,19.7,2,0,0,22,11,0,12,30,33,,,0
ENG-Premier League,2122,Chelsea,Reece James,ENG,MF,21,1999,20.7,4,1,0,20,31,4,107,15,24,,,1
ENG-Premier League,2122,Chelsea,Romelu Lukaku,BEL,FW,28,1993,17.7,1,0,0,8,12,14,7,0,1,,,0
ENG-Premier League,2122,Chelsea,Ross Barkley,ENG,MF,27,1993,2.0,0,0,0,2,4,0,7,1,0,,,0
ENG-Premier League,2122,Chelsea,Ruben Loftus-Cheek,ENG,MF,25,1996,15.5,1,0,0,18,41,2,7,10,10,,,0
ENG-Premier League,2122,Chelsea,Saúl Ñíguez,ESP,MF,26,1994,5.3,1,0,0,9,0,0,10,7,9,,,0
ENG-Premier League,2122,Chelsea,Thiago Silva,BRA,DF,36,1984,29.4,2,0,0,12,12,1,2,43,21,,,0
ENG-Premier League,2122,Chelsea,Timo Werner,GER,"FW,MF",25,1996,14.3,1,0,0,11,12,11,23,1,4,,,0
ENG-Premier League,2122,Chelsea,Trevoh Chalobah,ENG,DF,22,1999,16.1,2,0,0,19,14,0,4,19,28,,,0
ENG-Premier League,2122,Chelsea,Édouard Mendy,SEN,GK,29,1992,34.0,3,0,0,1,3,0,0,0,0,,,0
ENG-Premier League,2122,Crystal Palace,Cheikhou Kouyaté,SEN,MF,31,1989,21.9,3,0,0,29,21,0,4,39,37,,,0
ENG-Premier League,2122,Crystal Palace,Christian Benteke,BEL,FW,30,1990,12.7,3,0,0,16,16,10,0,2,2,,,0
ENG-Premier League,2122,Crystal Palace,Conor Gallagher,ENG,MF,21,2000,31.6,10,0,0,65,66,2,127,26,35,,,0
ENG-Premier League,2122,Crystal Palace,Eberechi Eze,ENG,"MF,FW",23,1998,6.7,1,0,0,5,12,0,27,5,6,,,0
ENG-Premier League,2122,Crystal Palace,Jack Butland,ENG,GK,28,1993,8.5,0,0,0,0,2,0,0,0,0,,,0
ENG-Premier League,2122,Crystal Palace,James McArthur,SCO,MF,33,1987,16.0,4,0,0,24,20,3,18,27,25,,,0
ENG-Premier League,2122,Crystal Palace,James Tomkins,ENG,DF,32,1989,6.1,2,0,0,7,2,0,0,4,3,,,0
ENG-Premier League,2122,Crystal Palace,Jaïro Riedewald,NED,MF,24,1996,1.3,0,0,0,1,0,0,2,1,1,,,0
ENG-Premier League,2122,Crystal Palace,Jean-Philippe Mateta,FRA,FW,24,1997,12.7,2,0,0,15,7,14,6,4,3,,,0
ENG-Premier League,2122,Crystal Palace,Jeffrey Schlupp,GHA,"MF,FW",28,1992,20.6,1,0,0,26,22,0,20,18,25,,,0
ENG-Premier League,2122,Crystal Palace,Jesurun Rak Sakyi,GHA,MF,18,2002,0.9,0,0,0,1,3,0,2,1,0,,,0
ENG-Premier League,2122,Crystal Palace,Joachim Andersen,DEN,DF,25,1996,32.4,4,0,0,19,8,1,9,41,22,,,1
ENG-Premier League,2122,Crystal Palace,Joel Ward,ENG,DF,31,1989,27.6,8,0,0,22,21,1,43,30,27,,,0
ENG-Premier League,2122,Crystal Palace,Jordan Ayew,GHA,"FW,MF",29,1991,22.4,2,0,0,38,66,1,73,16,30,,,0
ENG-Premier League,2122,Crystal Palace,Luka Milivojević,SRB,MF,30,1991,8.6,1,0,0,16,10,0,43,10,9,,,1
ENG-Premier League,2122,Crystal Palace,Marc Guéhi,ENG,DF,21,2000,35.8,4,0,0,14,35,0,3,30,20,,,0
ENG-Premier League,2122,Crystal Palace,Michael Olise,FRA,"FW,MF",19,2001,12.7,4,0,0,16,27,1,97,7,19,,,0
ENG-Premier League,2122,Crystal Palace,Nathan Ferguson,ENG,DF,20,2000,0.1,0,0,0,0,0,0,0,0,0,,,0
ENG-Premier League,2122,Crystal Palace,Nathaniel Clyne,ENG,DF,30,1991,15.0,1,0,0,3,5,0,17,16,10,,,0
ENG-Premier League,2122,Crystal Palace,Odsonne Édouard,FRA,"FW,MF",23,1998,17.4,4,0,0,25,6,4,7,1,12,,,0
ENG-Premier League,2122,Crystal Palace,Tyrick Mitchell,ENG,DF,21,1999,34.5,1,0,0,16,14,2,62,40,54,,,0
ENG-Premier League,2122,Crystal Palace,Vicente Guaita,ESP,GK,34,1987,29.5,2,0,0,1,2,0,0,2,0,,,0
ENG-Premier League,2122,Crystal Palace,Wilfried Zaha,CIV,"FW,MF",28,1992,30.7,6,1,1,38,100,25,47,5,21,,,0
ENG-Premier League,2122,Crystal Palace,Will Hughes,ENG,MF,26,1995,11.7,6,0,0,18,17,0,35,9,14,,,0
ENG-Premier League,2122,Everton,Abdoulaye Doucouré,MLI,MF,28,1993,28.2,6,0,0,39,16,1,11,27,43,,,0
ENG-Premier League,2122,Everton,Alex Iwobi,NGA,"MF,DF",25,1996,22.6,1,0,0,16,7,3,32,20,21,,,0
ENG-Premier League,2122,Everton,Allan,BRA,MF,30,1991,24.3,7,1,0,30,22,0,11,23,46,,,0
ENG-Premier League,2122,Everton,Andros Townsend,ENG,MF,30,1991,16.2,3,0,0,10,39,1,95,14,15,,,0
ENG-Premier League,2122,Everton,André Gomes,POR,MF,28,1993,6.9,3,0,0,24,8,0,6,1,4,,,0
ENG-Premier League,2122,Everton,Anthony Gordon,ENG,"MF,FW",20,2001,25.4,4,0,0,25,64,8,121,20,30,,,0
ENG-Premier League,2122,Everton,Anwar El Ghazi,NED,"FW,MF",26,1995,0.1,0,0,0,0,0,0,0,0,1,,,0
ENG-Premier League,2122,Everton,Asmir Begović,BIH,GK,34,1987,3.0,0,0,0,0,0,0,0,0,0,,,0
ENG-Premier League,2122,Everton,Ben Godfrey,ENG,DF,23,1998,22.5,6,0,0,17,12,0,12,14,32,,,0
ENG-Premier League,2122,Everton,Cenk Tosun,TUR,"FW,MF",30,1991,0.1,0,0,0,0,0,0,0,0,0,,,0
ENG-Premier League,2122,Everton,Dele Alli,ENG,MF,25,1996,3.8,3,0,0,9,7,2,1,6,2,,,0
ENG-Premier League,2122,Everton,Demarai Gray,JAM,"MF,FW",25,1996,26.0,3,0,0,12,32,3,130,15,20,,,0
ENG-Premier League,2122,Everton,Dominic Calvert-Lewin,ENG,FW,24,1997,14.3,2,0,0,17,16,4,2,3,8,,,0
ENG-Premier League,2122,Everton,Donny van de Beek,NED,MF,24,1997,5.4,1,0,0,7,1,0,6,6,7,,,0
ENG-Premier League,2122,Everton,Ellis Simms,ENG,FW,20,2001,0.7,0,0,0,0,0,0,0,0,0,,,0
ENG-Premier League,2122,Everton,Fabian Delph,ENG,MF,31,1989,7.4,2,0,0,8,6,0,1,16,16,,,0
ENG-Premier League,2122,Everton,Isaac Price,NIR,MF,17,2003,0.2,0,0,0,0,0,0,0,0,0,,,0
ENG-Premier League,2122,Everton,Jarrad Branthwaite,ENG,DF,19,2002,4.3,0,1,0,3,4,0,0,1,2,,,0
ENG-Premier League,2122,Everton,Jean-Philippe Gbamin,CIV,MF,25,1995,0.7,0,0,0,0,1,0,0,1,1,,,0
ENG-Premier League,2122,Everton,Jonjoe Kenny,ENG,DF,24,1997,11.3,3,1,1,9,6,1,23,20,8,,,0
ENG-Premier League,2122,Everton,Jordan Pickford,ENG,GK,27,1994,35.0,2,0,0,0,6,0,0,0,1,,,0
ENG-Premier League,2122,Everton,Lewis Dobbin,ENG,"FW,MF",18,2003,0.4,1,0,0,1,1,0,0,0,1,,,0
ENG-Premier League,2122,Everton,Lucas Digne,FRA,DF,28,1993,13.0,4,0,0,14,9,0,71,14,19,,,1
ENG-Premier League,2122,Everton,Mason Holgate,JAM,DF,24,1996,23.7,7,1,0,26,15,0,4,27,19,,,1
ENG-Premier League,2122,Everton,Michael Keane,ENG,DF,28,1993,31.0,4,1,1,16,7,1,2,61,24,,,2
ENG-Premier League,2122,Everton,Moise Kean,ITA,FW,21,2000,0.0,0,0,0,0,0,0,0,0,0,,,0
ENG-Premier League,2122,Everton,Richarlison,BRA,"FW,MF",24,1997,28.0,9,0,0,36,68,20,39,12,23,,,0
ENG-Premier League,2122,Everton,Salomón Rondón,VEN,FW,31,1989,8.8,3,1,0,12,4,5,6,0,1,,,0
ENG-Premier League,2122,Everton,Séamus Coleman,IRL,"DF,MF",32,1988,29.5,4,0,0,15,17,2,41,32,36,,,1
ENG-Premier League,2122,Everton,Tom Davies,ENG,MF,23,1998,2.6,1,0,0,4,3,0,0,2,1,,,0
ENG-Premier League,2122,Everton,Tyler Onyango,ENG,MF,18,2003,0.3,0,0,0,0,0,0,0,0,0,,,0
ENG-Premier League,2122,Everton,Vitaliy Mykolenko,UKR,"DF,MF",22,1999,11.7,0,0,0,13,9,0,41,16,14,,,0
ENG-Premier League,2122,Everton,Yerry Mina,COL,DF,26,1994,9.4,3,0,0,5,9,1,3,9,9,,,0
ENG-Premier League,2122,Leeds United,Adam Forshaw,ENG,MF,29,1991,17.0,5,0,0,26,15,2,5,18,21,,,0
ENG-Premier League,2122,Leeds United,Charlie Cresswell,ENG,DF,18,2002,1.6,1,0,0,3,0,1,1,2,2,,,0
ENG-Premier League,2122,Leeds United,Cody Drameh,ENG,DF,19,2001,1.4,1,0,0,2,0,0,2,1,3,,,0
ENG-Premier League,2122,Leeds United,Crysencio Summerville,NED,"FW,MF",19,2001,1.4,0,0,0,1,1,0,3,2,3,,,0
ENG-Premier League,2122,Leeds United,Daniel James,WAL,"FW,MF",23,1997,26.3,7,1,0,30,38,13,59,8,14,,,0
ENG-Premier League,2122,Leeds United,Diego Llorente,ESP,DF,27,1993,26.0,7,0,0,23,21,0,1,39,32,,,0
ENG-Premier League,2122,Leeds United,Hélder Costa,ANG,"FW,MF",27,1994,0.2,0,0,0,1,2,0,0,0,0,,,0
ENG-Premier League,2122,Leeds United,Illan Meslier,FRA,GK,21,2000,37.6,2,0,0,0,5,0,0,0,1,,,0
ENG-Premier League,2122,Leeds United,Jack Harrison,ENG,MF,24,1996,29.3,3,0,0,29,23,4,142,21,38,,,0
ENG-Premier League,2122,Leeds United,Jamie Shackleton,ENG,"DF,MF",21,1999,7.9,4,0,0,13,6,0,4,7,17,,,0
ENG-Premier League,2122,Leeds United,Joe Gelhardt,ENG,FW,19,2002,8.3,4,0,0,17,24,5,3,0,3,,,0
ENG-Premier League,2122,Leeds United,Junior Firpo,DOM,"DF,MF",24,1996,19.0,11,0,0,40,15,1,26,22,27,,,1
ENG-Premier League,2122,Leeds United,Kalvin Phillips,ENG,MF,25,1995,17.7,4,0,0,33,20,0,17,23,24,,,0
ENG-Premier League,2122,Leeds United,Kristoffer Klaesson,NOR,GK,20,2000,0.4,0,0,0,0,0,0,0,0,0,,,0
ENG-Premier League,2122,Leeds United,Leo Fuhr Hjelde,NOR,DF,17,2003,1.7,0,0,0,1,0,0,3,4,4,,,0
ENG-Premier League,2122,Leeds United,Lewis Bate,ENG,MF,18,2002,1.6,0,0,0,3,1,0,0,1,0,,,0
ENG-Premier League,2122,Leeds United,Liam Cooper,SCO,DF,29,1991,20.2,5,0,0,19,9,2,1,41,25,,,0
ENG-Premier League,2122,Leeds United,Liam McCarron,SCO,DF,20,2001,0.1,0,0,0,0,0,0,0,0,0,,,0
ENG-Premier League,2122,Leeds United,Luke Ayling,ENG,DF,29,1991,25.2,4,1,0,22,19,2,30,26,45,,,0
ENG-Premier League,2122,Leeds United,Mateusz Klich,POL,MF,31,1990,23.0,5,0,0,40,15,2,30,11,26,,,0
ENG-Premier League,2122,Leeds United,Pascal Struijk,NED,DF,21,1999,22.8,6,1,0,25,7,1,0,37,38,,,0
ENG-Premier League,2122,Leeds United,Patrick Bamford,ENG,FW,27,1993,6.2,2,0,0,5,5,5,3,1,0,,,0
ENG-Premier League,2122,Leeds United,Raphinha,BRA,"MF,FW",24,1996,32.4,7,0,0,39,47,14,160,28,28,,,0
ENG-Premier League,2122,Leeds United,Robin Koch,GER,"MF,DF",25,1996,17.5,3,0,0,22,10,0,4,18,13,,,0
ENG-Premier League,2122,Leeds United,Rodrigo,ESP,"MF,FW",30,1991,25.2,9,0,0,21,30,4,29,10,9,,,0
ENG-Premier League,2122,Leeds United,Sam Greenwood,ENG,MF,19,2002,2.6,0,0,0,7,2,1,6,2,5,,,0
ENG-Premier League,2122,Leeds United,Stuart Dallas,NIR,"DF,MF",30,1991,32.4,5,0,0,33,30,2,101,55,61,,,0
ENG-Premier League,2122,Leeds United,Stuart McKinstry,SCO,MF,18,2002,0.0,0,0,0,0,0,0,0,0,0,,,0
ENG-Premier League,2122,Leeds United,Tyler Roberts,WAL,"MF,FW",22,1999,11.0,5,0,0,14,19,3,15,5,8,,,0
ENG-Premier League,2122,Leicester City,Ademola Lookman,NGA,"MF,FW",23,1997,16.1,2,0,0,27,33,6,17,9,14,,,0
ENG-Premier League,2122,Leicester City,Ayoze Pérez,ESP,MF,28,1993,4.9,0,1,0,6,7,0,3,2,2,,,0
ENG-Premier League,2122,Leicester City,Boubakary Soumaré,FRA,MF,22,1999,12.2,0,0,0,16,17,0,4,11,13,,,0
ENG-Premier League,2122,Leicester City,Daniel Amartey,GHA,DF,26,1994,23.6,4,0,0,14,8,1,0,22,14,,,0
ENG-Premier League,2122,Leicester City,Danny Ward,WAL,GK,28,1993,1.0,0,0,0,0,0,0,0,0,0,,,0
ENG-Premier League,2122,Leicester City,Hamza Choudhury,BAN,"MF,DF",23,1997,3.2,1,0,0,4,5,0,0,12,2,,,0
ENG-Premier League,2122,Leicester City,Harvey Barnes,ENG,"MF,FW",23,1997,23.3,2,0,0,19,20,10,45,4,15,,,0
ENG-Premier League,2122,Leicester City,James Justin,ENG,DF,23,1998,11.1,0,0,0,7,12,1,15,17,14,,,0
ENG-Premier League,2122,Leicester City,James Maddison,ENG,"MF,FW",24,1996,27.3,3,0,0,22,64,4,127,9,21,,,0
ENG-Premier League,2122,Leicester City,Jamie Vardy,ENG,FW,34,1987,20.1,2,0,0,13,12,19,12,1,5,,,1
ENG-Premier League,2122,Leicester City,Jannik Vestergaard,DEN,DF,28,1992,6.3,2,0,0,4,1,0,0,8,9,,,0
ENG-Premier League,2122,Leicester City,Jonny Evans,NIR,DF,33,1988,15.0,3,0,0,15,11,0,3,20,13,,,0
ENG-Premier League,2122,Leicester City,Kasey McAteer,IRL,MF,19,2001,0.0,0,0,0,0,0,0,0,0,0,,,0
ENG-Premier League,2122,Leicester City,Kasper Schmeichel,DEN,GK,34,1986,37.0,2,0,0,0,2,0,0,1,0,,,0
ENG-Premier League,2122,Leicester City,Kelechi Iheanacho,NGA,FW,24,1996,14.0,1,0,0,17,11,7,6,5,6,,,0
ENG-Premier League,2122,Leicester City,Kiernan Dewsbury-Hall,ENG,MF,22,1998,23.4,4,0,0,20,29,0,86,20,23,,,0
ENG-Premier League,2122,Leicester City,Lewis Brunt,ENG,"DF,MF",20,2000,0.3,0,0,0,0,0,0,0,0,0,,,0
ENG-Premier League,2122,Leicester City,Luke Thomas,ENG,"DF,MF",20,2001,21.2,2,0,0,15,15,0,33,42,31,,,0
ENG-Premier League,2122,Leicester City,Marc Albrighton,ENG,"MF,FW",31,1989,12.6,3,0,0,6,13,2,77,14,21,,,0
ENG-Premier League,2122,Leicester City,Nampalys Mendy,SEN,MF,29,1992,11.5,3,0,0,17,18,0,0,10,8,,,0
ENG-Premier League,2122,Leicester City,Patson Daka,ZAM,FW,22,1998,12.9,2,0,0,17,14,7,1,2,10,,,0
ENG-Premier League,2122,Leicester City,Ricardo Pereira,POR,"DF,MF",27,1993,11.0,3,0,0,6,15,0,13,16,21,,,0
ENG-Premier League,2122,Leicester City,Ryan Bertrand,ENG,DF,31,1989,3.7,1,0,0,3,1,0,12,1,5,,,0
ENG-Premier League,2122,Leicester City,Timothy Castagne,BEL,"DF,MF",25,1995,23.6,1,0,0,15,7,1,42,28,33,,,0
ENG-Premier League,2122,Leicester City,Wesley Fofana,FRA,DF,20,2000,7.0,2,0,0,7,7,0,0,7,8,,,0
ENG-Premier League,2122,Leicester City,Wilfred Ndidi,NGA,"MF,DF",24,1996,18.0,4,0,0,30,22,1,1,43,29,,,0
ENG-Premier League,2122,Leicester City,Youri Tielemans,BEL,MF,24,1997,29.2,3,0,0,32,36,0,56,21,39,,,0
ENG-Premier League,2122,Leicester City,Çağlar Söyüncü,TUR,DF,25,1996,27.7,5,0,0,24,14,1,5,33,31,,,0
ENG-Premier League,2122,Liverpool,Alex Oxlade-Chamberlain,ENG,"MF,FW",27,1993,8.7,0,0,0,10,3,2,27,5,11,,,0
ENG-Premier League,2122,Liverpool,Alisson,BRA,GK,28,1992,36.0,0,0,0,0,2,0,0,0,1,,,1
ENG-Premier League,2122,Liverpool,Andy Robertson,SCO,DF,27,1994,28.2,5,1,0,20,9,4,194,26,21,,,0
ENG-Premier League,2122,Liverpool,Caoimhín Kelleher,IRL,GK,22,1998,2.0,0,0,0,0,1,0,0,0,1,,,0
ENG-Premier League,2122,Liverpool,Curtis Jones,ENG,MF,20,2001,9.5,0,0,0,10,19,1,5,8,10,,,0
ENG-Premier League,2122,Liverpool,Diogo Jota,POR,FW,24,1996,26.3,3,0,0,40,40,5,21,6,18,,,0
ENG-Premier League,2122,Liverpool,Divock Origi,BEL,"FW,MF",26,1995,1.5,0,0,0,2,1,0,0,1,0,,,0
ENG-Premier League,2122,Liverpool,Fabinho,BRA,MF,27,1993,25.7,7,0,0,41,28,0,8,38,29,,,0
ENG-Premier League,2122,Liverpool,Harvey Elliott,ENG,MF,18,2003,3.8,0,0,0,2,6,0,10,4,0,,,0
ENG-Premier League,2122,Liverpool,Ibrahima Konaté,FRA,DF,22,1999,11.0,2,0,0,10,3,0,0,17,11,,,0
ENG-Premier League,2122,Liverpool,James Milner,ENG,"MF,DF",35,1986,9.5,2,0,0,17,14,0,44,15,17,,,0
ENG-Premier League,2122,Liverpool,Joe Gomez,ENG,DF,24,1997,3.7,2,0,0,5,2,0,19,6,6,,,0
ENG-Premier League,2122,Liverpool,Jordan Henderson,ENG,MF,31,1990,28.9,3,0,0,24,7,3,57,25,20,,,0
ENG-Premier League,2122,Liverpool,Joël Matip,CMR,DF,29,1991,31.0,2,0,0,13,11,0,1,45,35,,,0
ENG-Premier League,2122,Liverpool,Kaide Gordon,ENG,FW,16,2004,0.1,0,0,0,1,0,0,0,0,0,,,0
ENG-Premier League,2122,Liverpool,Kostas Tsimikas,GRE,DF,25,1996,9.7,3,0,0,20,6,0,115,9,12,,,0
ENG-Premier League,2122,Liverpool,Luis Díaz,COL,FW,24,1997,10.6,0,0,0,14,14,3,14,4,7,,,0
ENG-Premier League,2122,Liverpool,Mohamed Salah,EGY,FW,29,1992,30.7,1,0,0,12,23,12,40,5,8,,,0
ENG-Premier League,2122,Liverpool,Naby Keïta,GUI,MF,26,1995,13.0,3,0,0,22,9,0,10,13,22,,,0
ENG-Premier League,2122,Liverpool,Neco Williams,WAL,"DF,MF",20,2001,0.1,0,0,0,0,0,0,0,0,0,,,0
ENG-Premier League,2122,Liverpool,Roberto Firmino,BRA,FW,29,1991,11.0,3,0,0,6,6,3,8,4,16,,,0
ENG-Premier League,2122,Liverpool,Sadio Mané,SEN,FW,29,1992,31.3,5,0,0,49,50,19,51,7,19,,,0
ENG-Premier League,2122,Liverpool,Takumi Minamino,JPN,FW,26,1995,2.1,1,0,0,4,4,0,0,1,2,,,0
ENG-Premier League,2122,Liverpool,Thiago Alcántara,ESP,MF,30,1991,17.0,2,0,0,19,13,0,4,27,26,,,0
ENG-Premier League,2122,Liverpool,Trent Alexander-Arnold,ENG,DF,22,1998,31.7,2,0,0,12,7,11,277,44,24,,,0
ENG-Premier League,2122,Liverpool,Tyler Morton,ENG,MF,18,2002,0.7,1,0,0,1,0,0,0,3,0,,,0
ENG-Premier League,2122,Liverpool,Virgil van Dijk,NED,DF,30,1991,34.0,3,0,0,9,8,0,0,31,11,,,0
ENG-Premier League,2122,Manchester City,Aymeric Laporte,ESP,DF,27,1994,31.4,5,1,0,14,10,2,5,19,15,,,0
ENG-Premier League,2122,Manchester City,Benjamin Mendy,FRA,DF,27,1994,0.9,0,0,0,2,0,0,8,0,2,,,0
ENG-Premier League,2122,Manchester City,Bernardo Silva,POR,"MF,FW",26,1994,31.7,6,0,0,30,33,9,57,18,31,,,0
ENG-Premier League,2122,Manchester City,CJ Egan-Riley,ENG,DF,18,2003,0.0,0,0,0,0,0,0,0,0,1,,,0
ENG-Premier League,2122,Manchester City,Cole Palmer,ENG,FW,19,2002,1.4,0,0,0,1,1,0,3,1,2,,,0
ENG-Premier League,2122,Manchester City,Ederson Moraes,BRA,GK,27,1993,37.0,3,0,0,1,4,0,0,0,1,,,0
ENG-Premier League,2122,Manchester City,Fernandinho,BRA,"MF,DF",36,1985,10.7,1,0,0,14,10,0,2,8,10,,,0
ENG-Premier League,2122,Manchester City,Ferran Torres,ESP,FW,21,2000,3.4,0,0,0,1,1,1,3,0,2,,,0
ENG-Premier League,2122,Manchester City,Gabriel Jesus,BRA,FW,24,1997,20.9,1,0,0,26,26,10,24,13,13,,,0
ENG-Premier League,2122,Manchester City,Jack Grealish,ENG,"FW,MF",25,1995,21.3,3,0,0,17,54,5,32,7,16,,,0
ENG-Premier League,2122,Manchester City,James Mcatee,ENG,MF,18,2002,0.2,0,0,0,1,0,0,0,0,0,,,0
ENG-Premier League,2122,Manchester City,John Stones,ENG,DF,27,1994,12.4,0,0,0,3,6,0,3,13,3,,,0
ENG-Premier League,2122,Manchester City,João Cancelo,POR,DF,27,1994,35.9,7,0,0,34,27,2,126,56,53,,,0
ENG-Premier League,2122,Manchester City,Kayky Chagas,BRA,MF,18,2003,0.1,0,0,0,1,0,0,0,0,0,,,0
ENG-Premier League,2122,Manchester City,Kevin De Bruyne,BEL,MF,30,1991,24.5,2,0,0,21,27,5,179,7,16,,,0
ENG-Premier League,2122,Manchester City,Kyle Walker,ENG,DF,31,1990,19.5,1,0,0,7,12,1,33,13,6,,,0
ENG-Premier League,2122,Manchester City,Liam Delap,ENG,FW,18,2003,0.1,0,0,0,1,1,0,0,0,0,,,0
ENG-Premier League,2122,Manchester City,Nathan Aké,NED,DF,26,1995,10.3,0,0,0,9,2,0,1,7,9,,,0
ENG-Premier League,2122,Manchester City,Oleksandr Zinchenko,UKR,DF,24,1996,11.6,0,0,0,11,2,1,31,15,13,,,0
ENG-Premier League,2122,Manchester City,Phil Foden,ENG,FW,21,2000,23.6,1,0,0,14,23,13,134,12,9,,,0
ENG-Premier League,2122,Manchester City,Raheem Sterling,ENG,"FW,MF",26,1994,23.6,1,0,0,19,37,9,46,10,10,,,0
ENG-Premier League,2122,Manchester City,Riyad Mahrez,ALG,FW,30,1991,16.6,0,0,0,10,15,3,95,5,5,,,0
ENG-Premier League,2122,Manchester City,Rodri,ESP,MF,25,1996,32.0,5,0,0,43,20,0,9,29,46,,,0
ENG-Premier League,2122,Manchester City,Rúben Dias,POR,DF,24,1997,26.7,5,0,0,27,10,2,3,24,20,,,0
ENG-Premier League,2122,Manchester City,Zack Steffen,USA,GK,26,1995,1.0,0,0,0,0,0,0,0,0,0,,,0
ENG-Premier League,2122,Manchester City,İlkay Gündoğan,GER,MF,30,1990,20.6,1,0,0,13,10,2,68,14,11,,,0
ENG-Premier League,2122,Manchester Utd,Aaron Wan-Bissaka,COD,"DF,MF",23,1997,19.9,2,0,0,15,13,1,35,34,36,,,0
ENG-Premier League,2122,Manchester Utd,Alejandro Garnacho,ARG,MF,17,2004,0.1,0,0,0,1,0,0,0,0,0,,,0
ENG-Premier League,2122,Manchester Utd,Alex Telles,BRA,DF,28,1992,18.4,1,0,0,22,9,1,127,26,27,,,0
ENG-Premier League,2122,Manchester Utd,Anthony Elanga,SWE,MF,19,2002,13.5,0,0,0,8,22,3,21,8,18,,,0
ENG-Premier League,2122,Manchester Utd,Anthony Martial,FRA,"MF,FW",25,1995,2.4,0,0,0,0,4,2,4,0,0,,,0
ENG-Premier League,2122,Manchester Utd,Bruno Fernandes,POR,MF,26,1994,34.6,10,0,0,34,47,3,149,16,27,,,0
ENG-Premier League,2122,Manchester Utd,Cristiano Ronaldo,POR,FW,36,1985,27.3,8,0,0,16,18,34,15,1,7,,,0
ENG-Premier League,2122,Manchester Utd,Daniel James,WAL,MF,23,1997,1.4,0,0,0,1,0,2,5,0,1,,,0
ENG-Premier League,2122,Manchester Utd,David de Gea,ESP,GK,30,1990,38.0,0,0,0,0,1,0,0,0,0,,,0
ENG-Premier League,2122,Manchester Utd,Diogo Dalot,POR,DF,22,1999,20.0,4,0,0,18,4,1,59,28,39,,,0
ENG-Premier League,2122,Manchester Utd,Donny van de Beek,NED,MF,24,1997,0.8,0,0,0,2,2,0,0,2,5,,,0
ENG-Premier League,2122,Manchester Utd,Edinson Cavani,URU,FW,34,1987,8.5,0,0,0,7,5,6,2,2,1,,,0
ENG-Premier League,2122,Manchester Utd,Eric Bailly,CIV,DF,27,1994,2.4,1,0,0,2,0,0,0,3,4,,,1
ENG-Premier League,2122,Manchester Utd,Fred,BRA,MF,28,1993,22.5,5,0,0,31,30,0,3,31,27,,,1
ENG-Premier League,2122,Manchester Utd,Hannibal Mejbri,TUN,MF,18,2003,0.8,2,0,0,3,0,1,0,0,1,,,0
ENG-Premier League,2122,Manchester Utd,Harry Maguire,ENG,DF,28,1993,27.9,9,1,1,21,19,1,2,33,21,,,1
ENG-Premier League,2122,Manchester Utd,Jadon Sancho,ENG,"MF,FW",21,2000,21.1,0,0,0,4,7,7,28,13,8,,,0
ENG-Premier League,2122,Manchester Utd,Jesse Lingard,ENG,MF,28,1992,4.1,1,0,0,5,4,1,8,0,7,,,0
ENG-Premier League,2122,Manchester Utd,Juan Mata,ESP,MF,33,1988,2.6,0,0,0,2,4,2,6,1,4,,,0
ENG-Premier League,2122,Manchester Utd,Luke Shaw,ENG,"DF,MF",26,1995,17.8,8,0,0,32,16,2,109,9,12,,,0
ENG-Premier League,2122,Manchester Utd,Marcus Rashford,ENG,"MF,FW",23,1997,13.7,2,0,0,13,18,14,22,5,5,,,0
ENG-Premier League,2122,Manchester Utd,Mason Greenwood,ENG,"MF,FW",19,2001,14.1,1,0,0,15,16,3,34,1,8,,,0
ENG-Premier League,2122,Manchester Utd,Nemanja Matić,SRB,MF,32,1988,15.4,3,0,0,26,3,0,6,30,17,,,0
ENG-Premier League,2122,Manchester Utd,Paul Pogba,FRA,MF,28,1993,15.0,7,1,0,39,29,0,12,13,9,,,0
ENG-Premier League,2122,Manchester Utd,Phil Jones,ENG,DF,29,1992,1.8,0,0,0,0,2,0,0,3,5,,,0
ENG-Premier League,2122,Manchester Utd,Raphaël Varane,FRA,DF,28,1993,20.3,0,0,0,5,7,0,1,17,20,,,0
ENG-Premier League,2122,Manchester Utd,Scott McTominay,SCO,MF,24,1996,26.5,9,0,0,55,33,1,13,32,34,,,0
ENG-Premier League,2122,Manchester Utd,Shola Shoretire,ENG,"FW,MF",17,2004,0.2,0,0,0,0,1,0,0,0,0,,,0
ENG-Premier League,2122,Manchester Utd,Victor Lindelöf,SWE,DF,27,1994,26.2,4,0,0,19,6,2,0,25,11,,,0
ENG-Premier League,2122,Newcastle,Allan Saint-Maximin,FRA,"FW,MF",24,1997,31.2,6,0,0,22,47,13,61,11,7,,,0
ENG-Premier League,2122,Newcastle,Bruno Guimarães,BRA,MF,23,1997,11.5,4,0,0,13,36,4,12,11,27,,,0
ENG-Premier League,2122,Newcastle,Callum Wilson,ENG,FW,29,1992,15.4,4,0,0,27,22,17,3,1,8,,,0
ENG-Premier League,2122,Newcastle,Chris Wood,NZL,FW,29,1991,14.7,0,0,0,19,10,10,2,2,0,,,0
ENG-Premier League,2122,Newcastle,Ciaran Clark,IRL,DF,31,1989,11.3,2,1,0,6,5,1,1,15,9,,,0
ENG-Premier League,2122,Newcastle,Dan Burn,ENG,DF,29,1992,16.0,4,0,0,10,6,5,0,18,11,,,0
ENG-Premier League,2122,Newcastle,Dwight Gayle,ENG,FW,30,1990,0.4,1,0,0,2,2,0,0,1,0,,,0
ENG-Premier League,2122,Newcastle,Emil Krafth,SWE,DF,26,1994,18.2,5,0,0,22,11,0,21,25,16,,,0
ENG-Premier League,2122,Newcastle,Fabian Schär,SUI,DF,29,1991,24.0,4,0,0,24,11,3,8,36,11,,,0
ENG-Premier League,2122,Newcastle,Federico Fernández,ARG,DF,32,1989,5.8,0,0,0,1,2,0,1,5,0,,,0
ENG-Premier League,2122,Newcastle,Freddie Woodman,ENG,GK,24,1997,4.0,0,0,0,0,0,0,0,0,0,,,0
ENG-Premier League,2122,Newcastle,Isaac Hayden,JAM,"MF,DF",26,1995,11.1,5,0,0,14,8,0,8,13,14,,,0
ENG-Premier League,2122,Newcastle,Jacob Murphy,ENG,"FW,MF",26,1995,16.4,4,0,0,16,15,2,54,23,26,,,0
ENG-Premier League,2122,Newcastle,Jamaal Lascelles,ENG,DF,27,1993,22.9,5,0,0,17,4,0,0,24,7,,,2
ENG-Premier League,2122,Newcastle,Jamal Lewis,NIR,DF,23,1998,2.9,1,0,0,2,2,0,3,3,6,,,0
ENG-Premier League,2122,Newcastle,Javier Manquillo,ESP,DF,27,1994,14.0,5,0,0,9,17,1,9,9,30,,,0
ENG-Premier League,2122,Newcastle,Jeff Hendrick,IRL,MF,29,1992,0.8,0,0,0,1,0,0,0,0,0,,,0
ENG-Premier League,2122,Newcastle,Joe Willock,ENG,MF,21,1999,22.6,0,0,0,34,26,0,16,19,37,,,0
ENG-Premier League,2122,Newcastle,Joelinton,BRA,"MF,FW",24,1996,28.4,8,0,0,64,33,3,22,35,36,,,0
ENG-Premier League,2122,Newcastle,Jonjo Shelvey,ENG,MF,29,1992,22.0,7,1,1,18,8,0,44,25,20,,,0
ENG-Premier League,2122,Newcastle,Karl Darlow,WAL,GK,30,1990,8.0,1,0,0,1,1,0,0,1,0,,,0
ENG-Premier League,2122,Newcastle,Kieran Trippier,ENG,DF,30,1990,4.8,0,0,0,3,3,0,29,10,9,,,0
ENG-Premier League,2122,Newcastle,Martin Dúbravka,SVK,GK,32,1989,26.0,1,0,0,0,5,0,0,1,1,,,0
ENG-Premier League,2122,Newcastle,Matt Ritchie,SCO,"DF,MF",31,1989,14.9,5,0,0,13,10,0,103,13,15,,,0
ENG-Premier League,2122,Newcastle,Matt Targett,ENG,DF,25,1995,16.0,1,0,0,9,12,1,73,23,29,,,0
ENG-Premier League,2122,Newcastle,Miguel Almirón,PAR,"MF,FW",27,1994,19.1,2,0,0,17,25,9,23,20,29,,,0
ENG-Premier League,2122,Newcastle,Paul Dummett,WAL,DF,29,1991,2.2,2,0,0,3,3,0,3,3,3,,,0
ENG-Premier League,2122,Newcastle,Ryan Fraser,SCO,"FW,MF",27,1994,16.3,3,0,0,9,24,2,87,11,4,,,0
ENG-Premier League,2122,Newcastle,Sean Longstaff,ENG,MF,23,1997,16.3,1,0,0,14,17,0,11,9,32,,,0
ENG-Premier League,2122,Norwich City,Adam Idah,IRL,"FW,MF",20,2001,6.9,0,0,0,7,10,10,13,2,7,,,0
ENG-Premier League,2122,Norwich City,Andrew Omobamidele,IRL,DF,19,2002,4.2,1,0,0,3,5,0,0,5,5,,,0
ENG-Premier League,2122,Norwich City,Angus Gunn,SCO,GK,25,1996,9.0,0,0,0,0,0,0,0,0,0,,,0
ENG-Premier League,2122,Norwich City,Bali Mumba,ENG,"DF,MF",19,2001,0.5,0,0,0,0,0,0,0,0,1,,,0
ENG-Premier League,2122,Norwich City,Ben Gibson,ENG,DF,28,1993,27.7,5,1,1,12,9,0,2,28,17,,,0
ENG-Premier League,2122,Norwich City,Billy Gilmour,SCO,MF,20,2001,20.6,2,0,0,28,23,1,98,16,21,,,0
ENG-Premier League,2122,Norwich City,Brandon Williams,ENG,DF,20,2000,23.6,8,0,0,22,44,0,14,40,36,,,0
ENG-Premier League,2122,Norwich City,Christoph Zimmermann,GER,DF,28,1993,1.7,0,0,0,1,2,0,0,1,3,,,0
ENG-Premier League,2122,Norwich City,Christos Tzolis,GRE,"MF,FW",19,2002,3.7,0,0,0,2,4,2,8,1,3,,,0
ENG-Premier League,2122,Norwich City,Dimitris Giannoulis,GRE,"DF,MF",25,1995,13.0,2,0,0,16,22,0,44,19,21,,,0
ENG-Premier League,2122,Norwich City,Grant Hanley,SCO,DF,29,1991,32.2,2,0,0,22,22,2,0,56,26,,,0
ENG-Premier League,2122,Norwich City,Jakob Sørensen,DEN,"MF,DF",23,1998,6.7,0,0,0,7,1,0,2,10,11,,,0
ENG-Premier League,2122,Norwich City,Jonathan Rowe,ENG,"FW,MF",18,2003,2.5,0,0,0,4,7,1,4,2,2,,,0
ENG-Premier League,2122,Norwich City,Josh Sargent,USA,"FW,MF",21,2000,17.5,1,0,0,9,23,4,11,10,17,,,0
ENG-Premier League,2122,Norwich City,Kenny McLean,SCO,MF,29,1992,30.1,3,0,0,16,38,3,37,32,21,,,0
ENG-Premier League,2122,Norwich City,Kieran Dowell,ENG,MF,23,1997,10.1,0,0,0,19,3,0,37,7,7,,,0
ENG-Premier League,2122,Norwich City,Lukas Rupp,GER,MF,30,1991,8.5,0,0,0,7,7,0,3,10,5,,,0
ENG-Premier League,2122,Norwich City,Mathias Normann,NOR,MF,25,1996,18.3,6,0,0,37,28,1,33,19,22,,,0
ENG-Premier League,2122,Norwich City,Max Aarons,ENG,DF,21,2000,32.0,8,0,0,26,52,1,50,26,45,,,1
ENG-Premier League,2122,Norwich City,Milot Rashica,KVX,"MF,FW",25,1996,24.8,0,0,0,23,47,13,128,14,20,,,0
ENG-Premier League,2122,Norwich City,Ozan Kabak,TUR,DF,21,2000,10.2,2,0,0,10,9,0,1,16,5,,,0
ENG-Premier League,2122,Norwich City,Pierre Lees-Melou,FRA,MF,28,1993,25.2,5,0,0,35,23,2,34,23,36,,,0
ENG-Premier League,2122,Norwich City,Przemysław Płacheta,POL,"MF,FW",23,1998,5.6,1,0,0,1,6,0,23,2,3,,,0
ENG-Premier League,2122,Norwich City,Sam Byram,ENG,DF,27,1993,11.4,3,0,0,12,4,0,9,21,15,,,0
ENG-Premier League,2122,Norwich City,Teemu Pukki,FIN,FW,31,1990,36.1,4,0,0,31,25,12,13,4,11,,,0
ENG-Premier League,2122,Norwich City,Tim Krul,NED,GK,33,1988,29.0,1,0,0,0,0,0,0,0,1,,,1
ENG-Premier League,2122,Norwich City,Todd Cantwell,ENG,"FW,MF",23,1998,4.9,2,0,0,4,12,2,3,3,13,,,0
ENG-Premier League,2122,Norwich City,Tony Springett,IRL,MF,18,2002,1.6,1,0,0,1,4,0,2,0,1,,,0
ENG-Premier League,2122,Southampton,Adam Armstrong,ENG,FW,24,1997,15.7,1,0,0,13,6,2,20,3,3,,,0
ENG-Premier League,2122,Southampton,Alex McCarthy,ENG,GK,31,1989,17.0,1,0,0,0,0,0,0,0,0,,,0
ENG-Premier League,2122,Southampton,Armando Broja,ALB,FW,19,2001,21.9,2,0,0,28,26,13,8,3,7,,,0
ENG-Premier League,2122,Southampton,Ché Adams,SCO,FW,25,1996,22.7,0,0,0,29,40,7,8,8,6,,,0
ENG-Premier League,2122,Southampton,Fraser Forster,ENG,GK,33,1988,19.0,1,0,0,0,3,0,0,0,0,,,0
ENG-Premier League,2122,Southampton,Ibrahima Diallo,FRA,MF,22,1999,11.4,1,0,0,8,15,0,8,7,11,,,0
ENG-Premier League,2122,Southampton,Jack Stephens,ENG,DF,27,1994,9.0,3,0,0,8,2,0,0,19,12,,,0
ENG-Premier League,2122,Southampton,James Ward-Prowse,ENG,MF,26,1994,35.7,3,1,0,23,15,0,299,39,25,,,0
ENG-Premier League,2122,Southampton,Jan Bednarek,POL,DF,25,1996,29.2,10,0,0,30,15,1,1,73,16,,,1
ENG-Premier League,2122,Southampton,Kyle Walker-Peters,ENG,DF,24,1997,29.3,5,0,0,27,47,3,50,37,39,,,0
ENG-Premier League,2122,Southampton,Lyanco,BRA,DF,24,1997,10.1,2,0,0,13,7,0,4,14,15,,,0
ENG-Premier League,2122,Southampton,Mohamed Elyounoussi,NOR,MF,26,1994,22.7,4,0,0,28,18,1,29,12,17,,,0
ENG-Premier League,2122,Southampton,Mohammed Salisu,GHA,DF,22,1999,33.0,10,1,1,38,7,2,13,76,46,,,1
ENG-Premier League,2122,Southampton,Moussa Djenepo,MLI,MF,23,1998,5.1,3,0,0,9,10,0,6,2,4,,,0
ENG-Premier League,2122,Southampton,Nathan Redmond,ENG,"MF,FW",27,1994,20.4,0,0,0,16,15,3,62,7,11,,,0
ENG-Premier League,2122,Southampton,Nathan Tella,NGA,"MF,FW",22,1999,8.9,2,0,0,17,22,3,12,7,9,,,0
ENG-Premier League,2122,Southampton,Oriol Romeu,ESP,MF,29,1991,32.1,9,0,0,46,24,0,13,50,43,,,0
ENG-Premier League,2122,Southampton,Romain Perraud,FRA,"DF,MF",23,1997,18.0,3,0,0,31,16,0,68,17,21,,,0
ENG-Premier League,2122,Southampton,Shane Long,IRL,FW,34,1987,3.4,1,0,0,9,8,3,1,0,4,,,0
ENG-Premier League,2122,Southampton,Stuart Armstrong,SCO,"MF,FW",29,1992,16.4,1,0,0,11,20,1,35,8,18,,,0
ENG-Premier League,2122,Southampton,Theo Walcott,ENG,MF,32,1989,4.2,0,0,0,1,6,2,5,6,2,,,0
ENG-Premier League,2122,Southampton,Tino Livramento,ENG,DF,18,2002,24.5,2,0,0,12,36,1,62,47,30,,,0
ENG-Premier League,2122,Southampton,William Smallbone,IRL,"MF,FW",21,2000,1.5,0,0,0,2,1,0,4,2,4,,,0
ENG-Premier League,2122,Southampton,Willy Caballero,ARG,GK,39,1981,2.0,1,0,0,0,0,0,0,0,0,,,0
ENG-Premier League,2122,Southampton,Yan Valery,TUN,DF,22,1999,4.1,0,0,0,3,3,0,4,7,6,,,0
ENG-Premier League,2122,Tottenham,Ben Davies,WAL,DF,28,1993,28.2,6,0,0,31,18,5,18,30,21,,,0
ENG-Premier League,2122,Tottenham,Bryan Gil,ESP,"FW,MF",20,2001,1.0,0,0,0,1,4,0,6,0,0,,,0
ENG-Premier League,2122,Tottenham,Cristian Romero,ARG,DF,23,1998,20.5,8,0,0,28,15,2,0,32,41,,,0
ENG-Premier League,2122,Tottenham,Dane Scarlett,ENG,FW,17,2004,0.0,0,0,0,0,0,0,0,0,0,,,0
ENG-Premier League,2122,Tottenham,Davinson Sánchez,COL,DF,25,1996,18.1,4,0,0,16,12,1,2,29,22,,,0
ENG-Premier League,2122,Tottenham,Dejan Kulusevski,SWE,"MF,FW",21,2000,14.0,3,0,0,20,15,4,25,13,12,,,0
ENG-Premier League,2122,Tottenham,Dele Alli,ENG,MF,25,1996,7.3,1,0,0,12,11,2,5,6,8,,,0
ENG-Premier League,2122,Tottenham,Emerson,BRA,"MF,DF",22,1999,25.4,5,0,0,28,45,2,74,24,44,,,0
ENG-Premier League,2122,Tottenham,Eric Dier,ENG,DF,27,1994,34.1,1,0,0,12,9,0,2,26,8,,,1
ENG-Premier League,2122,Tottenham,Giovani Lo Celso,ARG,MF,25,1996,2.6,0,0,0,2,6,1,10,0,4,,,0
ENG-Premier League,2122,Tottenham,Harry Kane,ENG,FW,28,1993,35.9,5,0,0,42,54,17,37,2,5,,,0
ENG-Premier League,2122,Tottenham,Harry Winks,ENG,MF,25,1996,10.1,2,0,0,11,13,0,26,13,10,,,0
ENG-Premier League,2122,Tottenham,Hugo Lloris,FRA,GK,34,1986,38.0,2,0,0,0,2,0,0,1,1,,,0
ENG-Premier League,2122,Tottenham,Japhet Tanganga,ENG,"DF,MF",22,1999,8.2,4,1,1,19,8,1,10,9,9,,,0
ENG-Premier League,2122,Tottenham,Joe Rodon,WAL,DF,23,1997,1.0,0,0,0,0,1,0,0,0,0,,,0
ENG-Premier League,2122,Tottenham,Lucas Moura,BRA,"MF,FW",28,1992,19.7,4,0,0,20,37,3,33,16,10,,,0
ENG-Premier League,2122,Tottenham,Matt Doherty,IRL,MF,29,1992,9.7,0,0,0,11,5,0,20,13,11,,,0
ENG-Premier League,2122,Tottenham,Oliver Skipp,ENG,MF,20,2000,15.0,6,0,0,16,16,1,7,13,21,,,0
ENG-Premier League,2122,Tottenham,Pierre Højbjerg,DEN,MF,25,1995,35.5,3,0,0,28,38,0,18,46,42,,,0
ENG-Premier League,2122,Tottenham,Rodrigo Bentancur,URU,MF,24,1997,15.1,5,0,0,22,13,0,9,21,19,,,0
ENG-Premier League,2122,Tottenham,Ryan Sessegnon,ENG,MF,21,2000,11.6,2,0,0,19,7,5,38,7,21,,,0
ENG-Premier League,2122,Tottenham,Sergio Reguilón,ESP,"MF,DF",24,1996,21.3,4,0,0,21,24,1,85,28,25,,,0
ENG-Premier League,2122,Tottenham,Son Heung-min,KOR,"MF,FW",29,1992,33.4,2,0,0,14,36,16,193,12,7,,,0
ENG-Premier League,2122,Tottenham,Steven Bergwijn,NED,"MF,FW",23,1997,6.3,1,0,0,10,9,1,8,1,3,,,0
ENG-Premier League,2122,Tottenham,Tanguy Ndombele,FRA,MF,24,1996,5.4,1,0,0,3,9,0,3,1,7,,,0
ENG-Premier League,2122,Watford,Adam Masina,MAR,DF,27,1994,12.0,0,0,0,14,4,0,31,19,12,,,0
ENG-Premier League,2122,Watford,Ashley Fletcher,ENG,FW,25,1995,0.3,0,0,0,1,0,0,1,0,1,,,0
ENG-Premier League,2122,Watford,Ben Foster,ENG,GK,38,1983,26.0,0,0,0,1,3,0,0,0,0,,,0
ENG-Premier League,2122,Watford,Christian Kabasele,BEL,DF,30,1991,13.3,0,0,0,5,3,0,1,14,5,,,0
ENG-Premier League,2122,Watford,Craig Cathcart,NIR,DF,32,1989,26.6,3,0,0,12,4,0,4,25,15,,,0
ENG-Premier League,2122,Watford,Cucho,COL,"MF,FW",22,1999,12.7,3,0,0,12,12,1,54,7,5,,,1
ENG-Premier League,2122,Watford,Dan Gosling,ENG,MF,31,1990,1.8,0,0,0,2,5,0,1,1,1,,,0
ENG-Premier League,2122,Watford,Daniel Bachmann,AUT,GK,27,1994,12.0,0,0,0,1,1,0,0,1,0,,,0
ENG-Premier League,2122,Watford,Danny Rose,ENG,DF,31,1990,7.7,4,0,0,10,14,0,26,14,14,,,0
ENG-Premier League,2122,Watford,Edo Kayembe,COD,MF,23,1998,8.9,0,0,0,3,5,1,8,9,14,,,0
ENG-Premier League,2122,Watford,Emmanuel Dennis,NGA,"FW,MF",23,1997,28.7,9,1,1,58,40,12,40,15,34,,,0
ENG-Premier League,2122,Watford,Francisco Sierralta,CHI,DF,24,1997,4.7,0,0,0,4,3,0,0,6,3,,,1
ENG-Premier League,2122,Watford,Hassane Kamara,CIV,DF,27,1994,18.0,5,1,1,24,14,0,23,69,34,,,0
ENG-Premier League,2122,Watford,Imran Louza,MAR,MF,22,1999,15.7,6,0,0,24,14,0,54,42,22,,,0
ENG-Premier League,2122,Watford,Ismaila Sarr,SEN,"MF,FW",23,1998,20.7,2,0,0,17,47,12,60,9,7,,,0
ENG-Premier League,2122,Watford,Jeremy Ngakia,,DF,20,2000,10.0,0,0,0,10,6,0,25,16,19,,,0
ENG-Premier League,2122,Watford,Joshua King,NOR,"FW,MF",29,1992,25.0,5,0,0,42,21,8,13,8,14,,,0
ENG-Premier League,2122,Watford,João Pedro,BRA,"FW,MF",19,2001,18.3,1,0,0,15,30,6,24,12,15,,,0
ENG-Premier League,2122,Watford,Juraj Kucka,SVK,MF,34,1987,21.3,5,1,1,46,49,2,15,30,40,,,1
ENG-Premier League,2122,Watford,Ken Sema,SWE,"MF,FW",27,1993,9.5,1,0,0,15,7,0,31,6,6,,,0
ENG-Premier League,2122,Watford,Kiko Femenía,ESP,DF,30,1991,23.8,2,0,0,12,13,2,105,37,23,,,0
ENG-Premier League,2122,Watford,Moussa Sissoko,FRA,MF,31,1989,35.8,5,0,0,36,12,2,26,34,27,,,0
ENG-Premier League,2122,Watford,Nicolas Nkoulou,CMR,DF,31,1990,1.9,0,0,0,1,0,0,0,2,0,,,0
ENG-Premier League,2122,Watford,Oghenekaro Etebo,NGA,MF,25,1995,4.5,3,0,0,8,3,0,2,5,6,,,0
ENG-Premier League,2122,Watford,Ozan Tufan,TUR,MF,26,1995,3.7,0,0,0,9,0,1,7,2,2,,,0
ENG-Premier League,2122,Watford,Samir Santos,BRA,DF,26,1994,18.6,4,0,0,17,16,0,0,40,10,,,0
ENG-Premier League,2122,Watford,Samuel Kalu,NGA,FW,23,1997,2.5,0,0,0,0,4,3,8,3,2,,,0
ENG-Premier League,2122,Watford,Tom Cleverley,ENG,MF,31,1989,18.0,2,0,0,28,19,2,53,18,22,,,0
ENG-Premier League,2122,Watford,Troy Deeney,ENG,FW,33,1988,0.3,0,0,0,0,0,0,0,0,0,,,0
ENG-Premier League,2122,Watford,William Troost-Ekong,NGA,DF,27,1993,15.4,3,0,0,13,2,1,0,9,8,,,0
ENG-Premier League,2122,West Ham,Aaron Cresswell,ENG,DF,31,1989,30.3,3,0,0,14,10,2,144,32,19,,,0
ENG-Premier League,2122,West Ham,Alex Král,CZE,MF,23,1998,0.0,0,0,0,0,0,0,0,0,0,,,0
ENG-Premier League,2122,West Ham,Alphonse Areola,FRA,GK,28,1993,1.0,0,0,0,0,0,0,0,0,0,,,0
ENG-Premier League,2122,West Ham,Andriy Yarmolenko,UKR,MF,31,1989,3.5,1,0,0,1,4,3,8,0,2,,,0
ENG-Premier League,2122,West Ham,Angelo Ogbonna,ITA,DF,33,1988,10.2,1,0,0,5,3,0,0,9,4,,,0
ENG-Premier League,2122,West Ham,Arthur Masuaku,COD,"MF,DF",27,1993,7.2,1,0,0,8,4,0,23,11,24,,,0
ENG-Premier League,2122,West Ham,Ben Johnson,ENG,"DF,MF",21,2000,15.5,1,0,0,10,4,0,55,21,15,,,0
ENG-Premier League,2122,West Ham,Craig Dawson,ENG,DF,31,1990,30.6,5,1,0,39,12,1,1,30,16,,,0
ENG-Premier League,2122,West Ham,Daniel Chesters,ENG,MF,19,2002,0.0,0,0,0,0,0,0,0,0,0,,,0
ENG-Premier League,2122,West Ham,Declan Rice,ENG,MF,22,1999,35.3,8,0,0,28,10,0,30,60,41,,,0
ENG-Premier League,2122,West Ham,Harrison Ashby,SCO,"DF,MF",19,2001,0.1,0,0,0,0,0,0,0,1,0,,,0
ENG-Premier League,2122,West Ham,Issa Diop,MAR,DF,24,1997,10.7,0,0,0,5,5,1,0,6,8,,,0
ENG-Premier League,2122,West Ham,Jarrod Bowen,ENG,MF,24,1996,33.1,6,0,0,25,43,13,141,20,20,,,0
ENG-Premier League,2122,West Ham,Kurt Zouma,FRA,DF,26,1994,23.1,1,0,0,11,6,0,1,30,6,,,1
ENG-Premier League,2122,West Ham,Manuel Lanzini,ARG,MF,28,1993,19.8,2,0,0,11,18,1,28,20,15,,,0
ENG-Premier League,2122,West Ham,Mark Noble,ENG,MF,34,1987,3.7,0,0,0,3,4,0,2,4,2,,,0
ENG-Premier League,2122,West Ham,Michail Antonio,JAM,FW,31,1990,33.0,8,1,1,52,52,13,64,4,17,,,0
ENG-Premier League,2122,West Ham,Nikola Vlašić,CRO,MF,23,1997,6.2,0,0,0,8,16,3,15,2,5,,,0
ENG-Premier League,2122,West Ham,Pablo Fornals,ESP,MF,25,1996,31.1,4,0,0,24,28,6,86,23,26,,,0
ENG-Premier League,2122,West Ham,Ryan Fredericks,ENG,DF,28,1992,3.4,1,0,0,3,1,0,9,4,2,,,0
ENG-Premier League,2122,West Ham,Saïd Benrahma,ALG,MF,25,1995,24.1,0,0,0,10,15,9,75,8,17,,,0
ENG-Premier League,2122,West Ham,Sonny Perkins,ENG,"FW,MF",17,2004,0.0,0,0,0,0,0,0,0,0,0,,,0
ENG-Premier League,2122,West Ham,Tomáš Souček,CZE,MF,26,1995,34.0,3,0,0,38,18,4,14,51,31,,,0
ENG-Premier League,2122,West Ham,Vladimír Coufal,CZE,DF,28,1992,24.5,5,1,1,29,15,2,107,21,25,,,1
ENG-Premier League,2122,West Ham,Łukasz Fabiański,POL,GK,36,1985,37.0,2,0,0,1,5,0,0,1,0,,,0
ENG-Premier League,2122,Wolves,Adama Traoré,ESP,"FW,MF",25,1996,11.9,0,0,0,10,26,9,39,2,5,,,0
ENG-Premier League,2122,Wolves,Chem Campbell,WAL,"FW,MF",18,2002,0.1,0,0,0,0,0,0,0,0,1,,,0
ENG-Premier League,2122,Wolves,Chiquinho,POR,MF,21,2000,2.3,0,0,0,9,7,0,25,1,6,,,0
ENG-Premier League,2122,Wolves,Conor Coady,ENG,DF,28,1993,37.3,4,0,0,20,2,2,2,29,14,,,0
ENG-Premier League,2122,Wolves,Daniel Podence,POR,"FW,MF",25,1995,16.5,2,0,0,8,25,3,50,9,10,,,0
ENG-Premier League,2122,Wolves,Fernando Marçal,BRA,MF,32,1989,16.1,3,0,0,28,9,1,61,27,22,,,0
ENG-Premier League,2122,Wolves,Francisco Trincão,POR,"FW,MF",21,1999,14.8,0,0,0,13,22,1,33,10,14,,,0
ENG-Premier League,2122,Wolves,Fábio Silva,POR,FW,19,2002,6.4,0,0,0,13,8,4,2,1,2,,,0
ENG-Premier League,2122,Wolves,Hwang Hee-chan,KOR,"FW,MF",25,1996,20.2,2,0,0,29,41,3,7,13,12,,,0
ENG-Premier League,2122,Wolves,John Ruddy,ENG,GK,34,1986,1.5,0,0,0,0,0,0,0,0,0,,,0
ENG-Premier League,2122,Wolves,Jonny Castro,ESP,"MF,DF",27,1994,11.4,1,0,0,10,16,0,14,11,14,,,0
ENG-Premier League,2122,Wolves,José Sá,POR,GK,28,1993,36.5,3,0,0,3,11,0,0,2,1,,,1
ENG-Premier League,2122,Wolves,João Moutinho,POR,MF,34,1986,33.0,4,0,0,37,15,0,109,28,40,,,0
ENG-Premier League,2122,Wolves,Ki-Jana Hoever,NED,MF,19,2002,3.4,1,0,0,5,4,1,8,5,8,,,0
ENG-Premier League,2122,Wolves,Leander Dendoncker,BEL,MF,26,1995,21.7,4,0,0,13,6,0,6,10,17,,,0
ENG-Premier League,2122,Wolves,Luke Cundle,ENG,MF,19,2002,2.0,0,0,0,3,1,0,2,1,3,,,0
ENG-Premier League,2122,Wolves,Max Kilman,ENG,DF,24,1997,29.9,3,0,0,17,10,0,2,43,26,,,0
ENG-Premier League,2122,Wolves,Morgan Gibbs-White,ENG,"FW,MF",21,2000,0.1,1,0,0,2,0,0,1,0,0,,,0
ENG-Premier League,2122,Wolves,Nélson Semedo,POR,MF,27,1993,23.7,1,0,0,22,23,4,32,20,40,,,0
ENG-Premier League,2122,Wolves,Pedro Neto,POR,"FW,MF",21,2000,5.2,3,0,0,2,6,1,37,5,5,,,0
ENG-Premier League,2122,Wolves,Rayan Aït-Nouri,ALG,MF,20,2001,20.3,4,0,0,14,20,3,96,19,37,,,0
ENG-Premier League,2122,Wolves,Raúl Jiménez,MEX,FW,30,1991,29.2,9,2,2,43,48,23,10,10,14,,,0
ENG-Premier League,2122,Wolves,Romain Saïss,MAR,DF,31,1990,30.1,6,0,0,30,15,3,9,56,29,,,0
ENG-Premier League,2122,Wolves,Rúben Neves,POR,MF,24,1997,29.6,9,0,0,25,12,1,44,37,37,,,0
ENG-Premier League,2122,Wolves,Toti Gomes,POR,DF,22,1999,4.0,1,0,0,2,3,1,1,7,7,,,0
ENG-Premier League,2122,Wolves,Willy Boly,CIV,DF,30,1991,10.0,1,0,0,7,2,1,0,15,18,,,0
