player_id,player,team,season,age,position,actual_mv,predicted_mv,gap_eur,gap_pct,abs_gap_eur
3333,James Milner,Brighton,2526,39.0,MF,499999.99999999977,476958.91898623575,-23041.081013764022,-4.608216202752806,23041.081013764022
16306,Casemiro,Manchester Utd,2526,33.0,MF,6000000.0,7921521.924580111,1921521.9245801112,32.025365409668524,1921521.9245801112
61651,Jordan Henderson,Brentford,2526,35.0,MF,1200000.0000000005,1673347.6747092719,473347.6747092714,39.445639559105935,473347.6747092714
61841,Adam Smith,Bournemouth,2526,34.0,DF,300000.0000000003,501181.8401621671,201181.8401621668,67.06061338738887,201181.8401621668
67063,Danny Welbeck,Brighton,2526,34.0,FW,3000000.000000001,3774669.2038875665,774669.2038875655,25.822306796252175,774669.2038875655
75489,Niclas Füllkrug,West Ham,2526,32.0,FW,3500000.0000000056,4095513.522932289,595513.5229322836,17.0146720837795,595513.5229322836
82873,Pascal Groß,Brighton,2526,34.0,MF,2499999.9999999953,3148822.3315719464,648822.331571951,25.952893262878092,648822.331571951
85177,Nathaniel Clyne,Crystal Palace,2526,34.0,DF/MF,300000.0000000003,459409.58360931627,159409.58360931597,53.136527869771946,159409.58360931597
91059,Joshua King,Fulham,2526,18.0,MF,1200000.0000000005,3366977.0792375538,2166977.0792375533,180.58142326979603,2166977.0792375533
95424,Kyle Walker,Burnley,2526,35.0,DF/MF,1499999.9999999986,2010778.1412430909,510778.14124309225,34.05187608287285,510778.14124309225
95810,Kieran Trippier,Newcastle,2526,34.0,DF,1499999.9999999986,2108374.962289847,608374.9622898484,40.55833081932326,608374.9622898484
108725,Chris Wood,Nottingham,2526,33.0,FW,4999999.999999999,4637642.041640369,-362357.95835962985,-7.247159167192599,362357.95835962985
111195,Joël Veltman,Brighton,2526,33.0,DF,1499999.9999999986,2093745.6138447986,593745.6138448,39.583040922986704,593745.6138448
111455,Granit Xhaka,Sunderland,2526,32.0,MF,8000000.000000002,8636444.132861083,636444.1328610815,7.9555516607635175,636444.1328610815
118534,Michael Keane,Everton,2526,32.0,DF,3000000.000000001,3961527.3613949693,961527.3613949683,32.05091204649894,961527.3613949683
123275,Tom Cairney,Fulham,2526,34.0,MF,499999.99999999977,821676.00116631,321676.0011663103,64.33520023326209,321676.0011663103
123682,Callum Wilson,West Ham,2526,33.0,FW,4000000.0000000005,3767333.902425035,-232666.09757496556,-5.816652439374138,232666.09757496556
126664,Lucas Digne,Aston Villa,2526,32.0,DF,6000000.0,5876382.924885361,-123617.07511463854,-2.0602845852439757,123617.07511463854
126665,Idrissa Gueye,Everton,2526,35.0,MF,499999.99999999977,937723.8663774737,437723.8663774739,87.54477327549482,437723.8663774739
131978,Ross Barkley,Aston Villa,2526,31.0,MF,4000000.0000000005,4564505.411808876,564505.4118088759,14.112635295221896,564505.4118088759
131996,Bertrand Traoré,Sunderland,2526,29.0,MF/FW,4000000.0000000005,4261933.517002712,261933.51700271154,6.548337925067788,261933.51700271154
134270,Dan Burn,Newcastle,2526,33.0,DF,4000000.0000000005,4238712.615440179,238712.6154401782,5.967815386004454,238712.6154401782
135343,Fabian Schär,Newcastle,2526,33.0,DF,4000000.0000000005,4565755.995412517,565755.9954125169,14.14389988531292,565755.9954125169
139208,Virgil van Dijk,Liverpool,2526,34.0,DF,15000000.00000001,14938469.69870572,-61530.30129428953,-0.41020200862859657,61530.30129428953
144028,Leandro Trossard,Arsenal,2526,30.0,MF/FW,17999999.999999985,16683929.948076535,-1316070.05192345,-7.311500288463618,1316070.05192345
148153,Lewis Dunk,Brighton,2526,33.0,DF,3500000.0000000056,4250236.105406998,750236.1054069921,21.4353172973426,750236.1054069921
148455,Mohamed Salah,Liverpool,2526,33.0,MF,22000000.000000007,17186688.23574726,-4813311.764252748,-21.878689837512486,4813311.764252748
171679,Matt Doherty,Wolves,2526,33.0,DF/MF,999999.9999999997,1216383.8185715023,216383.8185715027,21.638381857150275,216383.8185715027
173504,James Tarkowski,Everton,2526,32.0,DF,4999999.999999999,7308262.747424609,2308262.74742461,46.165254948492205,2308262.74742461
177476,Nathan Aké,Manchester City,2526,30.0,DF,12000000.000000007,11252599.97874366,-747400.0212563481,-6.228333510469564,747400.0212563481
177907,Harry Maguire,Manchester Utd,2526,32.0,DF,8000000.000000002,7102875.813467263,-897124.1865327386,-11.21405233165923,897124.1865327386
181579,James Ward-Prowse,Burnley,2526,30.0,MF,4999999.999999999,4673040.160842095,-326959.8391579045,-6.539196783158091,326959.8391579045
183288,Luke Shaw,Manchester Utd,2526,30.0,DF,8000000.000000002,10191362.286002716,2191362.286002714,27.392028575033923,2191362.286002714
184573,Victor Lindelöf,Aston Villa,2526,31.0,DF/MF,4999999.999999999,4386310.90353023,-613689.0964697693,-12.273781929395387,613689.0964697693
186590,John Stones,Manchester City,2526,31.0,DF,12000000.000000007,9128857.713859145,-2871142.286140863,-23.92618571784051,2871142.286140863
188077,Ryan Christie,Bournemouth,2526,30.0,MF,8000000.000000002,6835808.832643868,-1164191.1673561335,-14.552389591951664,1164191.1673561335
193116,John McGinn,Aston Villa,2526,30.0,MF,13000000.000000013,12212115.542464959,-787884.4575350545,-6.060649673346568,787884.4575350545
199527,Jacob Murphy,Newcastle,2526,30.0,MF/FW,12000000.000000007,10338462.620995397,-1661537.3790046107,-13.846144825038415,1661537.3790046107
203460,Jack Grealish,Everton,2526,29.0,MF,20000000.000000015,19356419.228740294,-643580.7712597214,-3.2179038562986046,643580.7712597214
203853,Oleksandr Zinchenko,Nottingham,2526,28.0,DF,8000000.000000002,11283665.93369563,3283665.9336956274,41.045824171195335,3283665.9336956274
204103,Adama Traoré,Fulham,2526,29.0,MF,6000000.0,5521565.617475706,-478434.38252429385,-7.973906375404898,478434.38252429385
206040,Raúl Jiménez,Fulham,2526,34.0,FW,3000000.000000001,3414901.467664754,414901.4676647531,13.830048922158433,414901.4676647531
206746,Kenny Tete,Fulham,2526,29.0,DF,8000000.000000002,10391175.268011393,2391175.268011391,29.88969085014238,2391175.268011391
207014,Will Hughes,Crystal Palace,2526,30.0,MF,4999999.999999999,4883085.963825917,-116914.0361740822,-2.338280723481644,116914.0361740822
234803,Andy Robertson,Liverpool,2526,31.0,DF,6999999.999999995,8179874.816090891,1179874.8160908958,16.855354515584235,1179874.8160908958
236490,Ola Aina,Nottingham,2526,28.0,DF,17999999.999999985,15226613.418665163,-2773386.581334822,-15.407703229637912,2773386.581334822
240306,Bruno Fernandes,Manchester Utd,2526,30.0,MF,35000000.000000015,40494134.2136077,5494134.213607684,15.697526324593374,5494134.213607684
240692,Reinildo Mandava,Sunderland,2526,31.0,DF,4000000.0000000005,4369944.819632496,369944.8196324953,9.248620490812382,369944.8196324953
241641,Bernardo Silva,Manchester City,2526,30.0,MF,22000000.000000007,24036066.405332513,2036066.4053325057,9.254847296965933,2036066.4053325057
242606,Josh Cullen,Burnley,2526,29.0,MF,4000000.0000000005,6821184.954854458,2821184.954854457,70.52962387136142,2821184.954854457
242631,Alex Iwobi,Fulham,2526,29.0,MF,20000000.000000015,20018950.537477594,18950.537477578968,0.09475268738789477,18950.537477578968
245056,Saša Lukić,Fulham,2526,28.0,MF,9999999.999999996,10676948.94328084,676948.943280844,6.7694894328084425,676948.943280844
249089,Lewis Cook,Bournemouth,2526,28.0,DF/MF,11000000.000000013,9055972.845578428,-1944027.1544215847,-17.672974131105295,1944027.1544215847
249565,Youri Tielemans,Aston Villa,2526,28.0,MF,30000000.00000005,27023798.610293947,-2976201.3897061013,-9.920671299020322,2976201.3897061013
250426,Adam Armstrong,Wolves,2526,28.0,MF/FW,6000000.0,7164689.01660234,1164689.0166023402,19.411483610039003,1164689.0166023402
251106,Enes Ünal,Bournemouth,2526,28.0,FW,6999999.999999995,7439678.341182918,439678.34118292294,6.281119159756046,439678.34118292294
253677,Tyrone Mings,Aston Villa,2526,32.0,DF,3000000.000000001,3476590.613262678,476590.6132626771,15.886353775422565,476590.6132626771
256178,Joe Gomez,Liverpool,2526,28.0,DF,13000000.000000013,10431992.647012524,-2568007.3529874887,-19.753902715288355,2568007.3529874887
257455,João Palhinha,Tottenham,2526,30.0,MF,15000000.00000001,19615912.23793383,4615912.23793382,30.772748252892114,4615912.23793382
258004,Rúben Dias,Manchester City,2526,28.0,DF,55000000.000000075,49558638.3504987,-5441361.649501376,-9.893384817275216,5441361.649501376
258878,Tosin Adarabioyo,Chelsea,2526,27.0,DF,16000000.000000026,16840989.278078303,840989.2780782767,5.25618298798922,840989.2780782767
258889,Dominic Solanke,Tottenham,2526,27.0,FW,27999999.99999999,24090219.70390818,-3909780.29609181,-13.963501057470756,3909780.29609181
260827,Joachim Andersen,Fulham,2526,29.0,DF,20000000.000000015,20978506.260184333,978506.2601843178,4.892531300921585,978506.2601843178
262226,Timothy Castagne,Fulham,2526,29.0,DF/MF,8000000.000000002,8254806.974474937,254806.97447493486,3.1850871809366845,254806.97447493486
262980,Jefferson Lerma,Crystal Palace,2526,30.0,DF/MF,6000000.0,6592499.054340268,592499.0543402676,9.87498423900446,592499.0543402676
263236,Kevin Danso,Tottenham,2526,26.0,DF,20000000.000000015,19650511.676786836,-349488.32321317866,-1.7474416160658919,349488.32321317866
270171,Vitaly Janelt,Brentford,2526,27.0,MF,16000000.000000026,15934534.01294044,-65465.98705958575,-0.4091624191224103,65465.98705958575
272622,Issa Diop,Fulham,2526,28.0,DF,8000000.000000002,8355666.510066509,355666.5100665074,4.445831375831341,355666.5100665074
277033,David Brooks,Bournemouth,2526,28.0,MF,12000000.000000007,10207888.735267954,-1792111.2647320535,-14.934260539433769,1792111.2647320535
279455,Harry Wilson,Fulham,2526,28.0,MF,24999999.999999963,19757668.08842923,-5242331.911570732,-20.969327646282956,5242331.911570732
282939,Luke O'Nien,Sunderland,2526,30.0,DF,700000.0000000006,1167582.2862527291,467582.28625272855,66.79746946467546,467582.28625272855
283628,Tomáš Souček,West Ham,2526,30.0,MF,9999999.999999996,9767307.400364531,-232692.59963546507,-2.326925996354652,232692.59963546507
284857,Marc Cucurella,Chelsea,2526,27.0,DF,50000000.00000009,40281648.610421434,-9718351.389578655,-19.436702779157276,9718351.389578655
292246,Hwang Hee-chan,Wolves,2526,29.0,MF/FW,6000000.0,7459493.548226639,1459493.5482266387,24.324892470443977,1459493.5482266387
293281,Jacob Bruun Larsen,Burnley,2526,26.0,MF/FW,4000000.0000000005,5049973.470632795,1049973.4706327948,26.249336765819862,1049973.4706327948
295313,Taiwo Awoniyi,Nottingham,2526,27.0,FW,8000000.000000002,11393986.726869319,3393986.726869317,42.42483408586645,3393986.726869317
297212,Joe Rodon,Leeds United,2526,27.0,DF,17999999.999999985,12774261.219947593,-5225738.780052392,-29.0318821114022,5225738.780052392
306024,Dominic Calvert-Lewin,Leeds United,2526,28.0,FW,22000000.000000007,16144007.939241368,-5855992.060758639,-26.618145730721075,5855992.060758639
309400,Kai Havertz,Arsenal,2526,26.0,MF/FW,55000000.000000075,39496480.54688173,-15503519.453118347,-28.18821718748786,15503519.453118347
314241,Josh Laurent,Burnley,2526,30.0,DF/MF,1499999.9999999986,1966913.462091917,466913.46209191834,31.12756413946125,466913.46209191834
314288,Lukas Nmecha,Leeds United,2526,26.0,FW,9999999.999999996,9357177.481046123,-642822.5189538728,-6.428225189538731,642822.5189538728
314367,Marcus Edwards,Burnley,2526,26.0,MF/FW,6000000.0,7736721.5857014805,1736721.5857014805,28.945359761691343,1736721.5857014805
314875,Jarrod Bowen,West Ham,2526,28.0,MF/FW,30000000.00000005,29255642.76771623,-744357.2322838195,-2.481190774279394,744357.2322838195
316264,Martin Ødegaard,Arsenal,2526,26.0,MF,65000000.00000007,56307488.37117288,-8692511.628827184,-13.37309481358027,8692511.628827184
318508,Olivier Boscagli,Brighton,2526,27.0,DF,15000000.00000001,16073039.056783905,1073039.056783896,7.1535937118926345,1073039.056783896
319301,Daniel James,Leeds United,2526,27.0,MF/FW,9999999.999999996,8672274.098048622,-1327725.9019513745,-13.277259019513748,1327725.9019513745
319859,Mathias Jensen,Brentford,2526,29.0,MF,9999999.999999996,10759073.795221413,759073.7952214163,7.590737952214166,759073.7952214163
321247,Emi Buendía,Aston Villa,2526,28.0,MF,16000000.000000026,16774148.575689767,774148.5756897405,4.8384285980608706,774148.5756897405
324358,Ollie Watkins,Aston Villa,2526,29.0,FW,24999999.999999963,27427800.930123717,2427800.930123754,9.71120372049503,2427800.930123754
325443,Viktor Gyökeres,Arsenal,2526,27.0,FW,65000000.00000007,49428633.52672176,-15571366.473278306,-23.95594842042814,15571366.473278306
326029,Donyell Malen,Aston Villa,2526,26.0,MF/FW,44999999.999999985,20851655.32961962,-24148344.670380365,-53.66298815640083,24148344.670380365
326031,Matthijs de Ligt,Manchester Utd,2526,25.0,DF,30000000.00000005,37010348.36744407,7010348.36744402,23.36782789148003,7010348.36744402
328658,Kristoffer Ajer,Brentford,2526,27.0,DF,17999999.999999985,13613250.89312866,-4386749.1068713255,-24.370828371507383,4386749.1068713255
330659,Justin Kluivert,Bournemouth,2526,26.0,MF,24999999.999999963,22482767.807677183,-2517232.1923227794,-10.068928769291134,2517232.1923227794
331726,Tammy Abraham,Aston Villa,2526,27.0,FW,17999999.999999985,10765888.825451387,-7234111.174548598,-40.189506525270026,7234111.174548598
332705,Tyler Adams,Bournemouth,2526,26.0,MF,24999999.999999963,22874820.735142883,-2125179.26485708,-8.500717059428332,2125179.26485708
333014,Sander Berge,Fulham,2526,27.0,MF,24999999.999999963,23525043.82601769,-1474956.1739822738,-5.899824695929104,1474956.1739822738
333241,Joelinton,Newcastle,2526,28.0,MF,24999999.999999963,23537321.666840933,-1462678.3331590295,-5.8507133326361265,1462678.3331590295
335721,Ben White,Arsenal,2526,27.0,DF,30000000.00000005,21168292.747379698,-8831707.25262035,-29.43902417540112,8831707.25262035
338424,Mikel Merino,Arsenal,2526,29.0,MF/FW,24999999.999999963,22126628.626349617,-2873371.373650346,-11.493485494601401,2873371.373650346
338629,Sebastiaan Bornauw,Leeds United,2526,26.0,DF,8000000.000000002,4644096.516952691,-3355903.483047311,-41.94879353809138,3355903.483047311
339556,Rico Henry,Brentford,2526,28.0,DF,13000000.000000013,10824246.622212226,-2175753.3777877875,-16.736564444521427,2175753.3777877875
340324,Eddie Nketiah,Crystal Palace,2526,26.0,MF,9999999.999999996,13706735.516892195,3706735.5168921985,37.067355168922,3706735.5168921985
340329,Joe Willock,Newcastle,2526,25.0,MF,14000000.00000001,13765611.804527065,-234388.19547294453,-1.674201396235317,234388.19547294453
340456,Noussair Mazraoui,Manchester Utd,2526,27.0,DF/MF,17999999.999999985,17292633.37634548,-707366.6236545034,-3.9298145758583556,707366.6236545034
341051,Kyle Walker-Peters,West Ham,2526,28.0,DF,12000000.000000007,10632260.847536538,-1367739.1524634697,-11.397826270528908,1367739.1524634697
341092,Federico Chiesa,Liverpool,2526,27.0,MF,13000000.000000013,15934864.844387619,2934864.844387606,22.575883418366175,2934864.844387606
342046,Axel Tuanzebe,Burnley,2526,27.0,DF,4999999.999999999,5352235.723467157,352235.72346715815,7.044714469343165,352235.72346715815
344069,Anton Stach,Leeds United,2526,26.0,MF,27999999.99999999,22464995.230113316,-5535004.7698866725,-19.767874178166693,5535004.7698866725
345911,Ladislav Krejčí,Wolves,2526,26.0,DF/MF,22000000.000000007,20298424.724621538,-1701575.2753784694,-7.734433069902131,1701575.2753784694
346314,Trevoh Chalobah,Chelsea,2526,26.0,DF,39999999.999999985,35813177.1573911,-4186822.842608884,-10.467057106522214,4186822.842608884
346483,Mason Mount,Manchester Utd,2526,26.0,MF,24999999.999999963,25796798.64728861,796798.6472886465,3.187194589154591,796798.6472886465
346707,Sean Longstaff,Leeds United,2526,27.0,MF,15000000.00000001,15541581.829554537,541581.829554528,3.610545530363517,541581.829554528
346890,Noah Okafor,Leeds United,2526,25.0,MF/FW,24999999.999999963,19628452.316535555,-5371547.683464408,-21.48619073385766,5371547.683464408
348026,Nordi Mukiele,Sunderland,2526,27.0,DF,16000000.000000026,17356488.357781745,1356488.3577817194,8.478052236135733,1356488.3577817194
349066,Alexander Isak,Liverpool,2526,25.0,FW,85000000.00000004,60163175.69755031,-24836824.302449733,-29.21979329699967,24836824.302449733
349701,Antonee Robinson,Fulham,2526,27.0,DF/MF,22000000.000000007,22300811.47920716,300811.47920715436,1.3673249054870649,300811.47920715436
353032,Omar Alderete,Sunderland,2526,28.0,DF,13000000.000000013,12526617.282816831,-473382.717183182,-3.641405516793704,473382.717183182
354362,Rodrigo Bentancur,Tottenham,2526,28.0,MF,20000000.000000015,21648356.0030081,1648356.0030080862,8.241780015040424,1648356.0030080862
355915,Cristian Romero,Tottenham,2526,27.0,DF,44999999.999999985,48943853.72643656,3943853.7264365777,8.764119392081286,3943853.7264365777
356141,Daichi Kamada,Crystal Palace,2526,28.0,MF,9999999.999999996,10642965.522145817,642965.5221458208,6.429655221458211,642965.5221458208
357119,Ibrahima Konaté,Liverpool,2526,26.0,DF,44999999.999999985,49378858.01784746,4378858.017847478,9.730795595216621,4378858.017847478
357147,Diogo Dalot,Manchester Utd,2526,26.0,DF/MF,30000000.00000005,27708152.49371786,-2291847.506282188,-7.639491687607281,2291847.506282188
357162,Florentino Luís,Burnley,2526,25.0,MF,16000000.000000026,20140328.601238173,4140328.6012381464,25.877053757738373,4140328.6012381464
357565,Rodri,Manchester City,2526,29.0,MF,50000000.00000009,53425834.923127696,3425834.9231276065,6.851669846255201,3425834.9231276065
357662,Declan Rice,Arsenal,2526,26.0,MF,119999999.9999999,104876131.63654168,-15123868.363458216,-12.60322363621519,15123868.363458216
361093,Sven Botman,Newcastle,2526,25.0,DF,35000000.000000015,34216335.415860735,-783664.58413928,-2.2390416689693704,783664.58413928
362108,Gabriel Gudmundsson,Leeds United,2526,26.0,DF/MF,20000000.000000015,14828193.759117248,-5171806.240882767,-25.859031204413817,5171806.240882767
363205,Gabriel Jesus,Arsenal,2526,28.0,FW,16999999.999999974,16012224.660312995,-987775.3396869786,-5.810443174629295,987775.3396869786
365108,Dan Ndoye,Nottingham,2526,24.0,MF,31999999.999999955,29478654.563310403,-2521345.436689552,-7.87920448965486,2521345.436689552
369316,Ferdi Kadioglu,Brighton,2526,25.0,DF/MF,35000000.000000015,27268093.668397307,-7731906.3316027075,-22.091160947436297,7731906.3316027075
369962,Joël Piroe,Leeds United,2526,25.0,FW,9999999.999999996,12086029.873728756,2086029.8737287596,20.860298737287604,2086029.8737287596
371851,Jaka Bijol,Leeds United,2526,26.0,DF,20000000.000000015,18467726.309733603,-1532273.6902664118,-7.661368451332053,1532273.6902664118
375885,Ibrahim Sangaré,Nottingham,2526,27.0,MF,20000000.000000015,20416956.27931977,416956.27931975573,2.0847813965987774,416956.27931975573
378710,Richarlison,Tottenham,2526,28.0,MF/FW,24999999.999999963,24599939.62830856,-400060.37169140205,-1.6002414867656105,400060.37169140205
381753,Ilia Gruev,Leeds United,2526,25.0,MF,12000000.000000007,9558758.890598865,-2441241.109401142,-20.343675911676172,2441241.109401142
386047,Axel Disasi,West Ham,2526,27.0,DF,15000000.00000001,12058532.860206444,-2941467.1397935655,-19.60978093195709,2941467.1397935655
387626,Leon Bailey,Aston Villa,2526,27.0,MF,14000000.00000001,11778033.169212477,-2221966.830787532,-15.87119164848236,2221966.830787532
388165,Yoane Wissa,Newcastle,2526,28.0,FW,24999999.999999963,19222697.50476111,-5777302.495238852,-23.10920998095544,5777302.495238852
392179,Hjalmar Ekdal,Burnley,2526,26.0,DF,4999999.999999999,6948118.452412935,1948118.452412936,38.96236904825873,1948118.452412936
392757,Marc Guéhi,Crystal Palace,2526,25.0,DF,69999999.99999967,60110605.15626848,-9889394.843731195,-14.12770691961606,9889394.843731195
392765,Emile Smith Rowe,Fulham,2526,25.0,MF,20000000.000000015,20938424.76758051,938424.7675804943,4.692123837902468,938424.7675804943
392768,Callum Hudson-Odoi,Nottingham,2526,24.0,MF,30000000.00000005,29051498.31339523,-948501.6866048202,-3.161672288682729,948501.6866048202
392770,Angel Gomes,Wolves,2526,24.0,MF/FW,9999999.999999996,13682109.829911971,3682109.829911975,36.82109829911976,3682109.829911975
392771,Ethan Ampadu,Leeds United,2526,24.0,MF,30000000.00000005,23782378.674812857,-6217621.325187191,-20.725404417290605,6217621.325187191
392775,Ryan Sessegnon,Fulham,2526,25.0,DF/MF,22000000.000000007,19252248.045039624,-2747751.9549603835,-12.489781613456284,2747751.9549603835
393323,Brenden Aaronson,Leeds United,2526,24.0,MF/FW,22000000.000000007,17093691.97515408,-4906308.024845928,-22.30140011293603,4906308.024845928
394327,Boubacar Kamara,Aston Villa,2526,25.0,MF,39999999.999999985,36522939.296369515,-3477060.7036304697,-8.692651759076178,3477060.7036304697
397033,Sandro Tonali,Newcastle,2526,25.0,MF,80000000.00000045,52994141.56538217,-27005858.43461828,-33.757323043272656,27005858.43461828
398065,Harvey Barnes,Newcastle,2526,27.0,MF/FW,31999999.999999955,24911906.15999888,-7088093.840001076,-22.150293250003394,7088093.840001076
399434,Marcus Tavernier,Bournemouth,2526,26.0,MF,24999999.999999963,22059115.68291236,-2940884.317087602,-11.763537268350426,2940884.317087602
399776,Pau Torres,Aston Villa,2526,28.0,DF,20000000.000000015,19369375.006762102,-630624.9932379127,-3.1531249661895613,630624.9932379127
401173,Jadon Sancho,Aston Villa,2526,25.0,MF,17999999.999999985,15801088.505540073,-2198911.494459912,-12.216174969221745,2198911.494459912
401922,Samuel Chukwueze,Fulham,2526,26.0,MF,17999999.999999985,10713688.812963098,-7286311.187036887,-40.47950659464941,7286311.187036887
404842,Vitaliy Mykolenko,Everton,2526,26.0,DF,24999999.999999963,22506238.313014973,-2493761.68698499,-9.975046747939974,2493761.68698499
406634,Matt O'Riley,Brighton,2526,24.0,MF,17999999.999999985,15844115.537272027,-2155884.4627279583,-11.977135904044223,2155884.4627279583
406635,Phil Foden,Manchester City,2526,25.0,MF,69999999.99999967,75814923.09989734,5814923.099897668,8.30703299985385,5814923.099897668
410225,Ismaila Sarr,Crystal Palace,2526,27.0,MF,39999999.999999985,26695964.39627669,-13304035.603723295,-33.26008900930825,13304035.603723295
410425,Yves Bissouma,Tottenham,2526,28.0,MF,9999999.999999996,9574241.051086387,-425758.9489136096,-4.257589489136097,425758.9489136096
410708,Pascal Struijk,Leeds United,2526,25.0,DF,22000000.000000007,23665886.710352693,1665886.7103526853,7.5722123197849305,1665886.7103526853
411537,Zian Flemming,Burnley,2526,26.0,FW,12000000.000000007,11213036.732352594,-786963.2676474135,-6.558027230395108,786963.2676474135
413039,Bryan Mbeumo,Manchester Utd,2526,25.0,MF/FW,75000000.0000003,65435509.56231415,-9564490.437686145,-12.752653916914811,9564490.437686145
413220,James Justin,Leeds United,2526,27.0,DF/MF,12000000.000000007,11580034.221516639,-419965.77848336846,-3.499714820694735,419965.77848336846
413403,Ezri Konsa,Aston Villa,2526,27.0,DF,39999999.999999985,28967402.56975208,-11032597.430247907,-27.581493575619774,11032597.430247907
413507,Nikola Milenković,Nottingham,2526,27.0,DF,27999999.99999999,25713073.901491407,-2286926.0985085815,-8.167593208959223,2286926.0985085815
414908,Marshall Munetsi,Wolves,2526,29.0,MF/FW,15000000.00000001,7756223.007442246,-7243776.992557763,-48.291846617051725,7243776.992557763
415381,Mats Wieffer,Brighton,2526,25.0,DF,24999999.999999963,26379472.379795462,1379472.3797954991,5.517889519182004,1379472.3797954991
415912,Konstantinos Mavropanos,West Ham,2526,27.0,DF,17999999.999999985,15917936.260737915,-2082063.7392620705,-11.567020773678179,2082063.7392620705
415970,Joe Worrall,Burnley,2526,28.0,DF,2000000.0000000016,3543063.8737120274,1543063.8737120258,77.15319368560122,1543063.8737120258
417346,Jack Harrison,Leeds United,2526,28.0,FW,6499999.999999999,6353138.812250827,-146861.18774917163,-2.2594028884487947,146861.18774917163
418560,Erling Haaland,Manchester City,2526,25.0,FW,200000000.0000001,190056441.83537814,-9943558.16462195,-4.971779082310972,9943558.16462195
420002,Jean-Philippe Mateta,Crystal Palace,2526,28.0,FW,30000000.00000005,29304501.41934928,-695498.5806507692,-2.3183286021692266,695498.5806507692
420210,Lutsharel Geertruida,Sunderland,2526,25.0,DF/MF,20000000.000000015,18033591.60570028,-1966408.3942997344,-9.832041971498665,1966408.3942997344
420243,Jurriën Timber,Arsenal,2526,24.0,DF,69999999.99999967,67678581.29524451,-2321418.704755157,-3.316312435364526,2321418.704755157
423440,Martín Zubimendi,Arsenal,2526,26.0,MF,75000000.0000003,68607718.11773029,-6392281.882270008,-8.52304250969331,6392281.882270008
424015,Nathan Patterson,Everton,2526,23.0,DF,9999999.999999996,8330701.194754961,-1669298.8052450353,-16.692988052450357,1669298.8052450353
425334,Matty Cash,Aston Villa,2526,27.0,DF,22000000.000000007,21096067.465428848,-903932.5345711596,-4.108784248050725,903932.5345711596
425902,Ryan Yates,Nottingham,2526,27.0,MF,6999999.999999995,8152122.04920187,1152122.049201875,16.458886417169655,1152122.049201875
429014,Morgan Gibbs-White,Nottingham,2526,25.0,MF,69999999.99999967,60003258.051854,-9996741.948145673,-14.281059925922456,9996741.948145673
429915,Maxim De Cuyper,Brighton,2526,24.0,DF/MF,22000000.000000007,21745567.085294984,-254432.91470502317,-1.1565132486591958,254432.91470502317
429983,Jørgen Strand Larsen,Wolves,2526,25.0,FW,39999999.999999985,32504205.927401654,-7495794.072598331,-18.739485181495834,7495794.072598331
432164,Igor Jesus,Nottingham,2526,24.0,FW,24999999.999999963,22650225.886158988,-2349774.113840975,-9.399096455363914,2349774.113840975
433177,Bukayo Saka,Arsenal,2526,23.0,MF/FW,110000000.00000012,121113857.45050249,11113857.450502366,10.103506773183959,11113857.450502366
433188,Curtis Jones,Liverpool,2526,24.0,DF/MF,35000000.000000015,38013149.454092346,3013149.454092331,8.6089984402638,3013149.454092331
434224,Maxence Lacroix,Crystal Palace,2526,25.0,DF,50000000.00000009,36705135.93925055,-13294864.060749538,-26.58972812149903,13294864.060749538
434675,Cody Gakpo,Liverpool,2526,26.0,MF/FW,60000000.0000001,59385466.779407255,-614533.2205928415,-1.0242220343214008,614533.2205928415
435338,Gabriel Magalhães,Arsenal,2526,27.0,DF,75000000.0000003,68986377.42326373,-6013622.576736569,-8.018163435648727,6013622.576736569
435648,Joshua Zirkzee,Manchester Utd,2526,24.0,MF/FW,20000000.000000015,22672534.55667384,2672534.556673825,13.362672783369115,2672534.556673825
438001,Santiago Bueno,Wolves,2526,26.0,DF,9999999.999999996,11352805.332388673,1352805.3323886767,13.528053323886772,1352805.3323886767
442248,Ethan Pinnock,Brentford,2526,32.0,DF,3000000.000000001,2746037.1941261264,-253962.80587387457,-8.465426862462483,253962.80587387457
444523,Lucas Paquetá,West Ham,2526,27.0,MF/FW,31999999.999999955,29768757.730814885,-2231242.26918507,-6.972632091203352,2231242.26918507
445939,Omar Marmoush,Manchester City,2526,26.0,MF/FW,50000000.00000009,47395581.96406113,-2604418.035938956,-5.2088360718779025,2604418.035938956
447661,Douglas Luiz,Aston Villa,2526,27.0,MF,17999999.999999985,18619889.66465929,619889.6646593064,3.443831470329483,619889.6646593064
450050,Jean-Ricner Bellegarde,Wolves,2526,27.0,MF/FW,16000000.000000026,11699919.052541982,-4300080.947458044,-26.87550592161273,4300080.947458044
451276,Dominik Szoboszlai,Liverpool,2526,24.0,DF/MF,99999999.99999991,83528454.76598567,-16471545.234014243,-16.471545234014258,16471545.234014243
455661,Nick Woltemade,Newcastle,2526,23.0,MF/FW,55000000.000000075,61744802.64756058,6744802.647560507,12.263277541019086,6744802.647560507
460939,Tijjani Reijnders,Manchester City,2526,27.0,MF,50000000.00000009,47028270.13280621,-2971729.8671938777,-5.943459734387744,2971729.8671938777
461883,Calvin Bassey,Fulham,2526,25.0,DF,27999999.99999999,28114709.06232597,114709.06232598051,0.40967522259278777,114709.06232598051
463603,Benoît Badiashile,Chelsea,2526,24.0,DF,15000000.00000001,15395904.577852948,395904.5778529383,2.6393638523529206,395904.5778529383
463605,Bafodé Diakité,Bournemouth,2526,24.0,DF,24999999.999999963,29845287.260894675,4845287.260894712,19.381149043578876,4845287.260894712
465717,Jayden Bogle,Leeds United,2526,25.0,DF/MF,15000000.00000001,11054772.750349091,-3945227.249650918,-26.30151499767277,3945227.249650918
466805,Nicolás González,Manchester City,2526,23.0,MF,39999999.999999985,44856004.02093555,4856004.020935565,12.140010052338917,4856004.020935565
467623,Lyle Foster,Burnley,2526,24.0,MF/FW,8000000.000000002,11037192.086931031,3037192.0869310293,37.96490108663786,3037192.0869310293
469050,Nathan Collins,Brentford,2526,24.0,DF,30000000.00000005,38084156.43209493,8084156.432094883,26.9471881069829,8084156.432094883
469781,Marcos Senesi,Bournemouth,2526,28.0,DF,24999999.999999963,23107680.579439312,-1892319.4205606505,-7.569277682242613,1892319.4205606505
470607,Brennan Johnson,Crystal Palace,2526,24.0,MF/FW,30000000.00000005,28673570.23653909,-1326429.7634609602,-4.421432544869861,1326429.7634609602
472423,Reece James,Chelsea,2526,25.0,DF/MF,60000000.0000001,46478667.60289755,-13521332.39710255,-22.53555399517088,13521332.39710255
473050,Kevin Schade,Brentford,2526,23.0,MF/FW,35000000.000000015,35753998.09559597,753998.0955959558,2.1542802731313015,753998.0955959558
473169,Brian Brobbey,Sunderland,2526,23.0,FW,30000000.00000005,21947911.089645676,-8052088.910354372,-26.840296367847866,8052088.910354372
474701,Crysencio Summerville,West Ham,2526,23.0,MF/FW,35000000.000000015,25184327.66553596,-9815672.334464055,-28.044778098468715,9815672.334464055
475188,Kiernan Dewsbury-Hall,Everton,2526,26.0,MF,35000000.000000015,29728734.97197682,-5271265.0280231945,-15.060757222923407,5271265.0280231945
475411,Wesley Fofana,Chelsea,2526,24.0,DF,27999999.99999999,30075490.023713876,2075490.0237138867,7.412464370406742,2075490.0237138867
475959,Joško Gvardiol,Manchester City,2526,23.0,DF,69999999.99999967,69609417.17101151,-390582.82898816466,-0.557975469983095,390582.82898816466
476701,Manuel Ugarte,Manchester Utd,2526,24.0,MF,24999999.999999963,24033121.606393352,-966878.3936066106,-3.8675135744264484,966878.3936066106
477758,Aaron Wan-Bissaka,West Ham,2526,27.0,DF/MF,15000000.00000001,17243472.23300905,2243472.233009042,14.956481553393605,2243472.233009042
478573,Ryan Gravenberch,Liverpool,2526,23.0,MF,80000000.00000045,89219206.13059683,9219206.130596384,11.524007663245415,9219206.130596384
479999,Eberechi Eze,Arsenal,2526,27.0,MF/FW,65000000.00000007,49517344.0615846,-15482655.938415468,-23.81947067448531,15482655.938415468
480762,Lisandro Martínez,Manchester Utd,2526,27.0,DF,39999999.999999985,27019648.0376343,-12980351.962365687,-32.450879905914235,12980351.962365687
483348,Djed Spence,Tottenham,2526,24.0,DF/MF,30000000.00000005,25945181.14116465,-4054818.858835399,-13.516062862784642,4054818.858835399
484547,Jeremie Frimpong,Liverpool,2526,24.0,DF/MF,35000000.000000015,28394461.522269584,-6605538.477730431,-18.872967079229795,6605538.477730431
485583,Ki-Jana Hoever,Wolves,2526,23.0,DF/MF,3500000.0000000056,4944637.525194022,1444637.5251940163,41.275357862686114,1444637.5251940163
485585,Ian Maatsen,Aston Villa,2526,23.0,DF,30000000.00000005,24939930.582362268,-5060069.41763778,-16.86689805879257,5060069.41763778
485706,Amadou Onana,Aston Villa,2526,23.0,MF,44999999.999999985,40905533.928735,-4094466.071264982,-9.098813491699964,4094466.071264982
486049,Jeremy Doku,Manchester City,2526,23.0,MF/FW,75000000.0000003,76330856.59024872,1330856.5902484208,1.7744754536645542,1330856.5902484208
487465,Pedro Neto,Chelsea,2526,25.0,MF/FW,60000000.0000001,51927292.61496434,-8072707.385035753,-13.4545123083929,8072707.385035753
487969,Randal Kolo Muani,Tottenham,2526,26.0,MF/FW,20000000.000000015,18748528.087934934,-1251471.9120650813,-6.257359560325401,1251471.9120650813
488362,Conor Gallagher,Tottenham,2526,25.0,MF,31999999.999999955,26164711.109513097,-5835288.890486859,-18.23527778277146,5835288.890486859
489359,Ao Tanaka,Leeds United,2526,26.0,MF,13000000.000000013,9265468.374019621,-3734531.625980392,-28.727166353695292,3734531.625980392
493003,Daniel Muñoz,Crystal Palace,2526,29.0,MF,22000000.000000007,22620460.740162183,620460.7401621751,2.8202760916462495,620460.7401621751
494237,Wilson Isidor,Sunderland,2526,24.0,FW,17999999.999999985,17434848.83922151,-565151.1607784741,-3.1397286709915253,565151.1607784741
494880,Jorge Cuenca,Fulham,2526,25.0,DF,8000000.000000002,5338577.138385488,-2661422.861614514,-33.26778577018142,2661422.861614514
495666,William Saliba,Arsenal,2526,24.0,DF,99999999.99999991,96429064.7429197,-3570935.2570802122,-3.5709352570802153,3570935.2570802122
497291,Nicolás Domínguez,Nottingham,2526,27.0,MF,15000000.00000001,13467667.668895114,-1532332.331104895,-10.215548874032628,1532332.331104895
500689,Evann Guessand,Aston Villa,2526,24.0,MF,24999999.999999963,21733124.494816337,-3266875.505183626,-13.067502020734523,3266875.505183626
502821,Riccardo Calafiori,Arsenal,2526,23.0,DF,55000000.000000075,50846642.67142341,-4153357.3285766616,-7.551558779230285,4153357.3285766616
503680,Neco Williams,Nottingham,2526,24.0,DF,27999999.99999999,26201034.185132936,-1798965.8148670532,-6.424877910239478,1798965.8148670532
503686,Daniel Ballard,Sunderland,2526,25.0,DF,20000000.000000015,17795418.427917544,-2204581.572082471,-11.022907860412348,2204581.572082471
503733,Anthony Gordon,Newcastle,2526,24.0,FW,65000000.00000007,46651977.135439895,-18348022.864560172,-28.227727483938697,18348022.864560172
503743,Morgan Rogers,Aston Villa,2526,23.0,MF,90000000.00000004,67359442.16775762,-22640557.83224243,-25.15617536915824,22640557.83224243
503749,Jacob Ramsey,Newcastle,2526,24.0,MF,35000000.000000015,32712835.425295886,-2287164.5747041292,-6.534755927726081,2287164.5747041292
503981,Tino Livramento,Newcastle,2526,22.0,DF,44999999.999999985,39424121.84133715,-5575878.158662833,-12.390840352584078,5575878.158662833
503987,Noni Madueke,Arsenal,2526,23.0,MF/FW,50000000.00000009,43902923.343943715,-6097076.656056374,-12.194153312112727,6097076.656056374
504849,Kaoru Mitoma,Brighton,2526,28.0,MF/FW,22000000.000000007,21834191.01231702,-165808.987682987,-0.7536772167408498,165808.987682987
505219,James Garner,Everton,2526,24.0,DF/MF,44999999.999999985,31444696.87950984,-13555303.120490145,-30.122895823311442,13555303.120490145
514285,Quilindschy Hartman,Burnley,2526,23.0,DF,16000000.000000026,18796957.456906524,2796957.4569064975,17.48098410566558,2796957.4569064975
515544,Trai Hume,Sunderland,2526,23.0,DF/MF,22000000.000000007,21008845.19167062,-991154.8083293885,-4.505249128769946,991154.8083293885
517894,Matheus Cunha,Manchester Utd,2526,26.0,MF/FW,75000000.0000003,60099157.928390995,-14900842.071609303,-19.867789428812326,14900842.071609303
520624,Bruno Guimarães,Newcastle,2526,27.0,MF,69999999.99999967,66026249.449808136,-3973750.5501915365,-5.67678650027365,3973750.5501915365
521964,Malick Thiaw,Newcastle,2526,23.0,DF,44999999.999999985,50270604.15607991,5270604.156079926,11.712453680177616,5270604.156079926
522784,Valentín Castellanos,West Ham,2526,26.0,FW,27999999.99999999,23070075.122024443,-4929924.877975546,-17.606874564198385,4929924.877975546
524285,Luca Netz,Nottingham,2526,22.0,DF/MF,8000000.000000002,6685187.928828085,-1314812.071171917,-16.43515088964896,1314812.071171917
525247,Max Kilman,West Ham,2526,28.0,DF,13000000.000000013,15930352.430908043,2930352.43090803,22.54117254544636,2930352.43090803
532776,Amine Adli,Bournemouth,2526,25.0,MF,20000000.000000015,19404371.406680375,-595628.5933196396,-2.9781429665981953,595628.5933196396
534033,Alexis Mac Allister,Liverpool,2526,26.0,MF,69999999.99999967,59582421.029084586,-10417578.970915087,-14.882255672735909,10417578.970915087
536835,Amad Diallo,Manchester Utd,2526,23.0,MF,44999999.999999985,51559139.84600108,6559139.846001096,14.575866324446885,6559139.846001096
538977,Georginio Rutter,Brighton,2526,23.0,MF/FW,30000000.00000005,31897355.03032904,1897355.0303289928,6.324516767763299,1897355.0303289928
540664,Dilane Bakwa,Nottingham,2526,22.0,MF,27999999.99999999,24743033.892715767,-3256966.107284222,-11.632021811729368,3256966.107284222
540941,Mikkel Damsgaard,Brentford,2526,25.0,MF,30000000.00000005,28235743.448786587,-1764256.551213462,-5.880855170711531,1764256.551213462
541231,Sepp van den Berg,Brentford,2526,23.0,DF,31999999.999999955,32817256.357979618,817256.3579796627,2.5539261186864497,817256.3579796627
543499,Mohammed Kudus,Tottenham,2526,24.0,MF/FW,50000000.00000009,50684172.69628855,684172.696288459,1.3683453925769156,684172.696288459
553875,Pedro Porro,Tottenham,2526,25.0,DF,35000000.000000015,35520215.81545846,520215.81545844674,1.4863309013098471,520215.81545844674
556385,Destiny Udogie,Tottenham,2526,22.0,DF/MF,30000000.00000005,32889047.58220266,2889047.5822026134,9.630158607342029,2889047.5822026134
557459,Micky van de Ven,Tottenham,2526,24.0,DF,50000000.00000009,60359070.798935436,10359070.798935346,20.718141597870655,10359070.798935346
566931,Xavi Simons,Tottenham,2526,22.0,MF/FW,39999999.999999985,51798820.61614657,11798820.616146587,29.497051540366474,11798820.616146587
567576,Elliot Anderson,Nottingham,2526,22.0,MF,75000000.0000003,74811959.53794633,-188040.4620539695,-0.25072061607195834,188040.4620539695
568006,Dennis Cirkin,Sunderland,2526,23.0,DF,6000000.0,7460740.743480644,1460740.7434806442,24.345679058010735,1460740.7434806442
568157,Yéremy Pino,Crystal Palace,2526,22.0,MF/FW,30000000.00000005,37632323.77928782,7632323.779287774,25.441079264292537,7632323.779287774
568177,Cole Palmer,Chelsea,2526,23.0,MF,99999999.99999991,95852962.65338448,-4147037.3466154337,-4.147037346615438,4147037.3466154337
568559,Radu Drăgușin,Tottenham,2526,23.0,DF,16000000.000000026,16616167.895545756,616167.8955457304,3.8510493471608087,616167.8955457304
568693,Pape Matar Sarr,Tottenham,2526,22.0,MF,30000000.00000005,38387568.814284846,8387568.814284798,27.958562714282614,8387568.814284798
571743,Armando Broja,Burnley,2526,23.0,FW,4999999.999999999,10097759.404171955,5097759.404171956,101.95518808343913,5097759.404171956
576314,Jan Paul van Hecke,Brighton,2526,25.0,DF,44999999.999999985,40489762.39819227,-4510237.6018077135,-10.022750226239367,4510237.6018077135
578391,Rayan Aït-Nouri,Manchester City,2526,24.0,DF,39999999.999999985,37374130.80676263,-2625869.193237357,-6.564672983093395,2625869.193237357
578539,Chris Richards,Crystal Palace,2526,25.0,DF,27999999.99999999,28018888.78757757,18888.78757758066,0.06745995563421667,18888.78757758066
583189,Anthony Elanga,Newcastle,2526,23.0,MF/FW,31999999.999999955,35099755.176480345,3099755.17648039,9.686734926501233,3099755.17648039
583199,James Mcatee,Nottingham,2526,22.0,MF,17999999.999999985,18558400.121223833,558400.1212238483,3.102222895688049,558400.1212238483
583255,Antoine Semenyo,Bournemouth,2526,25.0,MF,80000000.00000045,75572503.19600175,-4427496.803998694,-5.534371004998336,4427496.803998694
584769,Dwight McNeil,Everton,2526,25.0,MF,17999999.999999985,16367917.621215366,-1632082.3787846193,-9.067124326581226,1632082.3787846193
588989,Jhon Arias,Wolves,2526,27.0,MF/FW,15000000.00000001,12510854.720545484,-2489145.2794545256,-16.59430186303016,2489145.2794545256
591949,Aaron Hickey,Brentford,2526,23.0,DF/MF,16000000.000000026,14963339.996426359,-1036660.0035736673,-6.47912502233541,1036660.0035736673
595809,Beto,Everton,2526,27.0,FW,17999999.999999985,18946978.70786624,946978.7078662552,5.2609928214792,946978.7078662552
598577,Florian Wirtz,Liverpool,2526,22.0,MF,99999999.99999991,107355293.53834216,7355293.538342252,7.355293538342258,7355293.538342252
601883,Matheus Nunes,Manchester City,2526,26.0,DF,50000000.00000009,43533892.31359565,-6466107.686404437,-12.93221537280885,6466107.686404437
605184,Jean-Clair Todibo,West Ham,2526,25.0,DF,22000000.000000007,19494947.548482228,-2505052.4515177794,-11.38660205235354,2505052.4515177794
606718,Toti Gomes,Wolves,2526,26.0,DF,17999999.999999985,17326251.009557366,-673748.9904426187,-3.7430499469034406,673748.9904426187
607223,Rayan Cherki,Manchester City,2526,21.0,MF,90000000.00000004,68522990.27243805,-21477009.727561995,-23.86334414173554,21477009.727561995
607224,Hannibal Mejbri,Burnley,2526,22.0,MF,15000000.00000001,15240636.353762077,240636.35376206785,1.6042423584137846,240636.35376206785
607226,Loum Tchaouna,Burnley,2526,21.0,MF/FW,13000000.000000013,16598396.564781765,3598396.5647817515,27.679973575244215,3598396.5647817515
608832,Merlin Röhl,Everton,2526,23.0,MF,16000000.000000026,15775001.957420945,-224998.0425790809,-1.4062377661192533,224998.0425790809
609556,William Osula,Newcastle,2526,21.0,FW,27999999.99999999,20741605.970607743,-7258394.029392246,-25.922835819258033,7258394.029392246
610849,Liam Delap,Chelsea,2526,22.0,FW,27999999.99999999,28923373.556333255,923373.5563332662,3.297762701190238,923373.5563332662
611793,James Hill,Bournemouth,2526,23.0,DF,22999999.999999974,11498727.190845009,-11501272.809154965,-50.005533952847735,11501272.809154965
612517,Bashir Humphreys,Burnley,2526,22.0,DF/MF,12000000.000000007,14506830.38900068,2506830.389000673,20.89025324167226,2506830.389000673
614258,Levi Colwill,Chelsea,2526,22.0,DF,50000000.00000009,43869339.81985532,-6130660.180144772,-12.261320360289522,6130660.180144772
620322,Malo Gusto,Chelsea,2526,22.0,DF/MF,35000000.000000015,37693313.840067066,2693313.8400670514,7.695182400191572,2693313.8400670514
623570,Iliman Ndiaye,Everton,2526,25.0,MF,55000000.000000075,47804322.19884477,-7195677.801155306,-13.083050547555084,7195677.801155306
624258,Conor Bradley,Liverpool,2526,22.0,DF,24999999.999999963,27426530.61831437,2426530.6183144078,9.706122473257645,2426530.6183144078
626724,João Pedro,Chelsea,2526,23.0,MF/FW,80000000.00000045,76596273.11340275,-3403726.886597693,-4.254658608247093,3403726.886597693
627442,Benjamin Šeško,Manchester Utd,2526,22.0,FW,75000000.0000003,62022624.85736681,-12977375.14263349,-17.303166856844584,12977375.14263349
627626,Wilfried Gnonto,Leeds United,2526,21.0,FW,16000000.000000026,18946229.53320925,2946229.5332092233,18.413934582557616,2946229.5332092233
628451,Roméo Lavia,Chelsea,2526,21.0,MF,22000000.000000007,24663296.788938727,2663296.78893872,12.105894495175995,2663296.78893872
633992,Enzo Le Fée,Sunderland,2526,25.0,MF/FW,27999999.99999999,23506972.503591076,-4493027.496408913,-16.046526772888985,4493027.496408913
644401,Keane Lewis-Potter,Brentford,2526,24.0,DF/MF,24999999.999999963,20787745.497157063,-4212254.502842899,-16.849018011371623,4212254.502842899
645686,Lamare Bogarde,Aston Villa,2526,21.0,DF/MF,17999999.999999985,11899011.289267028,-6100988.710732957,-33.894381726294235,6100988.710732957
646750,Cristhian Mosquera,Arsenal,2526,21.0,DF,39999999.999999985,37559349.775396004,-2440650.224603981,-6.1016255615099535,2440650.224603981
648195,Enzo Fernández,Chelsea,2526,24.0,MF,90000000.00000004,85931159.33446911,-4068840.665530935,-4.520934072812147,4068840.665530935
654539,Adrien Truffert,Bournemouth,2526,23.0,DF,30000000.00000005,27127666.25063633,-2872333.7493637167,-9.574445831212373,2872333.7493637167
655488,Gabriel Martinelli,Arsenal,2526,24.0,MF/FW,44999999.999999985,34391881.91528441,-10608118.084715575,-23.573595743812398,10608118.084715575
658536,Simon Adingra,Sunderland,2526,23.0,MF/FW,22000000.000000007,18263387.0742932,-3736612.9257068075,-16.98460420775821,3736612.9257068075
659813,Piero Hincapié,Arsenal,2526,23.0,DF,50000000.00000009,48275416.3421447,-1724583.6578553915,-3.449167315710777,1724583.6578553915
661053,Jarrad Branthwaite,Everton,2526,23.0,DF,39999999.999999985,38111128.92766043,-1888871.072339557,-4.722177680848894,1888871.072339557
661207,Oscar Bobb,Fulham,2526,22.0,MF,27999999.99999999,24725896.832135167,-3274103.167864822,-11.693225599517225,3274103.167864822
661427,David Møller Wolfe,Wolves,2526,23.0,DF/MF,8000000.000000002,9301283.904908339,1301283.9049083367,16.266048811354207,1301283.9049083367
667121,Rodrigo Gomes,Wolves,2526,22.0,MF/FW,15000000.00000001,15281879.445133306,281879.4451332968,1.8791963008886439,281879.4451332968
667287,Yasin Ayari,Brighton,2526,21.0,MF,35000000.000000015,33516297.096540753,-1483702.903459262,-4.239151152740747,1483702.903459262
670858,Lewis Hall,Newcastle,2526,20.0,DF,39999999.999999985,38226209.74620262,-1773790.2537973672,-4.4344756344934195,1773790.2537973672
670882,Jamie Gittens,Chelsea,2526,20.0,MF,30000000.00000005,35051780.17112023,5051780.171120178,16.839267237067233,5051780.171120178
673492,Morato,Nottingham,2526,24.0,DF,14000000.00000001,14689419.745228851,689419.7452288419,4.924426751634582,689419.7452288419
683571,Tolu Arokodare,Wolves,2526,24.0,FW,20000000.000000015,20660766.637741372,660766.6377413571,3.303833188706783,660766.6377413571
683895,Emmanuel Agbadou,Wolves,2526,28.0,DF,16000000.000000026,11966227.873880543,-4033772.1261194833,-25.211075788246728,4033772.1261194833
684210,Jaidon Anthony,Burnley,2526,25.0,MF,20000000.000000015,16535773.214169439,-3464226.785830576,-17.321133929152868,3464226.785830576
687626,Moisés Caicedo,Chelsea,2526,23.0,MF,99999999.99999991,94183824.8568851,-5816175.143114805,-5.81617514311481,5816175.143114805
689637,Chadi Riad,Crystal Palace,2526,22.0,DF,15000000.00000001,12173953.075911876,-2826046.9240881335,-18.84031282725421,2826046.9240881335
696181,Romaine Mundle,Sunderland,2526,22.0,MF,6999999.999999995,6226938.331168685,-773061.6688313102,-11.043738126161582,773061.6688313102
696589,Tim Iroegbunam,Everton,2526,22.0,MF,17999999.999999985,14788286.345206898,-3211713.6547930874,-17.84285363773939,3211713.6547930874
698164,Freddie Potts,West Ham,2526,21.0,MF,9999999.999999996,10184479.728415184,184479.72841518745,1.8447972841518752,184479.72841518745
698678,Hugo Bueno,Wolves,2526,22.0,DF/MF,12000000.000000007,13294034.912281621,1294034.9122816138,10.783624269013442,1294034.9122816138
700106,Brajan Gruda,Brighton,2526,21.0,MF,27999999.99999999,27275903.86472569,-724096.1352742985,-2.5860576259796386,724096.1352742985
701057,Rico Lewis,Manchester City,2526,20.0,DF,27999999.99999999,31017529.470799614,3017529.470799625,10.776890967141522,3017529.470799625
708072,Nicolò Savona,Nottingham,2526,22.0,DF,15000000.00000001,16608930.711504377,1608930.711504368,10.726204743362446,1608930.711504368
709726,Hugo Ekitike,Liverpool,2526,23.0,FW,80000000.00000045,83964746.47656557,3964746.4765651226,4.955933095706375,3964746.4765651226
711337,Evanilson,Bournemouth,2526,25.0,FW,35000000.000000015,37663478.15740293,2663478.1574029177,7.609937592579762,2663478.1574029177
711544,Jake O'Brien,Everton,2526,24.0,DF,17999999.999999985,17790676.15540284,-209323.84459714592,-1.1629102477619229,209323.84459714592
711999,Lesley Ugochukwu,Burnley,2526,21.0,MF,22000000.000000007,29114080.307793908,7114080.3077939,32.336728671790446,7114080.3077939
716276,Yerson Mosquera,Wolves,2526,24.0,DF,12000000.000000007,12031077.48866238,31077.488662373275,0.2589790721864438,31077.488662373275
717411,Yehor Yarmoliuk,Brentford,2526,21.0,MF,31999999.999999955,31740536.53676218,-259463.46323777363,-0.8108233226180437,259463.46323777363
727089,Noah Sadiki,Sunderland,2526,20.0,MF,35000000.000000015,30144360.127925962,-4855639.872074053,-13.873256777354431,4855639.872074053
730861,Milos Kerkez,Liverpool,2526,21.0,DF,35000000.000000015,43967536.2546799,8967536.254679888,25.621532156228245,8967536.254679888
730893,Tyrick Mitchell,Crystal Palace,2526,25.0,MF,24999999.999999963,24720087.957400654,-279912.04259930924,-1.1196481703972387,279912.04259930924
735570,João Gomes,Wolves,2526,24.0,MF,39999999.999999985,39597239.28845543,-402760.7115445584,-1.0069017788613963,402760.7115445584
735571,Rodrigo Muniz,Fulham,2526,24.0,FW,20000000.000000015,19582788.081128687,-417211.91887132823,-2.0860595943566396,417211.91887132823
739443,Igor Thiago,Brentford,2526,24.0,FW,65000000.00000007,50570342.55119505,-14429657.44880502,-22.199472998161546,14429657.44880502
741238,Omari Hutchinson,Nottingham,2526,21.0,MF,30000000.00000005,32650702.113182265,2650702.113182217,8.835673710607375,2650702.113182217
741257,Álex Jiménez,Bournemouth,2526,20.0,DF/MF,22000000.000000007,22796930.49077075,796930.4907707423,3.6224113216851914,796930.4907707423
743384,Chemsdine Talbi,Sunderland,2526,20.0,MF/FW,24999999.999999963,24637528.50644194,-362471.4935580231,-1.4498859742320946,362471.4935580231
743498,Wilson Odobert,Tottenham,2526,20.0,MF/FW,17999999.999999985,24299247.710653927,6299247.710653942,34.99582061474415,6299247.710653942
743591,Sávio,Manchester City,2526,21.0,MF,35000000.000000015,40118331.20048246,5118331.200482443,14.623803429949831,5118331.200482443
743600,Andrey Santos,Chelsea,2526,21.0,MF,39999999.999999985,38703692.365063176,-1296307.6349368095,-3.240769087342025,1296307.6349368095
744149,Adam Wharton,Crystal Palace,2526,21.0,MF,69999999.99999967,63929183.1284873,-6070816.871512376,-8.672595530732007,6070816.871512376
745181,Soungoutou Magassa,West Ham,2526,21.0,MF,16999999.999999974,18032197.707458362,1032197.7074583881,6.071751220343469,1032197.7074583881
747009,Justin Devenny,Crystal Palace,2526,21.0,MF/FW,12000000.000000007,7144018.458693349,-4855981.541306659,-40.46651284422213,4855981.541306659
748319,Carlos Alcaraz,Everton,2526,22.0,MF,15000000.00000001,15257084.093667809,257084.0936677996,1.7138939577853296,257084.0936677996
763079,Abdukodir Khusanov,Manchester City,2526,21.0,DF,50000000.00000009,37137133.62297589,-12862866.377024196,-25.725732754048348,12862866.377024196
800176,André,Wolves,2526,24.0,MF,24999999.999999963,27724319.230173882,2724319.2301739193,10.897276920695694,2724319.2301739193
801734,Mathys Tel,Tottenham,2526,20.0,MF/FW,22000000.000000007,34219719.30989449,12219719.30989448,55.54417868133853,12219719.30989448
811779,Alejandro Garnacho,Chelsea,2526,21.0,MF,27999999.99999999,42976099.98649305,14976099.986493062,53.48607138033239,14976099.986493062
817665,Pablo,West Ham,2526,21.0,MF/FW,17999999.999999985,7231420.042897956,-10768579.957102029,-59.825444206122434,10768579.957102029
820374,Kobbie Mainoo,Manchester Utd,2526,20.0,MF,69999999.99999967,46302012.86107205,-23697987.138927624,-33.85426734132533,23697987.138927624
823231,Dango Ouattara,Brentford,2526,23.0,MF,35000000.000000015,33389255.324882697,-1610744.6751173176,-4.6021276431923335,1610744.6751173176
823486,Michael Kayode,Brentford,2526,21.0,DF,39999999.999999985,36572487.776078716,-3427512.223921269,-8.568780559803175,3427512.223921269
842341,Maxime Estève,Burnley,2526,23.0,DF,27999999.99999999,27020901.109684836,-979098.8903151527,-3.4967817511255466,979098.8903151527
848509,Jackson Tchatchoua,Wolves,2526,23.0,DF/MF,12000000.000000007,12150114.103787119,150114.10378711112,1.250950864892592,150114.10378711112
855256,Alex Scott,Bournemouth,2526,21.0,MF,50000000.00000009,39077953.85023193,-10922046.149768159,-21.84409229953628,10922046.149768159
866246,Lucas Bergvall,Tottenham,2526,19.0,MF,35000000.000000015,36556991.778487824,1556991.778487809,4.448547938536596,1556991.778487809
866655,Tyler Dibling,Everton,2526,19.0,MF,16999999.999999974,27268925.276998557,10268925.276998583,60.40544280587411,10268925.276998583
867688,Jack Hinshelwood,Brighton,2526,20.0,MF,27999999.99999999,28064847.00411178,64847.00411179289,0.2315964432564033,64847.00411179289
876631,Habib Diarra,Sunderland,2526,21.0,MF,35000000.000000015,31016643.834149826,-3983356.1658501886,-11.38101761671482,3983356.1658501886
880245,Mateus Fernandes,West Ham,2526,21.0,MF,50000000.00000009,45990251.92432743,-4009748.0756726563,-8.0194961513453,4009748.0756726563
890721,Myles Lewis-Skelly,Arsenal,2526,18.0,DF/MF,44999999.999999985,35327169.96758079,-9672830.032419197,-21.495177849820447,9672830.032419197
900195,Kevin,Fulham,2526,22.0,MF,24999999.999999963,30270319.513363734,5270319.513363771,21.081278053455115,5270319.513363771
903611,Nilson Angulo,Sunderland,2526,22.0,MF,16999999.999999974,7599230.324156958,-9400769.675843015,-55.29864515201782,9400769.675843015
904802,Jorrel Hato,Chelsea,2526,19.0,DF,39999999.999999985,37268080.01295779,-2731919.987042196,-6.829799967605493,2731919.987042196
922563,Oliver Scarles,West Ham,2526,19.0,DF/MF,9999999.999999996,8504483.286148347,-1495516.7138516493,-14.955167138516497,1495516.7138516493
922693,Archie Gray,Tottenham,2526,19.0,DF/MF,35000000.000000015,34761224.2029036,-238775.79709641635,-0.6822165631326179,238775.79709641635
922769,Lewis Miley,Newcastle,2526,19.0,DF/MF,24999999.999999963,28264445.868228067,3264445.868228104,13.057783472912435,3264445.868228104
923831,Leny Yoro,Manchester Utd,2526,19.0,DF,50000000.00000009,55345845.73626485,5345845.736264758,10.691691472529497,5345845.736264758
926952,Patrick Dorgu,Manchester Utd,2526,20.0,MF,35000000.000000015,38164141.89087892,3164141.8908789083,9.040405402511164,3164141.8908789083
927768,Lucas,Burnley,2526,24.0,DF/MF,4000000.0000000005,5733202.728547994,1733202.7285479936,43.33006821369983,1733202.7285479936
937941,Thierno Barry,Everton,2526,22.0,FW,30000000.00000005,33645521.76982491,3645521.7698248588,12.15173923274951,3645521.7698248588
938158,Marc Guiu,Chelsea,2526,19.0,FW,12000000.000000007,14311385.757338662,2311385.7573386542,19.261547977822108,2311385.7573386542
947411,Chris Rigg,Sunderland,2526,18.0,MF,24999999.999999963,26531713.71649181,1531713.7164918482,6.1268548659674025,1531713.7164918482
955357,Eli Junior Kroupi,Bournemouth,2526,19.0,MF/FW,69999999.99999967,34239159.42634872,-35760840.57365095,-51.08691510521588,35760840.57365095
967346,Eliezer Mayenda,Sunderland,2526,20.0,MF/FW,16000000.000000026,15848502.839856634,-151497.16014339216,-0.9468572508961994,151497.16014339216
973085,Carlos Baleba,Brighton,2526,21.0,MF,55000000.000000075,51538022.82455776,-3461977.1754423156,-6.294503955349656,3461977.1754423156
984096,Jair Cunha,Nottingham,2526,20.0,DF,15000000.00000001,11589942.493077038,-3410057.5069229715,-22.733716712819795,3410057.5069229715
989112,Veljko Milosavljević,Bournemouth,2526,18.0,DF,20000000.000000015,23567377.66870793,3567377.6687079147,17.83688834353956,3567377.6687079147
996897,Diego Gómez,Brighton,2526,22.0,MF/FW,24999999.999999963,31497997.049589377,6497997.049589414,25.991988198357696,6497997.049589414
1004708,Joshua Acheampong,Chelsea,2526,19.0,DF,24999999.999999963,20773396.13261432,-4226603.8673856445,-16.906415469542605,4226603.8673856445
1005649,Murillo,Nottingham,2526,23.0,DF,50000000.00000009,52134964.29269006,2134964.2926899716,4.269928585379936,2134964.2926899716
1006411,Jaydee Canvot,Crystal Palace,2526,19.0,DF,27999999.99999999,21472732.957690414,-6527267.042309575,-23.31166800824849,6527267.042309575
1012534,Yankuba Minteh,Brighton,2526,21.0,MF,44999999.999999985,45734337.990134425,734337.9901344404,1.631862200298757,734337.9901344404
1012564,Rayan,Bournemouth,2526,18.0,MF,60000000.0000001,38417993.757720985,-21582006.242279112,-35.97001040379846,21582006.242279112
1056993,Estêvão Willian,Chelsea,2526,18.0,MF,80000000.00000045,82258354.54868086,2258354.54868041,2.8229431858504963,2258354.54868041
1060087,Charalampos Kostoulas,Brighton,2526,18.0,FW,24999999.999999963,33417196.575944617,8417196.575944655,33.66878630377867,8417196.575944655
1064471,Fer López,Wolves,2526,21.0,MF,16000000.000000026,12505794.185551116,-3494205.81444891,-21.838786340305653,3494205.81444891
1078163,Ayden Heaven,Manchester Utd,2526,18.0,DF,30000000.00000005,13529215.780735478,-16470784.21926457,-54.90261406421515,16470784.21926457
1107733,Harrison Armstrong,Everton,2526,18.0,MF,12000000.000000007,2257020.990008285,-9742979.009991722,-81.19149174993096,9742979.009991722
1111589,El Hadji Malick Diouf,West Ham,2526,20.0,DF/MF,27999999.99999999,33423608.799546573,5423608.7995465845,19.370031426952096,5423608.7995465845
1193867,Pedro Lima,Wolves,2526,19.0,MF,4000000.0000000005,4732444.096432367,732444.0964323669,18.31110241080917,732444.0964323669
